name,calories,protein,carbs,fat,fiber
Arokya Full Cream Milk (100ml),64.0,3.3,4.7,3.6,0.0
Arokya Toned Milk (100ml),58.0,3.2,4.7,3.1,0.0
Yogabar Wholegrain Oatmeal (100g),398.0,13.6,62.0,8.0,10.5
Yogabar Muesli (100g),412.0,9.2,69.4,9.6,7.5
iD Fresh Idli Dosa Batter (100g),125.0,3.4,26.0,0.5,1.2
Apple (100g),52.0,0.3,14.0,0.2,2.4
Banana (100g),89.0,1.1,23.0,0.3,2.6
Mango (100g),60.0,0.8,15.0,0.4,1.6
Papaya (100g),43.0,0.5,11.0,0.3,1.7
Guava (100g),68.0,2.6,14.0,1.0,5.4
Pomegranate (100g),83.0,1.7,19.0,1.2,4.0
Orange (100g),47.0,0.9,12.0,0.1,2.4
Watermelon (100g),30.0,0.6,8.0,0.2,0.4
Grapes (100g),69.0,0.7,18.0,0.2,0.9
Tomato (100g),18.0,0.9,3.9,0.2,1.2
Onion (100g),40.0,1.1,9.3,0.1,1.7
Potato (Boiled - 100g),87.0,1.9,20.0,0.1,1.8
Hot tea (Garam Chai),16.14,0.39,2.58,0.53,0.0
Instant coffee,23.16,0.64,3.65,0.75,0.0
Espreso coffee,51.54,1.75,6.62,2.14,0.0
Iced tea,10.34,0.03,2.7,0.01,0.0
Raw mango drink (Aam panna),35.92,0.16,9.05,0.03,0.61
Fruit Punch (with fresh juices),36.12,0.14,9.38,0.03,0.06
Fruit Punch (with squashes),23.13,0.07,5.99,0.02,0.17
Lemonade,20.8,0.03,5.48,0.01,0.02
Lem-o-gin,21.52,0.08,5.55,0.03,0.13
Cumin infused water (Jeere/Zeere ka pani),9.09,0.17,1.86,0.11,0.46
Coco pine cooler,32.75,0.56,5.72,1.0,0.26
Summer cooler,22.43,0.37,5.43,0.04,0.2
Hot cocoa,90.1,3.36,9.23,4.56,0.0
Cold coffee with ice cream,67.85,1.57,11.24,2.11,0.01
Banana milkshake (Kele milkshake),65.31,1.84,9.15,2.37,0.26
Mango milkshake (Aam milkshake),56.9,1.73,7.23,2.35,0.26
Pineapple milkshake (Ananas milkshake),55.72,1.66,7.62,2.23,0.0
Orange milkshake (Narangi milkshake),57.42,1.86,7.11,2.52,0.0
Egg nog,97.14,4.78,8.15,5.11,0.02
Sweet Lassi (Meethi lassi),35.66,1.29,6.51,0.68,0.0
Lassi (salted),18.84,1.35,1.86,0.72,0.02
Cheese and chilli sandwich ,218.11,6.8,27.4,9.78,2.08
Egg sandwich (Ande ka sandwich),285.96,8.69,29.16,15.8,1.88
Cucumber sandwich (Kheere ka sandwich),188.6,4.8,25.77,8.0,2.45
Cheese and pineapple sandwich (Cheese aur ananas ka sandwich),257.71,8.2,29.1,12.8,2.33
Cheese and tomato sandwich (Cheese aur tamatar ke sandwich),243.32,7.92,26.92,12.27,1.97
Chicken sandwich,253.27,13.12,25.38,11.75,1.64
Peanut and tomato sandwich (Moongfali aur tamatar ka sandwich),291.43,9.53,28.54,16.14,4.03
Rainbow sandwich,272.75,7.75,34.26,12.54,2.1
Club sandwich ,235.32,7.31,18.51,15.12,1.81
Vegetarian club sandwich,198.33,5.45,19.68,11.33,2.06
Pin wheel sandwich,311.52,8.77,14.0,24.93,0.93
Carrot apple sandwich (Gajar aur seb ka sandwich),214.11,5.3,29.04,9.12,3.66
Salami sandwich,255.59,8.7,21.54,15.51,1.97
Vegetable and mayonnaise sandwich,244.26,4.47,23.2,15.4,2.35
Egg and tomato sandwich (Ande aur tamatar ka sandwich),222.11,7.66,25.9,10.51,1.77
Sweet open sandwich,244.25,4.99,39.24,8.15,2.36
Mushroom and cheese sandwich (toasted),227.42,7.79,21.01,13.01,2.28
Cheese and tomato sandwich (toasted) (Cheese aur tamatar ke sandwich (toasted)),224.58,6.82,21.42,12.95,1.78
Pea potato sandwich (toasted) (Matar aloo ka sandwich),164.9,4.6,25.17,5.43,2.89
Paneer pea sandwich (toasted) (Paneer matar ka sandwich),249.56,12.4,24.05,11.98,2.12
Chicken sandwich (toasted),167.37,12.08,18.82,5.32,1.64
Pea keema sandwich (toasted) (Matar aur keema ka sandwich),171.78,11.06,20.26,5.61,2.45
Classic club sandwich,200.83,6.74,18.49,11.56,1.62
Sesame toast,495.19,1.9,11.15,49.38,1.32
Cracked wheat porridge (Meetha daliya),81.57,2.64,8.87,4.08,0.62
Semolina porridge (Suji/Rava daliya),100.89,3.75,12.39,4.08,0.7
Oatmeal Porridge,72.85,2.6,8.77,3.22,0.39
Cornflakes with milk,117.33,3.59,14.95,5.12,0.78
Rice flakes (Chiwda/Aval),112.44,3.62,15.57,3.99,0.37
Wheat flakes,112.44,3.62,15.57,3.99,0.37
Murmura (Puffed rice),113.32,3.62,15.67,4.04,0.28
Puffed wheat (Murmure/Moori),113.32,3.62,15.67,4.04,0.28
Boiled egg (Ubla anda),45.35,4.43,0.12,3.04,0.11
Fried Egg ,223.67,11.59,0.31,19.62,0.29
Poached egg,123.87,11.98,0.37,8.19,0.3
Scrambled egg (Ande ki bhurji),155.97,10.29,1.35,12.21,0.24
Baked egg ,218.85,11.88,15.42,12.65,1.03
Plain omelette/omlet,272.41,9.66,0.64,25.74,0.12
Stuffed egg omelette/omlet,203.51,8.6,2.3,17.77,0.75
Pancake,203.36,5.68,20.49,10.82,0.65
Keema pancake,176.27,9.01,9.56,11.25,0.84
Vegetable pancake,125.18,3.87,12.24,6.57,2.48
Jam and fruit pancake,162.02,3.79,20.73,7.01,1.21
Khoa and coconut pancake,271.98,6.98,27.32,15.29,1.65
Brown stock,21.32,1.95,0.25,1.38,0.09
Vegetable stock,17.6,0.3,0.96,1.38,0.38
Chicken stock,29.88,3.69,0.37,1.51,0.1
Clear tomato soup (Tamatar ka soup),80.07,4.79,3.45,12.22,1.96
Lentil soup,31.17,9.65,3.94,11.68,2.57
Chicken consomme (Clear chicken soup),47.94,11.47,1.19,12.02,1.57
Cream of tomato soup,97.81,4.61,3.93,13.12,1.38
Cream of green peas soup,127.84,7.13,6.75,14.78,2.95
Cream of spinach soup,100.54,5.21,3.45,13.31,1.74
Cream of mixed vegetable soup,59.65,6.84,4.93,9.05,2.14
Cream of mushroom soup,117.28,6.64,3.74,15.5,1.34
Chicken sweet corn soup,28.32,14.48,1.63,12.59,0.47
Minestrone soup,42.66,9.3,3.71,11.09,1.92
Egg drop soup,26.64,12.93,1.1,13.52,0.81
Chinese cabbage and meat ball soup,484.31,5.21,1.43,56.57,0.57
French onion soup,55.61,11.41,4.28,14.39,1.01
Hot and sour soup,31.51,3.12,1.78,1.31,0.6
Talaumein soup,35.63,10.12,4.17,12.78,1.94
Cold cucumber soup (Thanda kheere ka soup),48.03,2.99,4.58,1.99,0.88
Cold summer garden soup,49.19,8.57,2.65,14.08,1.86
Chapati/Roti,202.31,5.88,35.65,3.56,6.31
Plain parantha/paratha,298.3,5.06,30.69,16.86,5.43
Potato parantha/paratha (Aloo ka parantha/paratha),205.04,3.7,23.92,10.22,4.18
Radish parantha/paratha (Mooli ka parantha/paratha),183.52,3.3,20.54,9.53,4.32
Cauliflower parantha/paratha (Phoolgobhi ka parantha/paratha),178.07,3.73,18.84,9.47,4.68
Dal parantha/paratha,268.24,6.78,30.03,13.05,6.46
Sprouted moong parantha/paratha,228.59,4.29,24.31,12.43,4.49
Pea parantha/paratha (Matar ka parantha/paratha),190.73,5.59,21.51,8.8,5.61
Keema parantha/paratha,238.09,9.41,18.36,13.91,3.44
Paneer parantha/paratha,262.97,7.98,24.33,14.62,4.0
Besan and spinach parantha/paratha (Besan aur palak ka parantha/paratha),216.49,5.54,21.39,12.09,4.39
Poori,737.63,1.35,8.22,77.61,1.46
Spinach poori (Palak poori),684.25,1.42,7.76,71.86,1.55
Methi poori,710.02,1.45,7.98,74.6,1.61
Dal stuffed poori,785.16,2.08,10.14,81.69,1.96
Potato stuffed poori (Aloo ki poori),776.74,1.52,9.4,81.35,1.64
Tandoori parantha/paratha,295.37,5.08,30.74,16.51,5.44
Boiled rice (Uble chawal),117.19,2.6,25.72,0.18,1.25
Plain pulao,140.21,2.34,21.82,4.62,1.69
Mixed vegetable pulao,113.05,2.72,17.49,3.33,2.67
Mushroom pulao,124.29,2.52,19.02,4.03,1.88
Sprouted moong pulao,112.97,2.19,17.49,3.61,1.78
Paneer pulao,581.91,1.98,8.76,59.81,0.62
Peanut pulao ,193.28,5.32,21.18,9.51,2.9
Navratan pulao,261.71,6.2,36.98,9.45,3.82
Green chickpeas pulao (Choliya pulao/Hare chane ka pulao),173.43,4.88,27.57,4.82,3.15
Mutton biryani/biriyani,190.76,7.38,22.5,7.72,2.42
Vegetable biryani/biriyani,174.61,3.16,18.56,9.51,3.31
"Lemon rice (Pulihora, Elumichai sadam, Chitranna)",176.3,4.26,21.62,7.88,2.52
Sweet rice (Meethe chawal),215.41,2.1,42.59,4.57,1.13
Curd rice (Dahi bhaat/Dahi chawal/ Perugu annam/Daddojanam/Thayir saadam),195.74,5.75,32.93,4.32,2.13
Tamarind rice (Chintapandu pulihora/Puliyodharai/Puli sadam/Huli anna),373.04,7.45,65.08,8.53,5.12
Spanish rice,164.24,4.19,31.1,2.23,2.78
Chinese fried rice,120.58,4.05,13.4,5.43,2.31
Macroni cheese pie,170.63,5.85,21.1,7.48,0.4
Vegetable chowmein,129.71,3.07,15.44,6.36,1.86
Chicken chowmein,151.33,6.33,13.3,8.23,1.64
Cheese noodle ring,133.67,6.22,13.96,6.12,1.27
Spaghetti and cheese balls in tomato sauce,508.32,2.41,7.82,52.08,0.59
Penne platter,177.4,5.04,20.87,8.71,1.09
Pasta hot pot,125.17,5.84,11.6,6.47,0.8
Chicken lasagne,187.49,10.45,13.9,10.36,0.11
Fettuccine with spinach sauce,129.21,3.1,12.19,7.83,0.77
Naan,286.45,8.05,51.75,4.99,1.91
Bhatura,793.2,1.63,10.73,82.56,0.38
Idli,137.54,4.64,28.18,0.33,2.31
Masala dosa,164.58,3.29,19.57,7.84,2.52
Semolina dosa (Suji/Rava dosa),227.05,7.3,32.84,7.12,4.04
Onion tomato uttapam,462.02,1.91,11.32,45.3,1.26
Paneer kaathi roll,285.94,6.92,20.1,19.55,2.4
Makki ki roti,263.97,3.49,24.19,16.85,5.19
Washed moong dal (Dhuli moong ki dal),50.0,2.68,5.91,1.68,1.17
Washed urad dal (Dhuli urad ki dal),61.32,2.51,5.84,2.98,1.53
Split bengal gram with bottle gourd (Channa dal with ghiya/lauki),73.25,2.79,7.1,3.6,2.72
Dry washed urad,124.71,6.85,15.66,3.5,4.06
Mixed dal,61.93,2.51,5.79,3.1,1.62
Whole moong (Moong ki dal),53.7,2.25,5.22,2.56,2.02
Whole masoor (Masoor ki dal),54.05,2.28,5.37,2.52,1.98
Whole moth (Moth ki dal),55.0,2.01,5.74,2.62,1.85
Whole urad (Urad ki dal),53.8,2.21,5.05,2.62,2.32
Moti mahal dal (Urad rajmah mix dal),103.13,3.93,8.74,5.66,3.38
Black channa curry/Bengal gram curry (Kale chane ki curry),140.68,5.67,14.11,6.61,7.99
Chickpeas curry (Safed channa curry),163.43,6.1,19.98,6.84,4.73
Lobia curry,148.99,6.06,17.88,5.62,4.57
Soyabean curry,163.28,10.43,6.76,10.19,7.34
Kidney bean curry (Rajmah curry),143.73,5.95,16.38,5.77,5.83
Sambar,96.92,3.35,10.57,4.38,3.52
Besan kadhi with pakodies,403.35,1.64,3.56,42.59,0.81
Khatta channa,202.57,6.3,21.14,10.56,5.26
Sprouted moong dal chat,32.47,1.35,6.01,0.32,1.35
Potato cauliflower (Aloo gobhi),106.18,1.9,5.99,8.13,3.02
Potato capsicum (Shimla mirch aloo),125.53,1.41,8.72,9.33,2.02
Cabbage and peas (Pattagobhi aur matar),63.88,3.24,6.24,2.64,3.99
Carrot and fenugreek leaves (Gajar methi),61.92,2.1,4.17,3.81,4.43
Potato fenugreek (Aloo methi),135.15,2.25,8.47,10.04,2.93
Brinjal bhartha (Baingan ka bhartha),65.12,1.38,4.4,4.48,3.27
Dry potato (Sookhe aloo),103.15,1.62,14.38,4.18,1.88
Beans with coconut (Nariyal aur sem/phali; Beans thoran),131.63,2.62,4.39,11.39,5.59
Cauliflower with coconut (Nariyal ke saath phoolgobhi),132.11,2.64,3.99,11.56,5.27
Carrot and cabbage with coconut (Nariyal ke saath pattagobhi aur gajar),106.61,1.82,4.99,8.62,4.52
Raw turnip with coconut ,132.15,1.8,5.78,11.47,2.79
Raw papaya with coconut (Papaya thoran),132.75,1.54,5.58,11.42,4.31
Stuffed okra (Bharwa bhindi),94.34,2.08,3.85,7.66,4.15
Stuffed round gourd (Bharwa tinde),72.8,1.1,4.02,5.75,2.1
Stuffed capsicum (Bharwa shimla mirch),90.94,1.34,8.26,5.7,2.01
Stuffed brinjal (Bharwa baingan),93.0,1.53,3.96,7.73,4.09
Stuffed tomatoes (Bharwa tamatar),93.35,3.28,6.19,6.06,2.2
Pea potato curry (Aloo matar),100.92,3.48,9.74,5.13,3.61
Pea paneer curry (Matar paneer),134.83,6.61,9.29,7.75,3.3
Pea mushroom curry (Matar mushroom),93.3,3.87,7.41,5.16,3.86
Pea curry (Matar ki sabzi),102.99,4.51,9.2,5.11,4.44
Pea vadi curry,101.95,4.64,8.9,5.08,4.28
Paneer curry,176.52,7.8,8.4,12.38,1.4
Lotus stem curry (Kamal kakdi curry),110.34,1.53,9.24,7.25,3.14
Gravy for kofta,125.59,1.75,6.31,10.35,1.96
Pea kofta curry (Matar kofta curry),595.66,2.01,4.17,63.39,1.7
Spinach kofta curry (Palak kofta curry),571.78,1.09,3.56,61.49,0.92
Paneer kofta curry,670.91,2.39,3.27,72.06,0.4
Lotus stem kofta curry (Kamal kakdi kofta curry),633.56,0.96,5.01,67.76,1.01
Raw banana kofta curry (Kela kofta curry),627.27,0.62,3.4,67.98,0.59
Cauliflower kofta curry (Phoolgobhi kofta curry),641.1,1.04,2.62,69.62,1.0
Cabbage kofta curry (Pattagobhi kofta curry),639.81,0.98,2.87,69.4,0.9
Ghiya/Lauki Kofta Curry,638.71,0.89,2.71,69.4,0.83
Spinach paneer kofta curry (Palak paneer kofta curry),606.03,1.43,2.94,65.41,0.75
Vegetarian egg kofta curry,627.41,1.33,4.26,67.24,0.64
Baked vegetables,88.99,3.67,8.44,4.44,2.34
Cauliflower musallam (Phoolgobhi musallam),58.83,1.89,4.48,3.55,3.06
Baked vegetables with spinach ,77.79,3.22,6.93,4.03,2.33
Baked potato with skin ,135.77,3.43,11.11,8.5,1.2
Shepherd's pie (vegetarian),135.63,5.04,12.03,7.3,2.23
Baked brinjal in tomato sauce,38.63,1.58,4.13,1.62,2.34
Dum aloo,682.33,0.7,3.33,74.01,0.68
Spinach paneer (Palak paneer),77.68,4.03,4.43,4.76,1.91
Methi chaman,475.62,1.54,2.78,50.91,0.53
Sarson ka saag,87.84,3.0,5.33,5.86,3.69
Jackfruit sabzi (Kathal ki sabzi),625.4,0.69,3.4,67.6,1.02
Avial,124.56,2.46,8.47,8.94,5.44
Al yakhani,147.54,2.86,4.65,13.14,1.27
Shahi paneer,156.5,5.06,6.64,12.34,1.4
Paneer in butter sauce,145.61,6.99,9.7,8.81,1.5
Methi malai paneer,194.98,7.34,8.15,14.76,1.47
Chilli paneer,777.51,2.1,3.31,84.01,0.5
Paneer makhana korma,775.82,3.24,4.63,82.76,0.21
Kadhai Paneer,107.99,4.33,7.34,6.81,2.07
Roghan josh,139.59,9.56,4.93,9.02,2.08
Spinach mutton (Palak mutton),80.32,5.74,3.45,4.71,2.23
Pea keema curry (Matar keema ki sabzi),133.0,8.43,6.24,8.14,2.96
Keema kofta curry,154.45,9.77,5.64,10.39,1.51
Kashmiri mutton koftas (Gushtaba),97.42,6.33,3.04,6.77,0.62
Mutton yakhni,104.13,8.27,0.84,7.7,0.67
Chicken yakhni,99.0,10.66,0.78,6.1,0.62
Mutton do piaza,183.3,9.39,4.14,14.41,1.93
Mutton chops,663.64,4.03,1.48,71.31,0.17
Shammi kebab,685.69,4.52,3.54,72.61,1.05
Scotch egg,676.89,4.05,1.91,72.62,0.36
Shepherd's pie (with minced meat),142.78,7.45,8.06,8.88,1.05
Chicken curry,129.22,11.79,3.38,7.57,1.41
Tandoori chicken,145.2,16.26,2.34,7.93,0.5
Butter chicken,137.0,10.92,3.74,8.7,1.32
Chicken kebab,729.41,3.71,1.11,78.89,0.21
Chilli chicken,198.83,9.57,2.86,16.56,0.99
Fried chicken with tomato sauce (Fried chicken tamatar ki chutney kay saath),125.03,11.48,2.51,7.61,1.13
Fish curry (Machli curry),111.13,8.76,3.77,6.69,1.89
Fried fish (Indian style) (Tali hui machli),658.54,4.35,5.4,68.88,0.61
Fried fish and Chips (English Style) (Tali hui machli aur chips),651.75,3.36,2.77,69.69,0.29
Tomato fish,489.79,2.39,3.18,51.91,0.72
Baked fish with cheese sauce,113.96,8.64,4.06,7.02,0.08
Fish tikka,117.33,16.0,3.91,4.15,1.18
Tandoori fish,95.98,11.19,2.37,4.64,0.58
"Paneer, apple and pineapple salad",95.08,3.88,8.35,5.07,1.65
Russian salad,114.83,4.26,6.5,7.84,2.57
Pasta salad,190.36,4.15,12.7,13.92,0.96
Deviled egg,98.56,4.97,2.23,7.72,1.15
Hawain salad,175.23,4.27,14.35,11.37,3.93
Mixed pulse and vegetable salad,83.12,4.74,13.96,0.84,2.96
Sprouted moong salad ,37.81,2.29,5.48,0.74,0.95
Tossed salad,62.96,1.02,4.95,4.22,2.15
Mixed vegetable salad with curd sauce,60.28,4.23,7.03,1.5,3.79
Potato salad (Aloo ka salaad),89.91,1.4,11.19,4.4,1.32
Waldroff salad,141.75,1.47,11.02,10.05,1.87
Coleslaw,76.71,1.24,5.59,5.32,2.34
Fruit salad (Phalon ka salaad),78.14,0.91,15.96,1.22,1.58
Tomato onion raita (Tamatar aur pyaaz ka raita),59.0,3.74,7.08,1.84,0.97
Peanut raita (Mungfali ka raita),150.39,8.59,9.3,8.98,1.89
Sprouted moong raita ,60.89,4.62,6.13,2.19,0.16
Bottle gourd raita (Ghiya/Lauki ka raita),56.31,3.98,5.76,2.07,0.85
Cucumber raita (Kheere ka raita),59.13,4.04,6.35,2.08,0.86
Carrot and spinach raita (Gajar aur palak ka raita),56.83,4.0,5.83,1.99,1.39
Mint raita (Pudinay ka raita),77.59,5.64,7.65,2.96,0.34
Potato raita (Aloo ka raita),75.38,4.22,10.24,2.04,0.75
Boondi raita,687.72,2.19,3.96,73.83,0.46
Sweet raita (Meetha raita),99.24,3.24,17.93,1.78,1.02
Dahi vadas/Dahi bhalla,667.73,2.96,5.49,70.4,0.97
Gunjia,667.34,2.98,5.68,70.28,1.13
Saunth/Sonth chutney with tamarind/imli,141.53,1.01,33.55,0.15,0.93
Rice kheer (Chawal ki kheer),75.03,2.3,10.05,2.97,0.17
Makhana kheer,107.85,3.31,12.88,5.0,0.11
Vermicelli kheer (Semiya/Seviyan ki kheer),120.07,3.35,15.87,5.0,0.5
Semolina kheer (Suji/Rava kheer),113.21,3.43,15.88,4.2,0.51
Paneer kheer,105.31,4.53,10.03,5.37,0.07
Cabbage kheer (Pattagobhi ki kheer),83.51,2.87,9.73,3.8,0.51
Carrot kheer (Gajar ki kheer),85.35,2.81,10.09,3.85,0.73
Cauliflower kheer (Phoolgobhi ki kheer),81.95,3.04,8.78,3.95,0.55
Moong dal kheer,77.16,2.95,9.89,2.97,0.4
Phirni,116.12,3.49,16.11,4.34,0.36
Semolina halwa (Suji ka halwa),225.65,2.16,24.67,13.38,1.86
Shahi suji halwa,382.34,3.48,44.44,21.73,2.96
Carrot halwa (Gajar ka halwa),172.64,3.11,18.53,9.73,2.65
Egg halwa (Ande ka halwa),299.74,7.85,39.59,13.41,0.49
Potato halwa (Aloo ka halwa),151.66,1.53,29.18,3.48,1.64
Pumpkin halwa (Kaddu ka halwa),190.27,1.33,27.6,8.81,2.97
Moong dal halwa,349.8,8.35,40.23,17.68,2.65
Caramel custard (steamed),121.58,4.97,15.02,4.87,0.0
Baked custard,106.53,5.41,9.45,5.3,0.0
Soft Custard (stirred),109.18,5.01,11.19,5.07,0.0
Chocolate ice cream,177.7,4.47,15.41,11.25,0.0
Mango ice cream,125.69,3.4,11.14,7.62,0.52
Fruit Ice cream (Phalon ka Ice cream),171.46,4.37,16.05,10.38,0.33
Caramel ice cream,173.52,4.31,14.81,11.15,0.08
Lemon souffle,168.51,6.95,13.43,10.02,0.0
Orange souffle,168.28,6.8,14.2,9.73,0.22
Vanilla souffle,187.85,7.71,14.78,11.19,0.0
Chocolate souffle,189.32,7.88,14.74,11.36,0.0
Pineapple souffle ,196.14,8.06,15.52,11.72,0.0
Apple mousse,106.92,4.21,12.77,4.27,1.6
Rich chocolate mousse,188.26,7.96,10.84,12.19,0.0
Mango mousse,124.98,3.21,9.14,8.47,0.88
Orange and pineapple cream,101.18,1.44,11.96,5.43,1.03
Charlotte rousse,188.29,3.95,34.08,4.78,1.01
Triffle pudding,116.97,2.93,18.24,3.93,0.12
Snow flakes pudding,95.21,4.67,8.07,4.97,0.03
Kulfi,98.43,3.21,11.3,4.7,0.12
Steamed orange pudding,278.03,2.34,41.53,12.04,0.58
Meringue and rice pudding,112.93,4.84,14.6,4.05,0.17
Cheese pudding,285.01,11.29,19.27,18.37,0.05
Chocolate pudding,211.96,3.55,29.59,9.48,0.53
Bread and butter pudding ,167.94,5.59,19.63,7.88,0.98
Queen of pudding,132.92,5.51,16.35,5.38,0.27
Pineapple upside down pudding,257.73,3.15,35.73,11.91,0.8
Date and nut pie,322.42,3.93,46.86,13.31,4.13
Stewed apple with custard,92.87,1.27,18.36,1.82,1.01
Apple snowballs,101.51,0.86,24.58,0.31,1.25
Hot orange souffle,179.97,6.87,18.77,8.95,0.29
Hot chocolate souffle,226.09,6.7,26.21,11.1,0.12
Hot vanilla souffle,192.93,6.87,21.77,9.07,0.13
Plain burfi (Burfi),408.32,9.82,30.88,27.96,0.17
Coconut burfi (Nariyal ki burfi),467.64,8.81,32.15,34.63,3.5
Bottle gourd burfi (Ghiya/Lauki burfi),275.96,5.86,24.51,17.68,0.73
Chocolate burfi,339.33,13.0,33.15,17.86,0.0
Cashewnut burfi (Kaju burfi/Kaju katli),421.74,5.48,37.92,28.46,1.12
Gram flour burfi (Besan burfi),421.79,11.19,46.59,22.41,3.41
Semolina ladoo with khoya (Suji/Rava aur khoye ke ladoo ),428.71,6.71,52.86,21.86,4.68
Semolina ladoo with coconut (Suji/Rava aur nariyal ke ladoo ),464.43,5.68,50.9,27.03,6.69
Gram flour ladoo (Besan ladoo),476.91,8.93,62.61,22.76,4.43
Sesame ladoo (Til ke ladoo),396.96,10.7,43.5,19.64,7.72
Chenna murki,252.69,10.46,36.01,8.2,0.0
Milk cake,127.41,3.01,9.13,8.93,0.06
Ghujia/Lavang latika,768.98,1.86,13.0,78.93,0.52
Gulab Jamun with khoya,586.06,2.03,26.09,53.23,0.07
Mal pua,566.68,1.71,17.56,54.64,0.62
Shahi tukre,189.81,2.76,41.46,2.54,0.51
Potato pakora/pakoda (Aloo pakoda),677.19,1.9,6.04,71.84,1.03
Onion pakora/pakoda (Pyaaz ke pakode),674.61,1.9,5.41,71.84,1.11
Cauliflower pakora/pakoda (Phoolgobhi ke pakode),671.63,1.98,4.52,71.86,1.26
Mixed vegetable pakora/pakoda,673.81,1.94,5.12,71.86,1.13
Spinach pakora/pakoda (Palak pakoda),712.62,1.96,4.68,76.38,1.02
Methi pakora/pakoda (Methi ke pakode),713.25,2.06,4.68,76.39,1.18
Egg pakora/pakoda (Ande ke pakode),710.51,2.83,4.48,75.86,0.86
Bread pakora/pakoda,710.99,2.57,8.87,74.2,1.11
Paneer pakora/pakoda,718.12,3.27,5.52,76.05,0.89
Potato bonda (Aloo bonda),632.84,1.09,4.53,67.8,0.83
Potato samosa (Aloo ka samosa),577.39,1.71,9.21,59.19,1.19
Minced meat samosa (Keema ka samosa),620.99,4.43,6.14,64.26,0.39
Paneer and pea samosa (Paneer matar ka samosa),623.81,4.02,8.55,63.65,1.02
Mathri,805.12,1.75,12.32,83.1,0.6
Khasta kachori,712.73,2.51,12.81,72.27,0.97
Vegetable cutlet,665.45,1.25,4.68,71.33,0.93
Flattened rice cutlet (Chirwa cutlet/Chivda cutlet/Poha cutlet),701.71,1.76,7.39,73.89,0.86
Peanut cutlet (Mungfali ke cutlet),698.77,2.63,5.68,74.0,1.21
Fish cutlet (Machli ka cutlet),654.64,2.77,3.13,70.11,0.54
Paneer potato cutlet (Paneer aloo cutlet),672.94,2.47,5.23,71.4,0.41
Spinach chickpeas cutlet (Palak channa dal cutlet),688.03,1.44,4.93,73.6,0.93
Cheese toast,785.37,1.98,5.49,84.11,0.31
Vegetable burger,519.93,3.26,13.69,50.63,1.7
Cheese pizza,249.5,5.79,30.62,12.43,1.95
Vegetable seekh kebab,690.73,1.57,5.32,73.72,0.59
Masala vada,826.02,1.69,4.06,89.15,1.07
Peanut sago vada (Sabudana mungfali vada),749.89,1.01,7.14,79.82,0.62
Vegeterian scotch egg,681.67,2.16,4.64,72.77,0.58
Paneer shaslik/tikka,93.85,5.11,7.98,4.49,1.23
Peanut brittle (Moongfali ki chikki),320.46,6.94,47.46,11.13,2.63
Spring roll,623.87,1.81,8.56,64.63,0.67
Dry mango chutney (Sookhe aam ki chutney),298.13,2.43,69.17,0.7,3.74
Peanut chutney (Mungfali ki chutney),258.37,11.8,9.87,19.06,5.73
Coconut chutney (Nariyal ki chutney),265.92,3.59,8.29,25.0,6.73
Mint and coriander chutney (Pudinay aur dhaniye ki chutney),102.6,2.81,21.18,0.51,4.33
Custard tart,225.6,3.72,28.66,10.73,0.91
Lemon tart,303.35,6.12,30.68,17.45,0.81
Jam tart,360.72,4.42,46.18,17.35,1.14
Orange cream tart,197.16,2.58,27.43,8.72,0.64
Pineapple tart,195.4,2.29,28.62,8.21,0.87
Cheese and mushroom tart,246.1,5.51,21.43,15.28,1.18
Cottage cheese pie,238.98,7.45,20.66,13.83,2.21
Minced meat pie,221.55,7.38,18.11,13.04,2.33
Apple cinnamon pie,258.73,3.35,33.68,12.21,1.77
Lemon meringue pie,224.43,3.88,35.11,8.16,0.44
Chocolate meringue pie,214.76,4.98,28.8,9.17,0.37
Cream puffs,221.33,4.7,16.0,15.48,0.38
Chocolate eclairs,239.42,4.24,26.22,13.5,0.33
Cheese balls,681.28,2.21,4.81,72.57,0.18
Minced meat patties,265.72,6.88,15.25,19.57,0.77
Cheese patties,324.01,7.38,22.23,22.67,1.24
Hot cheese souffle,177.1,9.18,5.41,13.23,0.12
Hot potato souffle,125.64,5.51,8.56,7.64,0.66
Hot fish souffle,142.92,11.23,3.69,9.24,0.1
Hot spinach souffle,104.25,5.43,4.19,7.24,0.99
Plain cream cake,353.94,6.18,47.18,16.17,0.71
Apple cake (Seb ka cake),290.08,4.94,39.48,12.87,1.22
Marble cake,354.11,6.3,46.88,16.27,0.71
Chocolate cake,335.61,6.01,45.14,15.18,0.64
Orange cake,357.61,6.1,48.28,16.21,0.83
Fruit Loaf ,324.19,5.36,46.49,13.31,0.87
Banana cake (Kele ka cake),389.51,5.77,40.0,23.31,1.14
Chocolate chiffon cake,311.71,5.76,37.87,15.8,0.7
Christmas cake,372.95,5.49,48.29,16.88,1.49
Strawberry and vanilla cake with butter icing,370.54,3.89,44.25,20.39,0.79
Eggless cake,318.08,8.12,46.14,11.75,0.68
Swiss roll,251.87,7.3,48.34,3.77,0.55
Pineapple pastry ,208.21,6.06,29.04,7.87,0.72
Black forest pastry,233.55,6.09,34.48,8.46,0.54
Coconut finger,274.86,7.09,42.56,8.86,1.87
Pineapple cake ,195.57,5.01,23.51,9.34,0.76
Chocolate walnut cookies (Chocolate aur akhrot ke cookies),424.8,6.56,47.1,23.62,1.54
Chocolate chip cookies,425.29,5.79,57.98,19.38,1.05
Sweet plain biscuit,380.76,5.86,50.29,17.67,1.07
Chocolate biscuit,379.76,5.88,51.56,17.09,1.01
Coconut biscuit (Nariyal ke biscuit),434.98,5.78,42.9,27.16,3.64
Sweet and salty biscuit (Meethay aur namkeen biscuit),407.96,6.15,45.09,22.39,1.68
Peanut biscuit,401.05,8.45,46.72,20.41,2.48
Pin wheel biscuit,404.6,5.4,54.56,18.66,1.16
Saffron biscuit (Kesar biscuit),458.61,6.05,59.7,22.01,1.9
Masala biscuit,393.64,6.06,45.18,20.75,2.14
Ice box cookies,374.24,5.7,56.09,14.44,1.28
Ginger bread man,365.0,6.61,60.26,11.01,1.6
Danish cookies,475.33,5.33,58.0,24.92,1.37
Short bread cookies,443.09,6.03,64.82,17.98,1.57
Coffee biscuit,416.57,6.9,46.55,23.0,1.59
Melting moments,437.91,5.71,55.84,21.78,1.88
Ginger biscuit (Adarak ke biscuit),417.91,5.98,58.44,18.31,1.49
Soyabean muthias,839.33,2.46,3.7,90.45,1.47
Soyabean tikki,698.17,3.53,4.39,74.02,2.2
Soyabean namak paras,838.46,2.65,4.65,89.83,1.41
Peanut burfi (Moongfali ki burfi),550.99,9.31,48.14,36.84,4.09
Spinach peanut namak paras (Palak moongfali namak paras),740.16,1.65,6.62,78.51,0.81
Gram flour and semolina chilla/cheela/savory pancake (Besan suji chilla/cheela),758.89,2.08,7.63,80.04,1.39
Rice moong dal cheela (Chawal aur moong dal ka cheela),798.26,2.74,11.13,82.44,1.18
Split bengal gram sweet rice (Channa dal sweet rice),190.21,4.15,41.07,0.64,2.23
Sweet poori (Meethi poori),782.75,2.12,14.26,79.63,1.54
Wheat flour and moong dal burfi (Atta aur moong dal ki burfi),441.08,9.84,60.0,18.41,6.02
Spinach burfi (Palak burfi),121.17,2.71,12.76,6.81,1.17
Sweet split chickpea roti (Sweet channa dal roti/Puranpoli),366.59,9.51,62.66,7.93,8.16
Sprouted moong daliya ,111.56,2.81,14.77,4.71,3.12
Sprouted moong poha ,192.6,5.59,26.6,6.89,3.13
Pearl millet ladoo (Bajra ladoo),319.66,9.61,50.98,8.06,6.0
Paushtik ladoo,485.87,7.65,60.34,24.98,4.57
Paushtik roti,149.26,7.17,26.59,1.51,5.74
Semolina carrot vada (Suji gajar vada),699.53,1.56,6.52,74.07,1.07
Dhokla,216.49,13.45,30.68,5.28,4.95
Kashmiri tea (Kehwa),24.9,0.17,5.23,0.51,0.16
Steeped hot coffee,15.91,0.39,3.01,0.33,0.0
Hot chocolate,90.01,3.43,9.02,4.61,0.0
Cold coffee (with cream),82.76,1.93,11.98,3.29,0.0
Banana milkshake with ice cream (Kele ka milkshake ice cream ke saath),76.45,2.01,11.15,2.77,0.27
Flavoured milkshake,66.78,2.06,8.65,2.83,0.0
Jal jeera,30.24,0.44,6.7,0.26,0.95
Gingo,48.02,0.14,12.42,0.06,0.17
Mintade,40.32,0.03,10.59,0.02,0.03
Canjee,6.61,0.24,0.44,0.42,0.36
Cauliflower canjee (Phoolgobhi ki canjee),6.9,0.39,0.35,0.42,0.49
Potato canjee (Aloo canjee),16.26,0.44,2.69,0.39,0.43
Vermicelli porridge (Semiya/Seviyan porridge),78.4,2.5,10.56,2.98,0.48
Semolina upma (Suji/Rava upma),147.89,3.3,16.31,7.49,3.24
Vermicelli upma (Semiya/Seviyan upma),149.11,3.11,16.88,7.45,3.21
Rice upma,151.27,2.63,17.96,7.46,2.12
Bread upma,129.51,2.8,12.6,7.75,1.96
Vegetable upma,146.47,4.73,16.46,6.63,4.19
Poha,294.53,6.09,35.05,14.14,3.72
Vegetable poha,180.52,4.89,21.52,8.07,3.76
Moong dal stuffed cheela/chilla (Moong dal ka cheela/chilla),154.89,6.97,19.42,5.11,4.25
Paneer stuffed cheela/chilla,205.19,11.44,19.16,8.89,4.03
Indian style egg bhujia (Anda bhujia (Indian style)),102.83,6.1,3.76,7.02,1.53
French omelette/omlet,211.04,10.03,0.41,18.86,0.38
Puffy omelette/omlet,188.15,8.82,0.08,16.84,0.0
Orange omelette/omlet,194.66,8.93,1.68,16.84,0.0
Cheese and mushroom omelette/omlet,205.63,9.69,1.68,17.82,0.93
Spanish omelette/omlet,157.45,8.25,5.1,11.44,2.54
Mixed stock,25.19,2.06,0.33,1.71,0.15
Meat stock,24.48,2.1,0.0,1.78,0.0
White stock,6.99,0.07,0.4,0.56,0.17
Meat consomme (with mutton),29.76,14.86,0.51,13.68,0.71
Consomme au julienne,27.76,12.49,1.49,10.66,1.38
Consomme au vermicelli,29.94,15.23,1.3,12.98,0.81
Green pea soup (Matar ka soup),39.81,11.06,3.63,12.9,2.49
Spinach soup (Palak ka soup),32.59,10.54,3.03,14.26,1.98
Mixed vegetable soup,35.71,8.22,2.95,11.66,1.64
Cheese soup,41.13,12.39,1.87,17.07,1.8
Mulligatawny soup,54.42,11.26,8.24,13.28,2.6
Cream of carrot soup,59.77,8.27,5.69,12.35,1.98
Cream of broccoli soup,56.14,8.97,3.72,12.75,1.89
Cream of potato soup,60.2,8.1,6.14,12.05,1.51
Almond soup (Badam ka soup),78.65,10.13,3.68,13.8,0.91
Cold cucumber cream soup ,11.88,0.34,1.76,0.34,0.73
Cold tomato soup,16.9,0.11,0.59,1.56,0.16
Chicken stew,127.55,7.19,4.44,8.91,1.82
Veg paneer stew,145.55,6.98,10.22,8.41,3.08
Onion-green chilli parantha/paratha (Pyaaz aur hari mirch ka parantha/paratha),191.27,4.37,26.37,7.27,5.16
Methi parantha/paratha,148.36,4.27,22.19,4.34,5.09
Bathua poori,598.79,2.35,13.85,59.14,1.87
Gram flour poori (Besan poori),697.66,2.59,10.93,71.51,1.94
Beetroot poori (Chukandar ki poori),527.66,1.91,12.29,52.18,1.4
Peas poori (Matar ki poori),592.83,3.04,14.92,57.69,2.25
Peas kachori (Matar kachori),584.68,3.21,13.25,57.51,2.03
Pizza,146.77,6.85,9.94,8.72,1.71
Bacon and mushroom pancake,157.67,6.82,8.47,10.6,1.59
Cheese and tomato pancake,147.39,5.15,10.66,9.28,1.06
Minced meat pancake (with chicken),116.04,12.01,8.18,10.48,0.7
Eggplant/Brinjal rice (Vangi bhat),184.8,5.28,31.74,3.67,4.44
Kashmiri 'tahar',98.21,1.95,19.11,1.37,0.98
Cumin pulao (Jeera/Zeera pulao),135.24,2.47,23.61,3.2,1.4
Peas pulao (Matar pulao),108.87,3.89,18.42,1.9,3.21
Split bengal gram dal and vegetable pulao (Channa dal and vegetable pulao),116.53,3.6,19.72,2.3,3.16
Black channa pulao/ Bengal gram pulao (Kale chane ka pulao),125.51,3.44,21.55,2.58,2.69
Mutton pulao,130.77,6.52,11.26,10.78,1.65
Chicken pulao,108.24,6.07,11.17,8.48,1.64
Mexican rice,120.57,4.62,14.21,4.88,1.64
Plain khitchdi (Plain khichri/khichdi),57.03,1.72,10.04,1.01,0.85
Instant idli (with semolina),247.29,9.16,43.4,3.61,7.13
Plain dosa,380.91,10.34,64.08,8.43,5.23
Masala dosa mixed vegetable fillings,144.53,4.84,23.02,3.26,4.31
Masala dosa paneer fillings,243.12,10.31,29.76,8.84,3.11
Uttapam,255.95,6.18,36.28,9.03,4.4
Appam,267.7,3.12,13.28,22.63,6.19
Beans and macaroni,136.08,4.58,14.24,7.01,2.05
Spaghetti bolognese,97.43,9.35,10.04,9.51,1.08
Meat and macaroni casserole,161.55,9.15,16.12,10.17,1.19
Spaghetti with meat balls and tomato sauce,158.13,5.61,10.46,10.64,1.11
Spaghetti with paneer balls and tomato sauce,158.54,3.95,12.72,10.44,1.25
Lasagne with meat sauce,63.38,2.9,5.38,3.43,0.47
Lasagne with vegetables,49.23,1.71,5.9,2.16,0.66
Home made egg noodles,240.84,6.55,42.92,4.37,1.6
Sour lentils (Khatti dal),34.79,2.22,6.04,0.12,1.22
Urad special dehusked,69.43,3.14,8.86,2.17,2.5
Arhar with spinach (Arhar dal aur palak),52.84,2.05,4.77,2.76,1.3
Moong dal with vadi,24.08,0.4,1.0,2.05,0.39
Rasam with tamarind (Puli rasam/ Chintapandu rasam/ Charu/Saaru),26.74,1.13,3.37,0.88,1.6
Rasam with lemon (Nimmakaya rasam/Nimmakaya charu/Elumichai rasam/Nimbe hannina saaru),24.41,1.11,2.85,0.87,1.54
Green gram whole with baghar (Sabut moong dal with tadka),63.43,3.23,6.8,2.48,3.02
Urad sabut special,79.39,2.33,5.03,5.46,2.15
Kabuli channa curry,68.57,2.92,7.63,3.06,1.12
Besan gatte curry,189.38,7.75,16.26,10.72,3.25
Dry masala chops,135.07,9.08,3.3,9.54,0.86
Mutton korma,115.64,7.09,2.53,8.54,0.78
Shahi keema kofta curry,418.13,4.14,1.73,43.83,0.91
Minced meat ball curry,109.79,6.82,2.86,7.85,1.49
Boti kebab,132.86,9.22,3.06,9.27,0.76
Mutton seekh kebab,133.94,11.25,3.11,8.43,1.88
Indian lamb and egg curry (Nargisi kofta),335.75,3.84,2.07,34.7,0.6
Soya chunks sweet and sour (Nutrinugget sweet and sour),500.94,2.85,3.27,55.99,0.86
Soya chunks korma (Nutrinugget korma),131.43,3.86,7.67,9.5,2.57
Mushroom matar,70.77,2.79,5.33,4.11,3.13
Soya chunks and peas (Nutrinugget matar),82.62,3.03,5.82,5.11,2.86
Vegetable yakhni,406.06,1.18,1.94,43.8,0.61
Spinach mushroom (Palak mushroom),47.63,1.94,2.95,2.96,2.27
Vegetarian nargisi kofta curry,332.15,2.29,6.58,32.94,0.86
Roast chicken,199.9,20.49,0.1,13.06,0.03
Shahi chicken masala,163.7,9.82,4.07,12.02,0.96
Tomato chicken,111.68,10.57,2.13,6.71,1.42
Creamy chicken,152.87,13.52,3.13,9.57,0.69
Broccoli chicken ala king,119.56,7.97,5.34,7.57,1.92
Ginger chicken,129.17,8.24,5.6,8.24,1.21
Chicken sweet and sour,445.09,6.92,2.67,47.59,0.58
Chicken korma,147.96,9.83,5.43,9.67,1.82
Bengal fish curry (Bengali machli curry),109.43,7.26,4.42,7.03,1.93
Fish finger,542.9,5.66,4.47,55.82,0.34
Fish in coconut milk (Nariyal ke doodh ke saath machli),86.21,8.66,2.73,4.43,1.52
Prawn curry (with coconut) (Jhinga curry),109.55,8.54,3.1,6.93,1.56
Baked stuffed fish,121.96,16.14,2.12,5.43,0.38
Fish pie,120.9,9.25,7.74,5.77,0.76
Crispy baked fish,138.4,10.95,9.59,6.41,1.21
Fish souffle,139.71,10.51,5.14,8.55,0.19
Potato curry (Aloo ki sabzi),89.56,1.52,10.42,4.47,2.42
Egg curry (Anda curry),117.52,5.38,4.03,8.81,2.09
Vegetable curry with coconut ,83.07,2.77,7.19,4.66,3.35
Curd with potatoes (Dahi aloo),59.9,1.56,7.15,2.72,1.19
Potato kofta curry (Aloo kofta curry),455.4,0.56,2.78,49.08,0.56
Yam kofta curry (Zimikand/Suran kofta curry),322.88,0.71,3.75,33.84,1.04
Jackfruit kofta curry (Kathal ka kofta curry),321.08,0.8,3.17,33.83,0.96
Spinach and potato (Palak aloo),57.17,1.63,5.91,2.82,2.04
Mooli bhujia,91.2,1.69,4.74,7.25,2.36
Bathua bhujia,90.9,2.26,3.63,7.29,3.8
Cabbage rolls (dry) ((Pattagobhi rolls) (dry)),142.48,8.21,6.09,9.36,1.84
Cabbage rolls (curry) ((Pattagobhi rolls)(curry)),124.63,5.76,7.03,8.17,2.35
Dry arbi (Sookhi arbi),134.95,2.12,11.11,8.97,2.47
Masala arbi,185.38,3.01,16.16,11.9,3.1
Peas brinjal bhartha (Matar baingan bhartha),84.55,2.05,5.02,6.05,3.63
Okra/Lady's fingers fry (Bhindi sabzi/sabji/subji),110.81,1.83,4.5,9.27,3.57
Crispy okra/Crispy lady's fingers (Karare bhindi),657.76,1.91,4.35,70.4,1.75
Beans foogath,105.06,2.03,3.26,9.22,4.15
Stuffed bittergourd (wet) (Bharwa karele),162.36,1.36,4.68,15.24,2.86
Jackfruit/Kathal (dry),488.97,0.93,4.56,51.78,1.33
Yam fried (Zimikand/Suran fried),491.76,0.79,5.47,51.79,1.44
"Cauliflower, pea and potato bhujia (Phoolgobhi, matar aur aloo bhujia)",95.67,2.75,8.23,5.54,3.26
Vegetable jalfrezi,68.48,1.4,5.43,4.38,2.97
Vegetables stir fry ,30.78,1.04,3.19,1.47,1.37
Broccoli delight,40.7,2.49,2.34,2.48,2.83
Dhansak (vegetarian),82.8,3.32,7.28,4.18,4.17
Cauliflower basket,90.95,5.21,3.97,5.88,2.4
Stuffed bottle gourd (Stuffed ghiya/lauki),93.19,5.84,4.36,5.8,1.18
Ducheese potato,140.54,3.6,10.94,9.01,1.29
Roast potatoes ,87.32,1.53,14.52,2.35,1.71
Stuffed baked potatoes ,100.2,3.82,11.03,4.39,1.31
Potato nests,111.62,5.71,11.05,4.77,2.49
Parsley potato,119.51,1.49,13.81,6.28,1.59
Creamed spinach and mushroom,419.62,2.28,3.17,44.14,1.02
Fricassee of Mushroom,106.66,3.65,8.13,6.63,1.23
Cauliflower au gratin,145.9,4.45,9.13,10.2,1.44
Vegetable and cheese pie,126.88,4.03,8.76,8.28,1.91
Spinach souffle ,150.18,7.36,6.27,10.52,1.44
Beetroot and egg salad (Chukandar aur ande ka salad),84.92,3.36,3.4,6.45,0.55
Sour cream potato salad,121.9,2.89,9.05,8.13,1.21
Tossed green salad,49.88,1.33,3.82,3.24,1.33
Spring basket salad,160.46,3.36,11.61,11.3,3.09
Cucumber and yogurt salad (Kheere aur dahi ka salad),36.13,2.09,4.72,0.93,1.66
Chicken and tomato towers,100.55,6.9,2.36,6.99,1.14
Jellied sunshine fruit salad,48.86,5.85,4.21,0.85,1.8
Tomato aspic,50.37,6.87,5.02,0.26,1.58
Frozen frosty fruit salad (Phalon ka salaad),103.51,1.68,15.61,4.17,0.26
French dressing,733.77,0.32,3.68,79.65,0.22
Mayonnaise without eggs,329.05,2.13,3.98,33.84,0.04
Curd dressing ,78.8,5.59,8.03,2.9,0.22
Carrot raita (Gajar ka raita),64.78,4.14,7.19,2.19,1.69
Pumpkin raita (Kaddu ka raita),55.6,3.74,6.02,1.88,1.04
Mint and peanut raita (Pudinay aur moongfali ka raita),112.05,7.05,7.31,6.19,1.79
Spinach raita (Palak ka raita),52.75,3.95,5.06,1.86,1.39
Bathua raita,54.4,4.13,5.31,1.76,2.19
Pineapple raita (Ananas ka raita),67.74,3.9,8.62,2.02,1.39
Banana raita (Kele ka raita),89.03,4.13,13.51,2.07,1.0
Mango raita (Aam ka raita),67.37,3.9,8.23,2.14,0.89
Guava raita (Amarood ka raita),64.36,4.19,7.27,2.07,3.0
Grapes raita (Angoor ka raita),72.59,3.98,9.66,2.07,0.71
Bottle gourd kheer (Ghiya/Lauki kheer),84.07,2.7,10.0,3.86,0.55
Pumpkin kheer (Kaddu ki kheer),86.35,2.76,10.44,3.86,0.63
Apple kheer (Seb ki kheer),81.3,2.14,11.34,3.18,0.51
Caramel custard (baked),122.7,5.11,14.95,5.01,0.0
Vanilla ice cream without egg,228.67,2.69,14.21,18.15,0.0
Vanilla ice cream with egg,214.85,4.16,11.71,17.02,0.0
Strawberry ice cream,215.61,4.15,12.26,16.96,0.0
Chocochip ice cream,241.45,4.23,16.75,17.93,0.0
Choconut ice cream,273.96,5.04,23.13,18.49,0.51
Pear chocholate sunday,183.49,2.08,15.02,13.11,0.07
Chocolate sauce,263.2,1.91,43.21,10.39,0.0
Coffee ice cream,150.62,3.15,14.09,9.43,0.0
Coffee pear alaska,203.99,2.88,19.36,13.22,0.15
Crunchy butterscotch,277.32,3.11,19.92,20.99,0.47
Peach melba ice cream,200.85,2.06,16.31,14.51,0.06
Vanilla ice cream with apples in hot cherry sauce,196.32,1.73,22.75,11.45,0.26
Grape and orange whip,57.39,1.41,6.72,2.62,0.97
Honey banana cream,125.49,2.78,13.64,6.68,0.7
Raspberry bavarian cream,150.1,3.34,17.82,7.88,2.19
Fruit delight,107.09,2.09,9.11,7.09,0.09
Creamy chocolate mousse,230.52,6.85,9.53,18.16,0.0
Cold lemon souffle,169.87,5.89,15.62,9.78,0.0
Cold orange souffle,173.19,5.94,16.27,9.82,0.11
Cold pineapple souffle,181.22,6.23,16.85,10.39,0.0
Cold vanilla souffle,179.54,6.22,16.29,10.32,0.0
Cold chocolate souffle,187.53,6.37,17.22,10.86,0.0
Stewed fruit (with pear),74.32,0.25,18.22,0.32,2.84
Apricot fool,240.79,1.54,33.64,11.35,1.0
Pavlova,200.6,1.84,21.84,12.29,0.06
Apple crumb pudding,220.85,1.54,35.17,8.87,1.33
Steamed cake with chocolate sauce,301.91,4.49,29.06,19.01,0.29
Hot lemon souffle,155.25,5.29,16.31,7.93,0.14
Gulab jamun with milk powder,471.15,0.85,28.24,40.15,0.05
Chum chum,130.05,1.52,28.27,1.92,0.02
Dil bahar,130.05,1.52,28.27,1.92,0.02
Rasbhari,130.05,1.52,28.27,1.92,0.02
Rajbogh,133.7,1.71,28.16,2.28,0.11
Rasgulla,118.64,1.38,25.79,1.75,0.01
Rasmalai,135.55,1.61,29.17,2.11,0.07
Khoa coconut burfi,411.45,9.98,36.55,26.01,4.07
Danedar burfi,102.68,3.24,12.33,4.72,0.09
Semolina burfi (Suji/Rava burfi),348.67,3.47,47.1,16.86,2.8
Pumpkin coconut burfi (Kaddu aur nariyal ki burfi),186.18,1.75,17.02,12.66,4.29
Khoa ladoo,396.02,12.21,34.43,24.09,3.08
Wheat and gram flour ladoo (Atta besan ladoo),501.7,9.38,50.5,29.86,6.01
Semolina ladoo with nuts (Suji/Rava ladoo with nuts),441.84,5.44,48.02,25.45,4.27
Sesame chickpeas brittle (Til aur channe ki chikki),282.74,8.5,50.49,4.66,5.54
Murmura chikki,253.82,2.12,59.59,0.32,0.37
Masala onion pakora/pakoda (Pyaaz ke pakode),551.64,2.05,6.48,57.61,1.44
Masala green chilli pakora/pakoda (Hari mirch kay pakode),668.76,2.22,5.55,71.01,1.34
Chicken pakora/pakoda,590.09,6.03,4.55,60.98,0.96
Fish pakora/pakoda,577.03,5.97,4.55,59.52,0.96
Paneer cutlet,672.2,4.59,7.62,69.38,0.39
Sago cutlet/vadas (Sabudana cutlet/vadas),558.76,0.56,11.23,56.97,0.54
Poshtik cutlet,496.45,2.0,7.39,50.94,1.35
Egg cutlet (Anda cutlet),575.02,2.45,5.77,60.25,0.58
Minced meat cutlet,531.86,5.1,5.61,54.47,0.4
Vegetable samosa,443.11,2.21,13.22,42.22,1.52
Plain urad dal vada (Uzunne vada/Minapa garelu/Ulundu vadai/Medu vada),745.5,4.39,9.7,76.32,2.27
Masala urad dal vada,703.78,4.32,9.93,71.62,2.71
Khaman (dhokla),54.73,1.92,5.36,2.8,1.49
Instant dhokla,207.11,7.66,24.11,9.37,3.57
Tomato ginger chutney (Tamatar adarak ki chutney),44.66,1.05,9.11,0.32,2.14
Mint tomato chutney (Pudinay aur tamatar ki chutney),43.65,1.53,8.22,0.36,2.63
Coriander chutney (Hare dhaniye ki chutney),42.86,1.38,8.16,0.37,2.47
Gooseberry chutney (Amla chutney),43.02,1.44,8.83,0.62,4.58
Walnut chutney (Akhrot ki chutney),370.43,9.44,8.91,33.46,3.04
Saunth/Sonth chutney with ginger,84.22,0.28,20.62,0.11,0.31
Gun powder chutney,312.34,21.55,47.65,2.67,13.95
Dessicated coconut chutney (Sookhe kase nariyal ki chutney) ,346.36,12.88,36.72,15.88,13.16
Curd mint dip ,76.13,4.82,9.11,2.44,0.77
Curd vegetable dip,56.21,3.88,6.04,1.94,0.63
Mayonnaise vegetable dip,241.27,3.01,4.8,23.44,0.41
Tomato and cucumber sandwich (Tamatar aur kheere ka sandwich),150.68,4.03,20.51,6.31,2.1
Tomato sandwich (grilled),189.92,6.26,21.29,9.39,1.91
French sandwich (toasted),186.75,6.82,14.82,11.51,1.37
Peanut butter cucumber sandwich,243.33,9.04,29.76,10.56,3.35
Mint and peanut sandwich,273.59,7.18,31.83,13.88,3.67
Spicy chutney sandwich,249.58,8.74,34.03,9.58,3.73
Chicken walnut sandwich (Chicken aur akhrot ke sandwich),285.78,12.58,22.62,16.77,1.53
Rolled sandwich,293.07,6.45,34.69,15.29,2.07
Ribbon sandwich,239.26,6.26,24.76,13.37,2.92
Checker board sandwich,348.37,7.37,25.94,24.65,2.22
Submarine sandwich,216.92,6.09,13.6,15.32,1.24
Cheese open sandwich,274.07,9.84,28.42,14.24,1.74
Sunset and sunrise open sandwich,241.31,8.58,18.89,15.14,1.39
Danish luncheon sandwich,193.82,9.03,17.77,10.1,1.52
Chicken and corn open sandwich,188.16,8.63,19.21,8.83,1.67
Chocolate sponge cake,239.86,9.13,39.54,5.51,0.52
Chocolate swiss roll,306.08,6.01,26.97,19.76,0.29
Lemon curd filling,225.62,3.43,26.41,12.58,0.0
Jam filling,184.62,0.0,46.15,0.0,0.0
Chocolate pastry,243.37,7.05,32.24,10.12,0.32
Assorted pastry,230.74,6.78,31.99,8.91,0.43
Orange gateau,178.05,4.78,27.01,6.02,0.68
Black forest gateau,217.82,5.94,30.57,8.58,0.28
Lemon cake,373.85,5.29,43.1,20.63,0.62
Dundee cake,396.62,7.78,41.4,22.7,1.81
Victorian sandwich cake,373.09,5.18,44.74,19.83,0.59
Chocolate eggless cake,312.01,6.66,43.45,13.19,0.32
Orange eggless cake,355.62,7.16,52.65,13.82,0.56
Chocolate glace icing,436.29,3.22,62.43,20.8,0.0
Butter icing,500.72,0.19,71.64,25.37,0.0
Chocolate butter icing,469.59,3.21,61.72,24.77,0.0
Almond biscuit (Badam ke biscuit),407.74,6.25,52.14,19.7,1.5
Orange biscuit,354.78,3.63,62.11,11.01,0.75
Gingerman biscuit,357.43,6.26,55.24,12.73,2.0
Coffee drops,443.07,7.57,43.06,27.16,1.88
Christmas biscuit,406.07,5.67,60.97,15.88,2.17
Christmas wreath biscuit,386.05,5.43,58.07,15.01,2.28
Christmas bell biscuit,404.85,5.66,60.79,15.84,2.33
Christmas star biscuit,392.03,3.54,74.54,10.04,1.47
Christmas tree biscuit,385.63,5.43,58.41,15.0,2.65
Chocolate cream shells,427.17,5.1,59.26,19.34,0.9
Jelly biscuit,404.61,4.23,55.24,19.33,2.02
Cherry and walnut cookies,422.6,5.63,59.35,18.75,1.3
Cheese straws,382.0,9.83,30.61,24.28,1.29
Butterfly biscuit,341.45,9.98,25.33,22.11,1.02
Flan pastry,445.8,6.72,47.84,25.04,1.58
Fruit flan,261.35,3.3,34.71,12.48,0.71
Orange cream flan,280.28,4.73,36.16,13.59,0.63
Fruit puree tart,286.5,3.35,30.42,16.83,1.31
Apple banana pie,243.99,3.13,32.12,11.39,1.89
Lemon chiffon pie,259.31,4.88,27.63,14.52,0.66
Orange chiffon pie,207.57,3.89,23.14,11.16,0.7
Cream buns,215.74,4.45,14.16,15.81,0.31
Savoury puffs,190.79,9.51,10.8,15.24,0.33
Choux swans,216.34,4.35,14.92,15.6,0.35
Potato aigrettes,530.03,2.35,8.01,54.24,0.45
Cream horns,408.23,3.42,23.12,33.55,0.6
Savoury cheese horns,295.15,5.66,21.38,20.71,0.73
Paneer patties,338.58,7.6,22.79,23.96,1.18
Vegetable patties ,261.92,4.01,20.98,17.74,2.62
Pearl millet infant food (Bajra shishu aahaar),362.44,11.98,62.1,6.62,7.84
Sajina,345.26,10.81,66.87,3.03,7.62
Cereal mix ,120.81,3.32,21.84,2.02,2.03
Pulse mix,83.29,3.16,16.0,0.54,2.25
Shishu ahar,93.37,2.61,17.42,1.43,1.02
Cereal pulse mix with amylase rice flour,151.57,4.27,27.8,2.74,3.47
Banana groundnut paste/puree,213.19,4.27,36.15,5.45,1.7
Rice dal porridge (Chawal dal ki khichdi/khichri),383.33,10.8,65.04,8.33,4.51
Lentils and semolina porridge (Dal suji porridge/daliya),117.29,3.26,23.19,1.06,1.44
Spinach khichri (Palak khichri/khichdi),102.18,3.43,17.35,1.91,1.56
Vegetable mix,174.21,4.7,36.02,0.94,1.93
Lentils and wheat porridge (Dal wheat porridge/daliya ),52.54,2.71,8.36,0.94,1.28
Maize porridge,89.57,2.14,15.64,1.89,1.68
Spinach peanut burfi (Palak aur mungfali ki burfi),105.37,3.36,13.59,4.39,2.07
Split bengal gram burfi/fudge (Channa dal burfi),287.36,4.65,54.63,7.09,2.06
Chickpea flour cookies (Sweet besan rounds/cookies),207.01,4.29,39.64,3.42,2.56
Pearl millet mathri (Bajra mathri),785.08,1.82,7.42,83.12,1.36
Sesame biscuit (Til ke biscuit),424.03,8.27,53.65,19.34,6.83
Fermented bengal gram vada (Khameerikrit/Ufna hua channa dal ka vada),657.57,4.05,8.68,67.19,2.65
Poshtik namak paras,613.39,6.49,19.52,56.58,4.55
Soya chikki,423.7,7.18,62.89,15.51,3.55
Besan bathua chilla/cheela,373.82,11.48,40.65,18.57,7.79
Wheat flour and nuts ladoos (Atta nuts ladoos),391.9,9.46,44.31,19.19,7.3
Gram flour and semolina dhokla (Besan suji dhokla),198.91,8.52,25.92,7.1,4.59
Atta dal burfi ,298.8,6.66,40.64,12.47,4.08
Soya roti,283.96,9.18,40.03,9.23,8.71
Poshtik khichdi/khichri,93.37,3.04,15.64,1.88,2.0
Namkeen daliya,295.11,8.29,49.32,7.99,8.57
Sprouts upma ,316.25,9.5,44.96,10.44,7.16
Semolina idli (Suji/Rava idli),206.39,9.34,33.67,3.47,5.85
Poshtik chilla/cheela,159.53,4.85,27.47,3.04,4.91
Stuffed bittergourd (dry) (Bharwa karela),217.65,1.29,2.49,22.38,3.0
Cauliflower potato canjee,16.79,0.57,2.63,0.39,0.69
Creamed spinach,96.91,5.18,4.44,6.39,1.33
Mango milkshake with ice cream (Aam milkshake ice cream ke saath),68.35,1.93,9.18,2.8,0.23
Pineapple milkshake with ice cream (Ananas milkshake ice cream ke saath),68.49,1.93,9.33,2.75,0.42
Orange milkshake with ice cream (Narangi milkshake ice cream ke saath),67.82,1.95,9.15,2.75,0.16
Woodapple juice (Bel ka sharbat),34.18,0.63,6.51,0.7,1.03
Sattu drink,23.38,0.56,5.16,0.14,0.4
Apple and honey sorbet (Seb aur shehad ka sharbat),121.3,0.15,30.74,0.29,1.13
Thandai,101.18,3.59,9.13,5.89,0.8
Cucumber sharbat (Kheere ka sharbat),27.28,0.26,6.64,0.06,0.78
Apple oats chia seed smoothie,85.64,3.49,13.07,2.48,1.44
Nannari sharbat,88.79,0.01,23.62,0.01,0.0
Semolina milk drink (Thari kanji),44.16,0.98,6.93,1.36,0.72
Saffron milk (Kesariya doodh),102.18,3.17,12.64,4.57,0.14
Black rice kheer (Chak-hao kheer),147.94,4.37,22.93,4.91,0.76
Coconut kheer (Nariyal ki kheer),162.61,3.4,14.42,10.55,1.53
Apple sago payasam (Seb aur sabudana ki kheer),136.5,3.13,14.4,7.66,0.38
Kesari bath,244.57,2.4,31.38,12.59,1.65
Putharekulu,318.3,3.66,59.61,7.55,1.75
Mango malpua,334.64,1.65,12.84,30.67,2.08
Mango vanilla custard,147.63,3.43,18.41,7.04,0.99
Kiwi granola pudding,280.99,5.6,32.33,15.36,3.71
Oats burfi,425.19,8.89,62.47,17.27,4.96
Lotus seed halwa (Kamal gattay ka halwa),370.55,7.79,39.56,20.69,0.42
Amaranth ladoo (Rajgira ladoo),454.15,10.12,51.33,22.7,5.11
Chhena poda,344.57,13.68,33.64,17.94,1.4
Sweet couscous dessert,196.2,3.81,29.69,7.69,2.18
Sweetened yogurt (Shrikhand),107.18,5.27,16.02,2.89,0.08
Thickened sweetened milk (Rabri),102.79,3.52,10.55,5.35,0.19
Gram flour halwa (Besan halwa),276.79,5.88,25.78,17.3,1.82
Prawn sandwich,169.65,10.36,11.89,9.27,1.55
Watercress sandwich,229.42,5.17,28.03,11.47,2.26
Fish sandwich ,150.2,4.72,10.09,10.37,1.23
Kidney bean sandwich with cottage cheese,176.64,9.85,18.86,6.84,3.66
Finger millet biscuit (Ragi biscuit),458.56,4.03,52.69,25.79,5.97
Buttermilk biscuit,322.54,5.76,34.93,17.5,1.18
Lemon cookies,394.48,5.63,42.19,23.02,0.78
Sweet potato biscuit (Shakarkand ke biscuit),296.4,5.14,38.13,13.31,2.27
Raspberry shortbread cookies,441.12,3.0,61.25,21.25,0.75
Pumpkin cookies ,218.4,2.51,44.69,3.93,1.06
Greenpea cookies,159.42,6.53,23.07,4.24,5.32
Sunflower cookies,520.62,9.49,40.06,36.28,3.95
Cardamom cookies (Elaichi cookies),400.49,5.1,53.99,19.12,2.79
Hazelnut cookies,493.32,6.25,39.44,34.97,2.45
Milk cookies,459.43,10.49,48.43,24.96,0.99
Cranberry cookies,272.48,3.92,36.39,12.66,1.13
Olive biscuit,438.29,3.2,55.01,23.75,0.82
Tutti fruitti biscuit,420.78,5.21,53.12,17.9,5.43
Peach blueberry preserves,177.38,0.53,45.76,0.2,1.14
Pear preserves (Naashpati ka murabba),101.24,0.25,25.67,0.19,3.06
Starfruit preserves ,128.93,0.24,33.62,0.12,0.78
Gooseberry pickle (Amla ka achaar),278.58,1.55,7.61,27.61,3.7
Lotus stem pickle (Kamal kakdi ka achar),102.69,1.44,20.07,1.6,8.58
Date pickle (Khajoor ka achaar),182.29,1.68,34.66,4.21,5.2
Garlic pickle (Lahasun ka achar),413.62,3.72,9.75,39.88,5.13
Fermented bamboo shoot pickle (Mesu pickle),59.83,1.58,1.73,5.59,2.24
Sweet peach pickle (Aadoo ka achaar),144.64,0.46,37.01,0.2,1.32
Pickled mustard greens ,13.12,1.51,1.05,0.22,1.7
Small onion pickle ,16.86,1.65,2.76,0.64,1.09
Green tomato pickle (Haray tamatar ka achaar),193.26,1.23,2.87,19.67,1.74
Pickled cabbage ,13.69,0.39,2.56,0.14,0.61
Coconut pickle (Nariyal ka aachar),517.26,3.02,11.53,51.71,6.35
Potato pickle (Aloo ka achaar),369.14,2.07,7.87,36.46,2.21
Mango murabba candy,293.35,0.27,77.32,0.05,0.95
Afghani chicken,151.51,15.66,1.95,9.07,0.31
Fish orly,563.7,5.87,4.27,58.18,0.33
Hariyali Fish Tikka,150.24,14.01,2.21,9.41,0.99
Chicken manchurian,142.34,9.53,6.06,11.96,0.41
Handi chicken,166.02,12.32,1.49,12.46,0.67
Lemon chicken,169.79,20.2,0.55,9.66,0.16
Lemon butter fish,160.25,16.38,0.75,10.26,0.36
Baked eggs in tomato sauce,80.05,4.92,3.78,5.22,0.01
Egg in a pepper,128.78,12.64,0.17,8.68,0.17
Spinach mushroom scrambled egg (Palak mushroom bhurji),158.85,13.28,0.59,11.51,0.39
Corn omelette/omlet,166.93,11.37,1.57,12.89,0.02
Cajun chicken,184.94,12.69,1.94,13.99,0.89
Paaner do pyaza,127.7,4.22,3.41,10.87,0.84
Cabbage manchurian (Pattagobhi manchurian),224.26,0.64,4.85,22.48,0.37
Gobi 65,278.29,0.56,3.59,29.11,0.57
Paneer lababdar,105.48,3.98,3.37,8.46,1.16
Roasted cauliflower steak,78.68,2.05,2.02,6.7,3.53
Sauteed radishes with green beans,94.32,2.41,6.04,6.61,3.52
Garlic chutney/Poondu chutney (Lahasun ki chutney),255.51,3.34,20.44,17.55,5.15
Schezwan chutney,205.19,3.33,10.79,17.72,5.72
Onion chutney (Pyaaz ki chutney/Vengaya chutney),143.94,2.97,13.52,8.38,4.6
Dates chutney (Khajoor ki chutney),103.57,1.07,21.69,1.12,3.41
Chicken salad,338.19,15.33,1.3,30.26,2.0
Macaroni salad,262.19,5.02,21.63,17.78,0.56
Cabbage raita (Pattagobhi raita),84.84,3.24,5.25,5.76,0.93
Pomegranate raita (Anaar ka raita),72.64,4.05,7.15,3.24,0.6
Onion raita (Pyaaz ka raita),71.56,4.86,7.86,2.43,0.65
Green chilli raita (Hari mirch ka raita),77.13,5.58,7.66,2.92,0.26
Kale salad,177.71,4.86,5.01,15.33,1.36
Spinach and paneer souffle ,186.19,7.56,9.64,13.49,1.07
Masala souffle ,123.51,6.38,8.02,7.37,1.24
Chicken and cheese souffle,182.35,9.07,3.47,14.74,0.26
Tamarind chutney (Chintapandu pachadi/Puli chutney),109.15,0.88,25.07,0.48,1.65
Pav bhaji masala,230.47,9.13,29.15,10.96,24.3
Green chutney,79.42,5.42,10.01,1.6,5.84
Sago khitchdi/khichri (Sabudana khitchdi/khichri),187.16,2.72,22.41,10.1,1.82
Gram flour chilla/cheela (Besan chilla/cheela),135.93,7.8,21.03,2.85,4.25
Vegetable namkeen jave,112.23,2.93,18.98,2.51,2.86
Khakhra,178.5,4.78,27.66,5.32,5.43
Moong bean dosa (Pesarattu),285.96,12.32,31.91,11.67,6.04
Methi thepla,346.16,8.98,41.34,15.95,7.56
Rice puttu (Ari puttu),81.98,1.26,11.82,3.13,0.76
Buckwheat pancake (Khura),263.3,2.91,27.28,16.43,0.56
Quinoa khichdi/khichri,64.01,3.18,8.83,1.59,2.58
Khakhra chaat,358.66,4.52,16.64,30.65,3.04
Banana appam,469.81,1.17,20.06,42.53,0.67
Veg manchurian,585.64,0.89,6.82,61.65,1.16
Pav bhaji,96.53,2.66,11.99,4.32,1.98
Rice murukku,593.99,5.41,33.29,48.22,2.18
Bhel puri ,509.89,3.52,16.47,47.91,2.24
Semolina dhokla (Suji/Rava dhokla),194.91,5.44,30.86,5.2,5.12
Spicy corn chaat ,479.8,4.61,11.45,46.55,2.17
Jackfruit fritters (Ponsa mulik/Kathal ka pakora),597.79,2.34,24.0,54.41,1.5
Banana chips (Kele ke chips),665.67,0.37,7.32,70.46,0.65
Wheat cake,314.63,4.79,41.13,14.95,2.76
Mango cheesecake,152.46,2.39,20.06,7.3,1.14
Carrot cake (Gajar ka cake),255.59,5.6,35.98,10.27,2.93
Semolina cake (Suji/Rava cake),374.14,6.58,31.32,25.18,5.37
Finger millet cake (Ragi cake),279.46,3.96,38.93,12.27,2.35
Honey cake,333.59,3.08,49.04,14.7,0.51
Almond cardamom cake (Badam elaichi cake),356.35,7.18,34.53,21.36,2.35
Tutti frutti cake,347.72,4.49,52.94,12.68,0.85
Ham and Bean soup,96.04,10.61,4.18,4.15,0.54
Whey soup,68.91,3.45,6.26,3.34,0.84
Bottle gourd soup (Ghiya/Lauki soup),23.05,0.45,1.16,1.79,0.96
Baked potato soup,147.05,5.73,5.85,11.21,0.3
Pumpkin soup,40.05,0.47,2.08,3.2,1.19
Sweet corn soup,32.25,0.99,3.56,1.63,0.31
Paneer soup,47.85,3.22,2.42,2.8,0.28
Curried Cauliflower soup,37.32,6.72,3.12,9.77,2.34
Millet soup,55.99,11.26,8.22,12.57,2.82
Lemon coriander soup,108.06,2.27,10.32,6.26,6.77
Garlic soup,194.86,2.38,6.99,17.62,1.66
Dal makhani,74.04,3.32,7.96,3.06,2.27
Dalma,118.93,4.91,15.04,4.58,2.16
Split bengal gram dal (Channa dal),99.67,4.15,9.99,4.62,3.72
Horsegram dal (Kulthi dal) ,55.65,2.91,8.21,1.13,1.52
Panchmel dal,111.22,4.63,10.71,5.36,3.2
Dal dhokli,68.74,2.96,8.55,2.47,1.86
Gujarati handvo ,207.09,8.24,31.86,4.8,4.95
Sev (Omapodi/Karapusa),609.14,5.12,12.87,60.08,2.35
Papdi,708.96,1.83,12.89,72.11,0.56
Jowar dosa,294.35,8.5,40.53,10.28,5.56
Bread roll,435.46,2.85,16.12,40.25,1.45
Soya seekh kebab,115.05,5.4,10.0,5.88,2.24
Classic seasoned black beans,28.78,8.01,7.66,8.28,3.51
Maa chaane ki dal,344.67,19.8,43.11,9.5,13.45
Garlic chickpea soup (Lahasun aur chane ka shoraba),89.53,4.45,13.92,2.01,2.84
White sauce (thin),115.17,3.31,6.58,8.41,0.07
White sauce (medium),151.27,3.36,7.98,11.76,0.14
White sauce (thick),209.69,3.43,10.24,17.19,0.24
Cheese sauce,194.76,7.68,7.08,15.12,0.12
Egg sauce,146.85,5.97,5.88,11.08,0.12
Mushroom sauce,137.56,3.39,7.31,10.51,0.47
Mustard sauce,158.58,3.98,8.29,12.17,0.13
Brown sauce,109.18,11.92,5.38,23.67,1.69
Classic italian pasta,42.12,0.57,4.4,2.45,1.36
Pasta spinach sauce,85.46,1.76,1.76,7.9,0.86
Pasta cheese sauce,149.26,4.33,9.0,10.84,0.14
Mayonnaise,774.86,1.86,1.65,84.52,0.11
Low calorie quick mayonnaise,242.89,1.41,4.71,24.35,0.06
Thousand island dressing,407.87,1.37,4.49,42.87,0.46
Curd dip,79.95,5.04,7.95,3.36,0.1
Short crust pastry,422.1,6.11,44.72,23.98,1.58
Choux pastry,222.37,5.55,16.2,14.96,0.56
Flaky pastry,443.94,4.69,33.61,31.99,1.25
Sponge cake ,253.77,9.18,44.63,4.74,0.69
Glace icing,323.51,0.01,86.31,0.01,0.0
Royal icing,332.58,1.74,86.53,0.02,0.0
American frosting,257.57,1.05,67.48,0.01,0.0
Gum icing,223.07,5.94,53.19,0.0,0.0
Channa murmura premix,339.09,10.59,72.59,3.28,8.21
Cracked wheat and green gram dal premix (Dalia moong dal premix),362.16,15.89,64.75,5.11,11.66
Rice flakes and roasted channa ,333.4,10.57,71.94,2.94,8.84
Spinach soup in milk ,56.72,2.89,3.98,3.2,0.79
Vegetable soup,55.21,2.22,7.6,1.55,3.01
Mashed banana with milk,95.43,2.51,14.62,2.99,0.71
Poha with curd (Poha aur dahi),173.32,6.01,26.72,4.65,1.09
Potato with curd,73.18,3.19,12.01,1.33,1.02
Sweet wheat porridge (Sweet dalia),140.66,5.11,23.77,2.79,2.37
Vegetable khichdi/khichri,143.17,5.61,19.57,4.53,2.45
Moong dal mixture,158.84,4.62,33.93,1.0,1.9
Cracked wheat khichri/khichdi (Dalia khichri/khichdi),167.45,7.56,22.35,5.52,3.74
Stewed apple,91.93,0.17,22.49,0.37,1.48
Lemon squash (Nimbu ka squash),184.56,0.15,48.88,0.06,0.0
Orange squash (Santre ka squash),193.26,0.22,50.88,0.04,0.4
Lichi squash,198.33,0.3,51.96,0.08,0.41
Mango squash (Aam ka squash),194.66,0.17,50.96,0.17,0.58
Pineapple squash (Ananas ka squash),195.02,0.16,51.34,0.05,1.06
Lemon and ginger squash (Nimbu aur adrak ka squash),170.34,0.54,44.06,0.21,1.07
Apple jam (Seb ka murabba),188.79,0.14,48.56,0.32,1.29
Plum jam (Aloo bukhara jam),178.89,0.31,46.2,0.19,1.0
Pineapple jam ,149.18,0.32,38.27,0.15,2.2
Guava jelly (Amrood ki jelly),115.74,1.11,28.18,0.25,6.61
Orange marmalade (Santray ka murabba),104.17,0.66,25.94,0.13,1.97
Carrot murabba (Gajar ka murabba),175.24,0.32,45.6,0.16,1.39
Gooseberry marmalade (Amla murabba),123.16,0.14,32.34,0.03,0.0
Ginger candy (Adrak ki candy),195.71,0.69,50.38,0.27,1.67
Mango pickle (Aam ka achaar),192.12,1.6,8.11,17.89,3.68
Mixed vegetable pickle (Sabziyoon ka achaar),211.2,1.9,7.48,19.68,2.76
Sweet lemon pickle (Neembu ka meetha achaar),69.54,1.22,16.87,0.21,2.13
Plum chutney (Aloo bukhara ki chutney),177.11,0.47,44.95,0.29,1.37
Raw mango chutney (Kachhe aam/Kairi ki chutney),193.13,0.51,49.94,0.16,2.17
Tomato sauce,34.33,0.81,7.23,0.27,1.79
Tomato puree,20.62,0.75,3.68,0.25,1.56
Garam masala,254.21,9.89,26.2,10.97,35.56
Chat masala,222.58,8.19,23.87,9.91,18.62
Kashmiri masala,389.02,8.26,23.16,31.03,12.12
Rasam powder (Rasam masala),267.96,12.04,25.19,11.8,35.71
Sambar powder (Sambar masala),297.46,12.5,23.38,15.58,34.56
Tartare sauce,610.93,1.44,2.96,66.12,0.42
Barbeque sauce,121.93,0.96,20.46,4.51,0.69
Bread sauce,111.04,3.46,8.69,7.05,0.56
Green chilli sauce,46.06,1.25,7.36,0.27,1.77
Home made plain noodles,238.78,6.21,44.5,3.56,1.65
Dal moong,43.69,2.2,4.92,1.62,1.08
Cumin seeds baghar (Jeera baghar/tadka),736.81,3.34,5.22,78.77,6.01
Onion tomato baghar (Pyaaz tamatar ka tadka),137.52,1.26,6.17,11.98,2.12
Mustard seeds baghar (Mustard seed tadka),552.59,4.73,10.45,54.3,9.74
Hot cherry sauce,252.74,0.13,67.95,0.07,0.0
Apple jelly (Seb ki jelly),152.13,0.1,39.37,0.21,0.86
Marmalade (Murabba),143.76,0.23,37.64,0.04,0.43
Plum squash (Aloo bukhara squash),211.17,0.16,55.51,0.1,0.52
Lemon green chilli pickle (Nimboo aur hari mirch ka achaar),14.07,0.85,2.14,0.24,1.07
Brinjal pickle (Baingan ka achaar),139.01,2.24,4.23,12.98,4.62
Sweet and sour tomato pickle (Khatta meetha tamatar ka achaar),60.88,1.26,6.55,3.24,2.2
Jhatpat achar with carrot (Jhatpat achaar gajar ke saath),91.21,1.98,6.32,6.55,5.08
Tomato chutney (Tamatar ki chutney),176.07,0.97,31.85,6.01,1.49
Tomato ketchup,33.07,0.91,6.48,0.3,1.9
Bengal 5 Spice Blend (Panch Phoran),289.79,18.26,20.0,22.16,18.4
Sidi Ali,0.0,0.0,4.2,0.0,0.0
perly,97.0,8.0,9.4,3.0,0.0
Eau minérale naturelle,0.0,0.0,0.0,0.0,0.0
اكوافينا,0.0,0.0,0.0,0.0,0.0
Lait,45.0,3.1,4.9,1.5,0.0
Eau De Source,0.0,0.0,0.0,0.0,0.0
Fromage blanc nature,80.6,7.3,6.1,12.0,0.0
uht jaouda 1L,58.0,3.0,4.8,3.0,0.0
Jben,235.0,8.0,3.5,21.0,0.0
Ain Saïss,0.0,0.0,0.0,0.0,0.0
Eau minéral naturelle,0.0,0.0,0.0,0.0,0.0
6.11104E+12,0.0,0.0,0.0,0.0,0.0
Marmite Yeast Extract,260.0,34.0,30.0,0.5,0.0
Prince Goût Chocolat,465.0,6.5,70.0,17.5,4.0
Excellence Noir Prodigieux 90% Cacao,592.0,10.0,14.0,55.0,0.0
Oulmes natural carbonated water,0.0,0.0,0.0,0.0,0.0
Nutella,539.0,6.3,57.5,30.9,0.0
Orange juice,39.0,0.0,9.3,0.0,5.0
Tonik,504.0,4.35,71.7,22.2,0.435
levure pâtisserie,183.0,0.0,43.4,0.0,0.0
Ain Saiss Eau Minerale Naturelle,0.0,0.0,0.0,0.0,0.0
Sésame,467.0,10.0,64.0,18.0,4.6
Confiture de fraise,250.0,0.5,61.33,0.3,0.0
Ain Atlas,0.0,0.0,0.0,0.0,0.0
Yaourt nature,78.5,4.2,8.0,3.3,0.0
Mayonnaise recette originale,592.0,1.12,0.22,65.21,0.0
Sourdough White Ciabattin,230.0,10.1,44.1,0.8,2.9
"coca cola 0,5",45.2,0.0,11.2,0.0,0.0
Chocolat noir - 85% cacao,600.0,12.0,36.0,48.0,16.0
CRISTALINE Eau De Source 0.5L,0.0,0.0,0.0,0.0,0.0
Proper Sourdough,237.0,9.7,46.4,0.7,3.0
SLICED WHITE SOURDOUGH BREAD WITH GRAINS & SEEDS,237.0,10.7,40.2,2.7,4.7
Cheddar,270.0,9.0,6.0,21.0,0.0
Mandeln,621.0,24.5,4.8,53.3,12.1
Sel de table iodé,0.0,0.0,0.0,0.0,0.0
Ketchup star 310 g,108.0,1.12,25.7,0.08,0.0
Cosumar Sucre En Lingot Pour Le Thé 1 kg,400.0,0.0,100.0,0.0,0.0
Cashewkerne,600.0,20.5,19.8,47.6,5.2
Henry’s,440.0,7.6471,76.4706,10.8235,2.3529
Assil,95.5,3.4,14.0,2.7,2.0
Salim,58.0,3.0,4.8,3.0,0.0
Coca-Cola,42.0,0.0,10.6,0.0,0.0
Cremy,109.0,3.6,16.9,3.0,0.0
Ciel,0.0,0.0,0.0,0.0,0.0
Ciel 33cl,0.0,0.0,0.0,0.0,0.0
ain saiss 50cl,0.0,0.0,0.0,0.0,0.0
Cream cheese,257.0,10.0,3.1,18.0,0.0
Spreadable Slightly Salted,706.0,0.5,0.6,78.0,0.0
Oulmes Eau Gazeuse,0.0,0.0,0.0,0.0,0.0
Organic 70% Dark Chocolate Bar,580.0,9.1,36.0,42.0,10.0
KING COOKIES,483.0,5.2,61.5,24.0,0.0
Nescafé Classic,267.0,8.0,34.0,0.5,17.0
Jamila رايبي,72.0,1.9,12.4,1.7,0.0
Eau,0.0,0.0,0.0,0.0,0.0
Aquafina 50cl,1.0,0.1,0.1,0.1,0.0
sauce tomate cuisinée,68.0,1.6,7.6,0.4,2.0
Coke Zero,0.3,0.0,0.0,0.0,0.0
Sable coco Henry s 42g,443.0,7.62,73.8,12.4,2.38
Geröstete Mandel Ohne Zucker,15.0,0.5,0.0,1.1,0.3
Aïn Atlas 50cl,0.0,0.0,0.0,0.0,0.0
Notenmix Mélange de Noix ongebrand - non grillé,646.0,20.4,6.4,58.0,8.5
Oat Drink Barista Edition,61.0,1.1,7.1,3.0,0.8
Lait U.H.T entier,58.0,3.0,4.8,3.0,0.0
margarine la prairie 225g,635.0,1.0,0.7,70.0,0.0
Walnusskerne naturbelassen,712.0,15.5,3.7,69.1,6.8
Biscuits croquants au coeur onctueux de Nutella®,515.0,7.9,64.0,24.8,0.0
Tartine croustillante Authentique,336.0,9.0,62.0,1.5,19.0
Excellence Noir Intense 70% Cacao,566.0,9.5,35.0,41.0,0.0
Familia 200g,532.0,0.2,0.2,60.0,5.0
Star vinaigre de table BLANC,1.0,0.0,0.15,0.0,0.0
Nocciolata,544.0,8.1,54.0,32.0,3.6
Pâte à tartiner noisettes et cacao,551.0,6.7,53.0,34.0,3.3
Weetabix,358.0,11.8,68.4,2.11,10.0
Lightly sea salted crisps,476.0,6.2,49.0,27.0,5.5
Dark chocolate,606.0,10.0,23.9,50.0,12.8
Eau Minérale Naturelle,0.0,0.0,0.0,0.0,0.0
Filets de maquereau,180.0,30.1,0.6,8.5,0.0
Excellence Noir Puissant 85% Cacao,584.0,12.5,22.0,46.0,0.0
Tartine Doux,495.0,0.0,0.0,55.0,0.0
6.11252E+11,73.0,1.3,8.7,3.3,1.4
Aïn Soltane,0.0,0.0,0.0,0.0,0.0
Fourrés Chocolat Noir,476.0,7.6,66.0,19.0,5.2
Confiture De Fraises 430 G,256.0,0.5,63.0,0.5,0.5
Extra dark 74% Cocoa,571.0,9.9,32.0,42.0,0.0
Eau de table,0.0,0.0,0.0,0.0,0.0
Pur beurre de cacahuète,625.0,29.0,12.0,50.0,5.5
Hawai Tropical,41.0,0.0,10.0,0.0,4.0
Lait Entier UHT,58.0,3.0,4.8,3.63,0.0
Organic Lightly Salted Wholegrain Low Fat Rice Cakes,394.0,8.5,82.3,2.7,0.0
Skyr nature 0%,57.0,9.5,3.6,0.105,0.0
Green Tea,0.5,0.5,0.5,0.5,0.2
Pain de mie grandes tranches Seigle & Graines 500g,297.0,12.0,37.0,9.6,7.2
Jasons Sourdough,233.0,9.3,44.8,1.1,3.6
Nocciolata bio,544.0,8.1,54.0,32.0,3.6
FIBRES,333.0,12.0,47.0,5.0,26.0
Krisprolls complets sans sucres ajoutés,400.0,13.0,68.0,6.6,8.3
14 Maxi Tranches complet sans sucres ajoutés,243.0,8.7,42.0,3.0,6.6
Confiture d'abricot,272.0,0.41,67.36,0.0,0.0
Pesto alla Genovese,492.0,4.7,11.0,47.0,3.0
cruesly mélange de noix,462.0,8.5,57.0,19.0,10.0
Momo black,497.0,7.0,70.0,21.0,0.0
poulain,522.0,5.4,60.0,28.0,3.5
Tomato Ketchup,100.0,1.33,23.3,0.0,0.0
Hafer Milch,44.0,1.3,5.5,1.8,1.3
Tuc Original,482.0,8.3,67.0,19.0,2.4
Aïn Ifrane,0.0,0.0,0.0,0.0,0.0
سكر الفانيلين,392.0,0.0,97.6,0.0,0.6
Merendino,410.0,4.0,55.0,20.0,1.8
DANONE ASSIL BANANE,95.0,3.4,0.0,2.7,0.0
مارغرين المائدة,675.0,0.1,0.2,75.0,0.0
1848 Chocolat en poudre,515.0,7.1,63.0,26.0,1.0
El Baraka Confiture D'abricots 430 G,244.0,0.44,60.5,0.0,0.0
Jebli,225.0,6.5,6.9,19.0,0.0
S. Pellegrino Water,0.0,0.0,0.0,0.0,0.0
70% chocolate,566.0,9.5,34.0,41.0,0.0
Nescafé,0.0,0.0,0.0,0.0,0.0
nutella,539.0,6.3,57.5,30.9,3.5
Original Taste,42.0,0.0,10.6,0.0,0.0
Primevère bio doux tartine & cuisson,485.0,0.0,0.0,55.0,0.0
Vegan Bouillon powder,241.0,9.6,30.6,8.4,0.0
raibi jaoda,75.3,2.48,13.58,1.38,0.0
Eyoo cover,452.0,6.0,55.0,23.0,0.0
Tendre nature,119.0,4.2,14.3,5.0,0.0
La salvetat,0.0,0.0,0.0,0.0,0.0
NATURAL YOGURT,126.0,4.08,4.64,10.0,0.48
Yaourt Grec Muesli,140.0,3.3,16.1,7.0,0.0
Dark Rye Crispbread,352.0,10.5,67.6,1.14,14.5
Tartines craquantes au sarrasin imp,388.0,13.4,75.0,2.8,4.4
Danino,132.2,6.5,12.3,6.3,0.0
Coke Zero can,0.3,0.0,0.0,0.0,0.0
Coca-Cola Zero Azúcar,0.4,0.0,0.0,0.0,0.0
Pipas,520.0,24.6,38.9,29.0,2.7
Be Nuts ! - Pâte à tartiner Cacahuète,614.0,21.0,20.0,49.0,4.4
Pomme 🍏 🍎 Noisette🥜,453.0,9.8,62.0,17.0,6.6
Le Beurre Tendre Doux,744.0,0.7,0.8,82.0,0.0
Family Pack,362.0,12.0,74.0,2.0,10.0
LBEN CARTON PASTEURISER,45.0,3.2,4.8,1.3,0.0
Haferflocken,372.0,13.5,58.7,7.0,10.0
Organic Vegetable Stock Cubes,7.0,0.0,0.7,0.4,0.01
Le bon lait,46.0,3.0,4.9,1.5,0.0
4 Garlic & Herb Kebabs,213.0,18.6,6.1,12.4,1.5
Trios,534.0,5.2,54.0,32.1,0.0
Excellence 85% Cacao Rich Dark,584.0,12.4,22.0,48.0,16.4
Dalaa 550 feuilles,0.0,0.0,0.0,0.0,0.0
Le Lait demi écrémé,45.0,3.1,4.9,1.5,0.0
Edelbitter 70% Cacao,544.0,8.8,32.0,40.0,12.0
Flocons d'avoine,362.0,11.0,58.0,7.1,11.0
Tofoo Naked,146.0,16.6,1.14,7.86,1.86
"Bahia, Eau De Table",0.0,0.0,0.0,0.0,0.0
Lait Frais 15 jours,57.2,3.01,4.75,2.91,0.0
Carré Frais,85.0,16.0,4.5,0.3,0.0
La prairie classique,635.0,1.0,0.7,70.0,0.0
Pringles Original,534.0,5.9,56.0,31.0,3.5
Crunchy oats&honey,436.0,8.0,60.0,16.9,6.0
Ghilal Yaourt zr3,106.0,3.5,16.0,3.0,1.1
Figue & son,450.0,9.3,54.0,19.0,13.0
Levure de bière,323.0,46.0,12.0,4.6,25.0
Croustillant Chocolat,433.0,9.8,62.0,14.0,9.8
Roggen Vollkornbrot,209.0,5.71,38.0,1.79,9.29
Pain De Mie Bio,268.0,8.1,47.0,4.2,4.9
Bitter Extra Kraftig,573.0,14.0,10.0,49.0,0.0
Seed Sensations,277.0,10.0,42.0,6.59,5.23
Sardines Huile d'Olive Vierge Extra,554.0,56.1,0.0,36.6,0.0
"Huile de table équilibrée riche en vitamines A,E,D3",900.0,0.0,0.0,100.0,0.0
Nestlé Dessert,548.0,6.0,50.7,34.1,7.3
Petit beurre,427.0,6.6,60.0,17.5,1.2
jempo,0.0,0.0,0.0,0.0,0.0
Pains au lait x10,353.0,8.6,55.0,11.0,3.5
Chocolat au lait,539.0,6.5,57.0,31.0,2.3
Moutarde 10.50 g,158.7,7.44,7.07,11.19,0.0
Bakery Co. 5 The Original Bagels,229.0,7.8,42.0,2.2,2.6
Coca Cola,42.0,0.0,10.6,0.0,0.0
Kefir Natural Fermented Yogurt,64.0,4.7,5.4,2.1,0.0
RICORE Original,141.0,2.7,9.1,0.5,45.3
Brioche Tranchée Bio 400g,336.0,8.8,52.0,9.4,3.9
Croissance réduit en sucre,64.0,2.5,7.7,2.6,0.0
Beurre Frais Pasteurisé,746.0,0.1,1.0,82.0,0.0
Philadelphia,226.0,5.4,4.3,21.0,0.2
High Protein Chocolate Flavour Pudding,76.0,10.0,5.2,1.5,0.0
Eau minérale naturelle gazeuse,0.0,0.0,0.0,0.0,0.0
BEANZ In a rich tomato sauce,79.0,4.7,12.9,0.2,3.7
Pulco Citron,11.5,0.1,0.8,0.0,5.0
Real Mayonnaise,725.0,1.1,1.4,79.0,0.0
King cookies choco,475.0,5.4,60.4,24.0,0.0
Granatapfel Sauerkirsche Fruchtgummi,138.0,2.88,27.2,1.84,0.0
Vegetable Fat Spread with 10% Olive Oil,531.0,0.5,0.5,59.0,0.0
Pesto Rosso,329.0,3.8,12.0,29.0,2.3
Sirop d'Agave,457.0,0.7140000000000001,115.0,0.7140000000000001,0.7140000000000001
Lidl Organic Dark Chocolate,600.0,10.0,46.666666666667005,40.0,10.0
Fruit & Nut Mix,504.0,10.8,40.5,31.7,6.9
Carré Frais - Nature,193.0,12.0,2.5,15.0,0.0
Peripella,555.0,5.1,53.0,35.0,3.6
Yaourt tendre,121.0,4.2,14.9,5.0,0.0
Vanille au soja,66.0,3.7,7.5,2.1,0.9
Beurre bio cacahuète,622.0,26.0,13.0,50.0,8.3
Weetabix produit à base de blé complet 100%,363.0,12.0,69.1,2.13,10.1
Almond Drink,14.0,0.5,0.0,1.2,0.0
5% Greek Yogurt,93.0,9.0,3.0,5.0,0.0
Cappy pulpy,37.0,0.0,9.0,0.0,0.0
Wheat Bisks,353.0,11.8,68.4,2.11,10.0
Rye & Mixed Seed Sourdough Bread,262.0,8.6,44.0,4.4,6.8
Excellence Noir Subtil Doux 70% Cacao,610.0,6.9,33.0,48.0,0.0
La gâche tranchée,341.0,8.1,49.0,12.0,0.0
Bol Bol Ketchup,122.0,1.0,28.0,0.1,0.0
Tranches Au Goût Cheddar,281.0,8.0,21.0,8.0,0.0
st hubert bio & végétal,495.0,0.0,0.0,55.0,0.0
Sour Cream & Onion,537.0,6.67,51.5,33.3,3.7
Assaisonnement aromatisé au citron,1.0,0.0,0.1,0.0,0.0
"Muesli Raisin, Figue, Abricot",352.0,11.0,59.0,5.8,10.0
Nesquik,386.0,5.1,78.9,3.6,7.7
Arome MAGGI,69.0,9.8,6.5,0.5,0.5
Levure rafiaa,0.0,0.0,0.0,0.0,0.0
Menguy's Peanut 100%,610.0,28.0,13.0,48.0,7.0
Sirop d'érable ambré goût riche,268.0,0.0,67.0,0.0,0.0
Tartines campagne 450g,274.0,8.9,43.0,6.5,3.9
Muscly la force pour grandir,161.0,7.6,15.7,7.5,0.0
Chocolat Noir 92% cacao,580.0,15.0,14.0,49.0,0.0
pain de mie grandes tranches spécial sandwich complet,258.0,8.3,43.0,4.5,6.3
Seeded Sourdough Bread,265.0,9.5,43.0,4.9,5.5
Biscoff à tartiner,584.0,2.9,57.0,38.1,0.8
Granola L'Original,491.0,5.9,62.0,23.0,3.5
PRESSup ORANGE 1L,37.0,0.1,8.7,0.0,0.2
Concentré de tomates Aicha,31.6,1.24,6.41,0.108,0.8109999999999999
Olla,73.0,1.3,8.7,3.3,1.3
Cracotte Céréales Complètes,380.0,11.0,75.0,2.8,5.4
Kinder Bueno,572.0,8.6,51.5,37.3,2.0
Special Muesli 30% fruits & noix,362.0,10.0,60.0,7.2,8.8
Runny Honey imp,329.0,0.5,81.5,0.5,0.5
Oulmès eau minerale naturellement gazeuse,0.0,0.0,0.0,0.0,0.0
Dark Chocolate,590.0,7.0,35.0,45.0,11.0
Skyr | Natural Fat Free | 0% Fat,60.0,10.0,4.0,0.2,0.0
Chips,494.0,7.7,56.7,25.4,4.0
Pâte d'arachide,582.0,24.3,24.8,48.2,6.5
Pringles Sare,530.0,6.1,55.0,31.0,3.5
BUTTERY,677.0,0.5,0.5,75.0,0.0
wasa,338.0,9.0,62.0,1.5,20.0
Greek Style Yoghurt,122.0,4.64,3.2,10.0,0.0
Henry's Sable Coco Biscuit 85G,376.5,6.5,63.0,10.5,2.3
Ricoré original,141.0,2.7,9.1,0.5,45.3
Cracotte,387.0,11.0,78.0,2.7,3.0
Biscuit raisins,442.0,8.5,68.0,14.0,4.9
Seriously Good Times Mayonnaise,644.0,0.8,3.0,70.0,0.0
6.11127E+12,167.8,5.3,0.0,7.4,0.0
Mayfine,356.0,0.45,85.0,0.6,0.0
Nesquik Cocoa,382.0,5.1,78.0,3.6,7.7
Nutri+ avoine chocolat,454.0,8.2,61.0,18.0,7.6
Goût chocolat,463.0,6.5,69.0,17.0,3.9
Everyday White Rolls,245.0,10.0,48.9,0.75,1.8
Organic Chicken Stock Cubes 8 Pack,7.0,0.1,0.7,0.5,0.0
Strawberry Jam,241.0,0.4,59.0,0.1,1.2
digestives,483.0,7.0,63.6,21.3,3.7
Quaker Rolled Oats,368.0,12.3,63.0,8.5,10.0
Mandelmilch mit Zucker,22.0,0.4,2.4,1.1,0.4
Harrys brioche tressee nature au sucre perle sans additifs 500g,356.0,8.6,49.0,13.0,4.5
Maille Moutarde Fine de Dijon L'Originale Bocal 360g,144.0,7.6,2.6,10.0,3.8
Crunchy Peanut Butter,643.0,27.7,7.4,54.3,6.7
Protein Cacahuetes🥜 & Chocolat🍫,488.0,25.5,27.5,28.2,10.8
Tartines craquantes quinoa - pois chiche sans gluten,378.0,9.6,79.0,1.6,4.7
Brazil Nuts,700.0,17.0,2.67,66.7,10.0
Paysan Breton - Le Fromage Fouetté Madame Loïk - Nature au Sel de Guérande,252.0,5.9,3.0,24.0,0.0
Delicia double concentre de tomates,91.0,4.13,18.35,0.09,0.0
Vip crema gold,0.5,0.5,0.5,0.5,0.5
Lightly Salted Low Fat Corn Cakes,359.0,6.9,81.4,1.38,0.0
Aïn Ifran Eau minérale naturelle,0.0,0.0,0.0,0.0,0.0
Menguy's Beurre de cacahuètes creamy,629.0,25.0,12.0,52.0,6.7
Snickers,481.0,8.6,60.5,22.5,4.3
Eau minerale,0.0,0.0,0.0,0.0,0.0
100% mie complet 500g,250.0,7.5,42.0,4.3,6.5
Crumpets,176.0,6.0,35.3,0.727,2.0
Figolu,400.0,4.69,71.9,8.12,3.12
Nutritional Yeast Flakes,349.0,47.0,39.0,5.0,20.0
Sojasauce,77.0,10.0,3.2,0.0,0.0
Krit krititas galletas saladas,505.0,6.5,60.0,26.0,2.5
Star Mayonnaise,592.0,1.12,0.0,65.21,0.0
SPAGHETTI N° 5,359.0,13.0,71.0,2.0,3.0
BjORG AMANDE ALMOND SANS SUGRES- NO SUGAR,25.0,0.7,1.6,1.7,0.5
Délicia - Confiture d'abricot,272.0,0.41,67.36,0.12,0.0
Tartine doux,495.0,0.0,0.0,55.0,0.0
ProActiv Margarine Tartine,314.0,0.5,0.5,35.0,0.0
41022,0.0,0.0,0.0,0.0,0.0
flan caram jao dan,3.0,2.0,18.0,7.0,3.0
Oméga 3® Doux,468.0,0.0,0.0,52.0,0.0
Yaourt Nature,66.2,3.0,6.7,3.0,0.0
Crunchy avoine et miel,467.0,8.7,64.3,18.1,6.4
Coca-Cola original taste,42.0,0.0,10.6,0.0,0.0
kefir drink original,59.2,3.52,4.8,2.92,0.0
No. 6 Sourdough Majestic Malted,255.0,9.3,47.0,2.7,3.6
Biscuit lait chocolat,457.0,8.5,65.0,17.0,5.0
Natur mit Kokosnuss,54.0,3.9,2.4,2.8,0.9
Fermented Coconut Yoghurt Alternative,120.0,1.2,6.9,10.0,1.0
"Muesli SuperFruits Raisins, cassis,cranberry, myrtille",358.0,11.0,60.0,6.0,10.0
Toffifee 15er,521.0,6.0,58.9,29.0,0.0
Boisson à l’avoine,45.0,0.8,6.3,1.5,1.4
Kiri carré 8p,230.0,9.0,3.5,20.0,0.0
Crunchy Avoine & Chocolat Noir x 5 x 2 barres de 21 g,473.0,8.7,61.5,19.8,7.0
Dark Rye Sourdough,234.0,7.9,45.1,1.3,5.2
Tomates cerises allongées,0.0,0.0,0.0,0.0,0.0
Cookie🍪 cacao pépites Sans Sucre,414.0,8.0,61.0,18.0,8.9
Ramona's Heavenly Houmous,272.0,6.4,10.5,21.6,5.0
Perly fromage,262.0,10.0,6.0,22.0,0.0
Fage Total 0% Yogurt,54.0,10.3,3.0,0.0,0.0
Amora Moutarde Forte Bocal 430g,145.0,7.7,2.7,10.0,3.8
Organic Natural Yoghurt,72.0,4.2,4.9,3.8,0.0
Corn Flakes,378.0,7.0,84.0,0.9,3.0
Dark milk chocolate,597.0,9.9,36.2,44.6,5.6
MULTISEED WHOLEMEAL FARMHOUSE LOAF,270.0,12.8,34.2,7.5,7.4
petit déjeuner miel et pépites de chocolat,409.0,5.7,60.0,15.0,7.6
Biscuit soja orange,444.0,11.0,66.0,14.0,4.9
Biscottes 6 Céréales,402.0,13.0,67.0,7.8,5.0
Sablés Anglais L'Original,483.0,7.0,63.6,21.3,3.7
P'tit Nature Complet,416.0,7.6,70.0,10.0,7.6
Hule D'olive,822.0,0.0,0.0,90.0,66.0
Haferdrink Barista,61.0,1.1,7.1,3.0,0.8
Pâte à tartiner Nutella noisettes et cacao - 750g,539.0,6.3,57.5,30.9,0.0
Excellence Noir Corsé 78% Cacao,576.0,10.0,24.0,46.0,0.0
Cacao en Poudre Non Sucré,379.0,20.0,11.0,21.0,28.0
PET 2L OASIS TROPICAL,28.0,0.1,6.6,0.0,0.0
Press up,54.0,0.4,13.0,0.1,0.1
Картофельные чипсы со вкусом парики,522.0,6.7,54.0,30.0,4.4
Danette chklat,135.0,2.900000095,19.79999924,5.0,0.0
Brioche moins de sucre,327.0,8.4,45.1,11.0,7.2
AQUAFINA,0.0,0.0,0.0,0.0,0.0
Pâte à tartiner,522.0,5.4,60.0,28.0,3.5
White Sourdough,238.0,7.5,43.4,2.8,4.7
double zéro Cerise,48.3,3.4,8.23,0.2,0.0
Tomato Ketchup BIO,112.0,1.4,25.3,0.1,0.0
Sprite,34.0,0.0,8.3,0.0,0.0
Huile d'olive vierge extra,828.0,0.0,0.0,92.0,0.0
vinaigre de table blanc,0.88,0.0,0.15,0.0,0.0
Les tranches Végé - lentilles corail,143.0,8.1,11.0,6.5,3.8
Pain de mie Bio grandes tranches céréales & graines 500g,310.0,9.2,47.0,8.6,4.0
Atun,198.0,27.0,0.0,10.0,0.0
Pain grillé au blé complet,387.0,12.0,71.0,4.9,5.1
Flocons d'avoine complète,375.0,11.0,60.0,8.0,9.0
St Môret,205.0,8.3,3.0,17.8,0.0
Cacao,0.0,0.0,0.0,0.0,0.0
Alvalle Gazpacho l'original,40.0,0.9,3.5,2.2,1.2
Star moutarde,158.7,7.44,4.95,11.19,0.0
Chocolat monogram,528.0,5.0,56.0,30.0,7.3
Organic Piadina 4 Wholeblend Flatbreads with Extra Virgin Olive Oil,305.0,7.87,46.7,8.53,4.53
Lentil & Pea Veggie Cakes - Beetroot & Balsamic,426.0,25.5,51.1,11.7,6.38
Fourrés Chocolat au Lait,486.0,7.5,67.0,20.0,3.8
Pringles,534.0,5.9,56.0,31.0,3.5
Houilor,900.0,0.0,0.0,100.0,0.0
Country Crisp 4 noix,465.0,11.0,58.0,20.0,6.1
Double concentré de tomates,123.0,4.6,24.0,0.4,3.0
Digestive Avena Choco,476.0,7.6,61.0,21.0,6.5
Maizena Fleur de Maïs Sans Gluten 400g,355.0,0.5,86.0,0.5,1.0
Caobel,366.0,5.2,79.9,2.9,0.0
Petit Pains Grillés Blé complet,408.0,10.0,66.0,10.0,6.9
NESQUIK Moins de Sucres,0.0,0.0,0.0,0.0,0.0
Ratatouille Cuisinée à la Provençal,72.0,1.3,5.7,4.1,3.4
Dan up,46.4706,1.4118,8.6471,0.7059,0.0
Authentic Greek Yogurt,132.0,5.9,4.6,10.0,0.0
Delicia,250.0,0.5,61.33,0.3,0.0
Pure Irish Butter,744.0,0.6,0.6,80.0,0.0
Chickpeas In Water,115.0,6.75,20.2,2.25,6.92
Chocolate Negro,569.0,14.0,17.0,47.0,0.0
Chicorée soluble nature,0.0,0.0,0.0,0.0,0.0
Star moutarde 200 g,148.0,7.44,4.95,10.97,0.0
ice,54.0,0.03,13.6,0.0,0.0
POM'POTES Compotes Gourdes Pomme Nature 1x90g,61.0,0.5,13.0,0.6,1.2
Joly Thon Entier,175.0,33.0,0.97,1.1,0.0
"Chicorée & Café, RICORÉ® L'Original, Boîte de 260g",141.0,2.7,9.1,0.5,45.3
Aicha Tomato Paste,117.0,4.6,23.7,0.4,3.0
180G C OR NOIR NOISETTE,569.0,7.3,43.0,39.0,7.8
simply nutty muesli,376.0,9.9,64.4,6.8,8.6
Le Choco,398.0,6.8,70.4,7.9,9.1
HP Sauce Original imp,120.0,0.667,28.0,0.667,0.0
Classic Torinesi Breadsticks,402.0,19.8,75.0,6.5,1.2
Harrys pain de mie 100% mie nature sans croute 500g,264.0,7.0,48.0,4.0,4.0
Pain de mie grandes tranches Toastiligne complet,226.0,10.0,39.0,1.9,6.2
Danone (zéro sucre ajouté zéro matière grasse),48.0,3.4,8.14,0.2,0.0
Activia Céréales,101.0,3.4,14.3,3.3,1.53
Nutella 400g,539.0,6.3,57.5,30.9,0.0
Oméga 3 Doux Tartine & Cuisson,468.0,0.0,0.0,52.0,0.0
Wholemeal Sliced Wholemeal Bread,227.0,10.5,37.8,2.52,6.3
Bitesize shredded wheat,367.0,11.8,68.7,2.2,12.5
Puy Lentils & French green lentils,148.0,11.0,19.0,1.7,5.2
Doce Extra Fresa Morango,241.0,0.4,57.8,0.3,0.0
Coco specialty,630.0,7.0,39.0,48.0,0.0
Salade & Compagnie Manhattan Poulet Roti,131.0,8.31,17.0,3.12,2.81
Poudre stevia,2.0,0.0,99.0,0.2,0.0
Sidi Ali Kids,0.0,0.0,0.0,0.0,0.0
Anchor spreadable,632.0,0.5,0.5,70.0,0.0
Barres de fruits secs & noix Myrtilles,368.0,6.6,56.0,11.0,9.5
Hand finished seeded sourdough bread,251.0,8.8,43.0,3.9,5.1
Tagger,535.0,3.3,64.0,29.0,1.5
Goûter 4S Saveur pommes,456.0,7.6,65.0,17.0,6.5
Ciel 50cl,0.0,0.0,0.0,0.0,0.0
Super Seedy & Nutty Granola,402.0,10.9,50.2,14.4,14.4
Wheat Biscuits,358.0,12.1,67.9,2.11,10.0
Protein Cocoa Hazelnut Bars,421.0,16.1,32.6,21.7,15.4
Vegan Spread,632.0,0.5,0.5,70.0,0.0
Pâte à tartiner noisette du Lot et Garonne cacao,552.0,8.6,56.0,33.0,0.0
Majoneesi,720.0,1.1,1.4,79.0,0.0
Thé - Biscuits,453.0,7.5,73.0,14.0,3.4
Petites Madeleines,419.0,5.5,54.0,21.0,1.5
Goûter pépites de chocolat,452.0,9.62,62.5,16.8,5.77
Cream of Tomato Soup,51.0,0.8,6.8,2.1,0.6
Ain Saiss,20.0,0.0,4.9,0.0,0.0
"CRISTALINE Eau De Source Pétillante 1,5L",0.0,0.0,0.0,0.0,0.0
Sea salt & cider vinegar chips,467.0,5.8,51.0,25.0,5.1
Coulommiers Doux et Crémeux,283.0,18.0,1.0,23.0,0.0
Nescafe classic,10.0,0.5,0.5,1.0,0.5
Heinz [Seriously] Good Mayonnaise,644.0,0.8,3.0,70.0,0.0
Muesli avoine chocolat bio,390.0,12.0,59.0,9.6,10.0
eau minérale,0.0,0.0,0.0,0.0,0.0
eau minerale,0.0,0.0,0.0,0.0,0.0
Tomato Ketchup 910g,102.0,1.2,23.2,0.1,0.0
Finn Crisp Original,350.0,10.0,61.0,2.6,20.0
Príncipe crema de chocolate,468.0,6.25,70.0,17.0,3.0
Moelleux goût choco-noisette,398.0,5.2,60.0,14.2,6.9
Kinder Bueno White,571.0,8.5,53.0,35.9,0.0
meat feast pizza,187.0,9.65,25.1,5.02,1.78
"Fermentiertes Sojaprodukt, Ungesüßt",42.0,4.0,0.0,2.3,0.9
6 Wraps blé complet,295.0,9.14,48.1,6.03,5.17
NESQUIK Cacao,386.0,5.1,78.9,3.6,7.7
Le Goût Primeur format familial,205.0,8.3,3.0,17.8,0.0
Malt Wheats,362.0,11.0,82.0,1.25,11.0
Double concentre de tomate,117.0,4.6,23.7,0.4,3.0
Caprice des dieux,333.0,15.0,0.8,30.0,0.0
Shot de gingembre bio,39.0,0.5,7.9,0.5,0.0
PROPERCHIPS Sea Salt Lentil Chips,480.0,10.0,60.0,21.5,2.5
Napolitain l'Original,430.0,4.33,56.7,19.7,2.0
PRESIDENT CAMEMBERT 250g,269.0,20.0,0.0,21.0,0.0
Asta,8.0,2.0,3.0,9.0,3.0
Lio huile de table,900.0,0.0,0.0,100.0,0.0
Muesli,370.0,12.0,65.0,5.5,8.0
Crispy minis imp,385.0,10.0,70.0,5.0,10.0
Nocciolata - Pâte à tartiner au cacao et noisettes,545.0,5.4,55.0,33.0,4.8
Grilletine au froment sans sucres ajoutés,425.0,13.0,68.0,9.6,7.4
Semi-Skimmed 1.8% Fat Milk,50.0,3.6,4.8,1.8,0.11
Seeded Batch,293.0,10.6,39.7,8.9,6.0
Petits fours financiers,452.0,8.1,52.0,22.9,0.0
Be Nuts! Pâte à tartiner Cacahuète,612.0,22.0,18.0,49.0,5.4
Biscuits pavot citron,454.0,8.9,66.0,16.0,5.0
63% fat spread with buttermilk,575.0,0.7,1.0,63.2,0.0
The Original Crunchy Rye Breads,352.0,10.5,68.6,0.952,13.3
Mango ohne Zuckerzusatz,62.0,3.7,6.0,2.1,1.0
Blueberry Muffin Myrtilles,374.0,6.57,57.1,11.1,9.43
Kefir,59.0,3.5,4.6,2.9,0.0
5% Greek Yoghurt,93.0,9.0,3.0,5.0,0.0
Lurpak Lighter,516.0,0.3,0.4,57.0,0.0
Pain de mie american sandwich complet sans sucres ajoutés 600g,280.0,7.7,43.0,6.8,8.1
merendina big,402.0,4.1,55.0,19.0,1.7
Raspberry Conserve,239.0,0.7,57.0,0.2,3.4
Coca-Cola slim 25cl,42.0,0.0,10.6,0.0,0.0
Velouté Fraise,94.7,2.3,14.7,3.0,0.0
NESTLE CHOCAPIC BIO Céréales 375g,390.0,9.1,71.7,5.6,8.2
Tasty Wholemeal Medium,220.0,10.0,37.8,1.75,6.75
Levure chimique en poudre,71.4,0.0,21.4,0.0,0.0
Les Tranches Végé Pois chiches,138.0,8.1,11.0,6.0,3.8
Super Seeded Oatcakes,460.0,12.0,50.0,21.0,11.0
50/50 Medium Bread,235.0,9.5,42.0,2.25,11.8
Middle Eastern Plant-Based Falafels,222.0,7.6,20.0,9.9,11.0
Belvita Original Petit-Déjeuner miel et pépites de chocolat,444.0,7.3,67.0,15.0,5.7
Piadina,299.0,8.93,46.7,7.87,2.0
Baked Beans in a Rich Tomato Sauce,91.0,4.7,14.5,0.5,4.7
Levure,0.0,0.0,0.0,0.0,0.0
Céréales Chocapic,388.0,8.8,73.6,4.8,7.5
Véritable Petit Écolier Chocolat au Lait,498.0,6.2,65.0,23.0,2.8
Galletas fibra zero azúcares,431.0,6.1,65.0,17.0,9.3
Grilletines blé complet,418.0,13.0,65.0,10.0,6.7
Low Sugar Nuts & Seeds Granola imp,447.0,13.9,56.8,16.0,10.0
Badoit 1 L PET,0.0,0.0,0.0,0.0,0.0
Primevère Tartine & Cuisson,566.0,0.0,0.0,63.0,0.0
Belvita Petit Déjeuner Chocolat,439.0,7.9,66.0,14.0,6.8
Wholemeal Bread,228.0,10.5,37.7,2.23,6.47
Proper Corn Sweet & Salty,465.0,7.6,56.5,20.4,12.6
Leben JAOUDA,43.7,3.2,4.8,1.3,0.0
Kiri,225.0,8.75,3.75,20.0,0.0
High Protein Pudding Vanilla,75.52581261,10.0,5.2,1.5,0.0
Guacamole,149.0,1.9,2.0,13.7,5.0
Edelbitter Mild 90%,605.0,11.0,16.2,51.9,14.6
Véritable Petit Beurre Pocket,440.0,8.1,72.0,12.0,3.8
Mature Cheddar,416.0,25.4,0.1,34.9,0.0
Squeezy Honey,331.0,0.3,82.4,0.0,0.2
Harrys beau & bon pain de mie farine de ble cereales & graines 320g,286.0,12.0,42.0,6.5,6.0
Pâte a tartiner,522.0,1.3,71.8,25.5,0.0
Beurre de cacahuètes,595.0,29.0,12.0,46.0,8.4
Albane,59.0,3.2,4.8,3.0,0.0
Vitalite Dairy Free Spread,504.0,0.0,0.0,56.0,0.0
Chips de lentilles saveur fines herbes,453.0,13.0,56.7,19.0,7.33
HERTA LE BON PARIS Jambon à l'étouffée sans nitrite x4-140g,109.2,21.0,0.9,2.4,0.0
Raibi jamila,58.6,1.6,10.2,1.3,0.0
Flora Natural Ingredients Lighter,252.0,0.5,0.5,28.0,0.0
Chocolat noir Equateur Bio,639.0,9.0,20.6,55.3,11.5
Nutella pâte à tartiner aux noisettes et au cacao,539.0,6.3,57.5,30.9,0.0
Huile d'olive vierge de Maroc,900.0,0.0,0.0,100.0,0.0
Red Bull,46.61,0.0,11.0,0.0,0.0
Lait naturel,58.0,3.0,4.8,3.0,0.0
Gehackte Tomaten,35.0,0.8,5.0,0.1,1.8
Biscuit complet au germe de blé,440.0,9.52,65.5,14.3,7.14
Country Crisp - Chocolat noir 70% cacao,453.0,9.2,63.5,16.7,6.0
Milka galette choco,504.5411089,5.7,65.0,24.0,2.7
Pesto Classic Basil,380.0,4.9,8.0,36.0,2.3
Ryvita Multigrain Crispbread,352.0,12.4,55.2,4.76,17.1
Slightly Salted Spreadable Butter,692.0,0.6,1.6,75.9,0.1
Margarine patissière,657.0,0.0,2.0,73.0,0.0
Chergui Lait,45.5,3.1,4.9,1.5,0.0
Tartines craquantes sarrasin,370.0,12.0,75.0,1.7,3.5
La bûche Sainte-Maure (Poitou-Charentes,291.0,20.0,1.0,23.0,0.0
Confiture De Fraises Aicha,239.0,0.0,59.8,0.3,1.5
Samar Gusto Coffee 45g,0.0,0.0,0.0,0.0,0.0
Huile Lesieur 3 Graines,900.0,0.0,0.0,100.0,5.0
Organic Porridge Oats,360.0,11.2,60.0,6.0,9.75
Original Doux & crémeux,253.0,10.0,6.0,21.0,0.0
Cocoa Orange Fruit & Nut Bars,394.0,8.57,51.4,15.4,8.57
Leben BELDI,48.0,3.0,5.0,1.8,0.0
Jutos,42.2,0.0,10.0,0.0,0.0
MARG VITAL OVAL PF 200G,514.0,0.5,0.5,57.0,0.0
weetabix,349.0,11.5,66.7,2.05,9.74
Huile d'olive,900.0,0.0,0.0,92.0,0.0
Basilico 400g eu,64.0,1.6,7.6,2.6,1.9
Tomate frito,77.0,1.5,9.5,3.5,0.0
"Alpro Haferdrink, Ungesüßt 1 L, FRESH",40.0,0.2,5.8,1.5,1.2
Miel crémeux français & responsable,0.0,0.0,0.0,0.0,0.0
El Mejor chef fromage 16p,0.0,0.0,0.0,0.0,0.0
Excellence Noir à la Pointe de Fleur de Sel,537.0,5.7,52.0,32.0,0.0
NAKD Cacahuètes - 140g (4x1p),442.0,12.0,42.0,23.0,9.3
Organic oat drink,39.0,1.1,7.2,0.5,0.8
Penne Rigate N°73,359.0,13.0,71.0,2.0,3.0
Pesto con Rucola,444.0,4.5,6.7,44.0,1.8
COCA COLA PET 1.25L CT,42.0,0.0,10.6,0.0,0.0
Alpro Barista Avena / Hafer,59.0,0.8,6.7,3.0,1.0
Velouté,78.8,1.9,0.0,2.85,0.0
Tartimiel® Lune de Miel® doseur 250 g,320.0,0.0,80.0,0.0,0.0
Cream Crackers,440.0,10.0,67.7,13.5,3.8
Toastie Thick Sliced Soft White Bread,244.0,9.1,46.4,2.0,2.3
Atún con tomate,155.0,17.0,2.7,8.5,0.4
شاي النسمة,0.0,0.0,0.0,0.0,0.0
Indomie Shrimp Noodles,447.0,8.57,67.1,15.7,4.29
Pistaches de Californie,605.0,26.0,10.0,49.0,7.0
Organic Crisp Bread,442.0,18.0,47.0,18.0,10.0
Original Philadelphia,226.0,5.4,4.3,21.0,0.2
b,225.0,5.4,4.3,21.0,0.2
Dijon Originale,151.0,7.0,3.5,11.0,0.0
Brioche Tranchée Recette Classique,345.0,8.0,51.0,11.0,5.0
Jutos cocktail,0.0,0.0,0.0,0.0,0.0
AïnIfrane,0.0,0.0,0.0,0.0,0.0
Véritable Petit Beurre,440.0,8.0,72.0,12.0,3.2
Gnocchi à poêler,190.0,5.0,35.0,2.7,2.6
Peanut butter Creamy,605.0,26.9,16.6,43.4,7.7
Lait uht 1/2 écrémé,47.0,3.3,4.8,1.6,0.0
Smooth Peanut butter,639.0,26.3,9.2,54.5,6.5
Italian Original Breadsticks,414.0,11.2,73.1,7.9,2.8
Soyamilch,39.0,3.0,2.5,1.8,0.5
"Sweet & Salty Nut chocolat noir et mélange de noix, 5 barres de 30 g",464.0,9.5,50.0,22.9,10.1
Vanilla Ice Cream,251.0,4.3,20.0,17.0,0.0
Sirop d'agave,325.0,0.01,80.0,0.5,0.01
Grand Arôme 32% de Cacao,0.0,0.0,0.0,0.0,0.0
Whole Grain Rye Bread,201.0,5.2,38.9,1.0,7.7
Assiri Panaché,65.0,0.7,13.1,1.07,0.0
Ain atlas 33cl,0.0,0.0,0.0,0.0,0.0
Ghani,80.0,3.2,13.3,1.6,0.0
La Panée Soja et Blé,235.0,12.3,17.6,11.7,5.3
Leben,54.6,3.1,5.1,2.4,0.0
White Sourdough Loaf,231.0,9.4,44.6,0.7,4.5
Nocciolata Bianca,545.0,14.5,46.0,33.0,2.8
frut,32.0,0.0,7.9,0.0,0.0
Sabra Houmous Extra,367.0,7.0,9.0,33.0,0.0
Organic Beef Stock Cubes 8 Pack,7.0,0.1,0.6,0.5,0.0
Organic Baked Beans,87.0,4.6,14.0,0.5,3.7
original shredded wheat,360.0,12.2,66.7,2.2,12.2
Perrier,0.0,0.0,0.0,0.0,0.0
Pork Sausages,246.0,21.6,0.0,18.0,0.0
Protein packed lentil cakes,379.0,27.3,60.6,1.52,7.58
Cheese Oatcakes,473.0,13.6,44.7,26.6,7.2
Wholegrain Wheat Bixies,362.0,12.7,67.8,2.25,9.5
Granola LU,503.0,5.7,60.0,26.0,3.3
Cuites au four nature,442.0,5.9,73.0,13.0,6.2
Cruesli Chocolat noir,455.0,8.1,57.0,19.0,10.0
Country Crisp 4 Baies,432.0,9.1,67.0,13.0,6.0
Irish Organic Jumbo Oats,370.0,11.2,65.0,5.75,8.25
Lait sans lactose,58.0,3.0,4.7,3.0,0.0
Multivitamin Capri-Sun,31.0,0.0,7.3,0.0,0.0
Poms 2,270.0,0.0,69.0,0.0,0.0
PET 1.25L FUZE TEA PECHE,19.0,0.0,4.3,0.0,0.0
Classic,1.0,0.2,0.3,0.0,0.0
Raw kimchi,15.0,1.1,1.0,0.4,1.8
Sour Cream & Onion®,517.0,6.3,56.0,29.0,3.5
Smooth Peanut Butter,609.0,26.0,16.0,47.0,8.1
Confiture de fraises,245.5,0.47,61.3,0.16,0.0
Belvita Brut & 5 céréales complètes,438.0,7.8,66.0,14.0,6.1
Crema de cacahuetes 100%,608.0,30.0,12.0,47.0,8.2
Beurre doux gastronomique,745.0,0.7,1.0,82.0,0.0
PET 1.75L COCA,42.0,0.0,10.6,0.0,0.0
Sauce tomate Bol bol,73.0,1.3,8.7,3.3,1.4
El Baraka,248.0,0.0,14.0,0.17,0.0
Jaouda Cremy Yaourt - Yougart With Strawberries,109.0,3.6,16.9,3.0,0.0
Biscotti,193.0,3.0,31.0,6.0,1.0
Chocolate negro 95% cacao,592.0,12.8,12.8,51.2,10.4
Goûter aux raisins,434.0,9.4,64.0,14.0,6.4
CONTREX eau minérale naturelle,0.0001,0.0001,0.0001,0.0001,0.0
INTEGRALE PENNE RIGATE,347.0,13.0,64.0,2.5,8.0
Salsa de Soja,87.0,10.0,6.7,0.0,0.0
Kiri-Käse,303.0,9.0,2.0,29.0,0.0
Avoine - Boisson biologique,45.0,0.5,7.0,1.5,0.5
Pringles sour cream,517.0,6.3,56.0,29.0,3.5
Miettes de Maquereaux à la sauce tomate et aux épices,180.1,30.1,0.6,6.4,0.0
Linea,32.0,3.1,5.0,0.0,0.0
Granola L'original Gros éclats de chocolat,503.0,5.7,60.0,26.0,3.3
Skyr,57.0,9.5,3.6,0.5,0.5
Kiri carré 36,230.0,9.0,3.5,20.0,0.0
6111265930385&quot;,0.0,0.0,0.0,0.0,0.0
Copos de avena,375.0,14.0,59.0,7.0,10.0
Toblerone,528.0,5.6,61.0,28.0,2.4
Huile d'olive vierge extra Bio Classico,821.0,0.0,0.0,91.0,0.0
Crunchy peanut butter,595.0,27.0,10.0,49.0,7.5
Organic Milk Chocolate,561.0,9.8,48.0,36.0,2.8
Oat so Simple,370.0,11.1,59.3,7.78,8.89
Hand Finished White Sourdough,242.0,8.0,44.0,2.7,5.2
KÉFIR,48.0,3.4,4.7,1.5,0.0
Miel de fleurs,302.0,0.5,75.1,0.5,0.5
Tartines de Pain Blé Complet,382.0,13.0,67.0,5.0,8.7
Kiri® Crème 12 portions,303.0,9.0,2.0,29.0,0.0
Fage,54.0,10.3,3.0,0.0,0.0
NESTLE CHOCAPIC Céréales 375g,384.0,8.5,73.8,4.4,7.7
Noir Extra,508.0,4.9,55.0,28.0,7.2
Jnane nature sans sucre,75.4,4.2,7.0,3.4,0.0
Hafer Flocken Zart,371.0,13.2,59.5,6.7,9.7
4 Greek Style Flatbreads,255.0,11.3,39.7,4.2,6.7
Kéfir,75.0,3.9000000953674303,5.5,4.1999998089999995,0.0
Heudebert Fibre +,384.0,15.0,63.0,5.7,12.0
Pain AMS complet,253.0,7.7,41.7,4.5,7.2
Le cookie Chocolat Noisette,496.0,7.4,55.0,26.0,6.3
All-Bran Original,0.0,14.0,48.0,3.5,27.0
Organic Classic Canadian Maple Syrup,271.0,0.5,65.0,0.5,0.5
Easy Bake Yeast,2.0,0.0,0.5,0.0,0.0
Frommage fondu,298.0,7.0,9.0,26.0,0.0
Miel de Fleurs Liquide Doseur 500g,320.0,0.0,80.0,0.0,0.0
Tartine & Cuisson 100% végétal,566.0,0.0,0.0,63.0,0.0
Tartines céréales 450g,298.0,10.0,39.0,10.0,5.8
Pain de mie complet,231.0,8.0,42.4,2.1,5.0
Spofy,426.0,4.8,59.0,18.8,1.4
Oat Drink Whole,60.0,1.1,7.9,2.8,0.8
Krisprolls complets,397.0,12.0,70.0,6.2,7.7
Digestive Avena,477.0,7.5,61.0,21.0,6.8
Huile d’olive,830.0,0.0,0.0,93.0,0.0
Galettes St Michel au beurre 4X5 - 130g,470.0,7.4,73.0,16.0,2.2
Baked Beans In Tomato Sauce,85.0,4.4,13.9,0.4,4.6
Chocup,522.0,5.7,67.0,26.0,0.0
Krisprolls,432.0,9.0,70.0,11.0,3.0
Petit brun extra,441.0,7.2,74.0,12.0,2.9
Bran Flakes Malty Crunch,352.0,10.6,63.9,2.5,15.7
Cerelac,0.0,15.0,71.2,10.0,2.5
"BN - Casse Croute Biscuits, 375g",381.0,7.5,76.2,5.0,2.5
Ghayt,0.0,0.0,0.0,0.0,0.0
HEPAR,0.0,0.0,0.0,0.0,0.0
AMORA Ketchup Flacon Souple 550g,99.0,1.2,22.0,0.5,0.5
Fruity Black Currants,18.0,0.0,4.3,0.0,0.0
SALIM LBEN 440G,39.5,2.3,5.9,0.7,0.0
Galettes boulghour & épeautre,186.0,5.0,25.0,5.2,6.2
Goûter aux écorces confites,445.0,9.5,65.0,15.0,6.1
Délicieuse & Tropical Coco,20.0,0.1,2.7,0.8,0.1
Salsa di Soia,107.0,9.7,6.9,0.0,0.0
Weisse Bohnen an Tomatensauce / Haricots blancs à la sauce tomate,94.0,4.81,13.6,0.71,7.12
LURPAK® Spreadable Slightly Salted,679.0,0.5,0.6,75.0,0.0
Simply Delicious Muesli,368.0,9.6,70.5,7.3,9.0
la vache qui rit,380.0,13.3,3.8,31.3,0.0
Шоколад с 6% парченца малини,552.0,8.0,36.0,39.2,11.2
Milka Tablette Noisette,563.0,8.2,47.0,37.0,3.7
Sablé saveur COCO,427.2,6.2,72.0,15.0,4.1
Pain de mie grandes tranches Toastiligne céréales & graines 500g,250.0,11.0,42.0,2.9,5.9
Bran Flakes,358.0,11.0,65.0,2.2,17.0
Pago Ace - Orange - Carotte - Citron,40.0,0.5,9.2,0.5,0.0
Simply Fruity muesli,349.0,8.67,68.4,2.89,7.33
Suprême,486.0,5.9,53.5,28.0,0.0
NESCAFÉ SPECIAL FILTRE L'Original Flacon de 200g,118.0,7.0,3.1,0.2,34.1
Les Galettes Boulgour & Quinoa - Tomate & Paprika,189.0,7.5,25.0,5.4,5.0
Very Low Salt Organic Vegetable 6 Stock Cubes,9.0,0.1,0.9,0.5,0.0
Crunchy Organic Peanut Butter,595.0,27.29999924,14.199999809300001,46.0,7.3
Huile de tournesol,900.0,0.0,0.0,100.0,0.0
Moelleux chocolat,399.0,6.1,61.0,14.0,6.9
Capri choco,504.0,4.4,71.0,22.0,0.0
Ferrero Rocher,603.0,8.2,44.4,42.7,0.0
Beurre de cacahuètes crunchy,595.0,29.0,12.0,46.0,8.4
Fitness Nature Céréales complètes,368.0,9.8,74.7,1.5,8.5
Avena crunchy,390.0,13.0,66.0,5.8,11.0
Barista edition oat drink,61.0,1.1,7.1,3.0,0.8
NOIR DEGUSTATION 70% CARAMEL,544.0,7.2,41.6,36.8,9.6
Excellence Noir Délicat Doux 85% Cacao,603.0,8.9,19.0,55.0,0.0
HIPRO Saveur Vanille,53.0,9.4,3.6,0.1,0.0
Ice tea,3.0,0.0,3.1,0.0,0.0
indoumi goût poulet,453.0,11.4,61.4,17.1,2.86
Pétillante saveur Citron,0.0,0.0,0.0,0.0,0.0
La Madeleine Pur beurre,435.0,5.9,46.0,25.0,1.3
Soft White Medium Bread,232.0,8.75,44.7,1.75,2.5
Sidi Harazem,0.0,0.0,0.0,0.0,0.0
HERTA Knacki Veggie Saucisses végétales x6 -210g,264.2,16.0,4.0,20.0,2.1
Philadelphia Original,225.0,5.4,4.3,21.0,0.0
Dessert gourmand choco,233.0,3.33,31.7,10.0,1.67
Huile de table équilibrée,900.0,0.0,0.0,100.0,0.0
Biscottes Sans sucres ajoutés Blé complet,384.0,14.0,62.0,6.2,12.0
Eau de source naturelle La Source,0.0,0.0,0.0,0.0,0.0
Bjorg amande,41.0,0.5,5.4,1.9,0.0
Blueberry Muffin raw fruit & nut bar,374.0,6.57,57.1,11.1,9.43
asiri fraise,65.0,0.7,13.1,1.07,0.0
Préparation en poudre pour Crème pâtissière saveur vanille,356.0,0.4,85.0,0.6,0.0
Oreo Original,472.0,5.6,67.0,19.0,2.9
Lait de coco,182.0,2.0,2.9,18.0,0.5
Protein Thin Bagels,257.0,13.5,40.7,3.33,5.0
Blanc de Poulet,100.0,21.0,0.5,1.6,0.0
Benco Original,180.0,2.29,38.1,1.1,3.19
Panzani - spf - sauce pesto vert 200g,329.0,3.8,7.9,31.0,1.8
mayonnaise de Dijon,648.0,1.2,1.6,70.0,0.5
Wholemeal Pittas,241.0,10.3,42.3,1.2,9.7
Chocao energie,403.0,6.1,86.1,0.0,0.0
Kefir - Pur,46.0,3.4,4.1,1.5,0.0
Pistacchi,605.0,26.5,10.3,49.2,7.6
Tomato Passata,35.0,1.8,5.0,0.1,2.2
Muesli Croustillant Noix de pécan & noix du Brésil,420.0,11.0,62.0,11.0,13.0
Granola,418.0,11.0,66.0,11.0,6.3
Pelotazos futebolas,520.0,5.4,61.4,27.8,1.4
Apple & Raisin Oat Bars,426.0,5.6,59.2,17.4,5.0
crème cuisson,190.0,2.5,4.5,18.0,0.0
"Crunchy Oats and Dark chocolate, 2 Barres de 21 g",474.0,8.81,61.4,19.8,6.9
Beurre planta,531.0,0.5,0.5,59.0,0.0
cola,20.0,0.0,4.4,0.0,0.0
Crempro,181.0,2.6,4.6,24.0,0.0
La vache qui rit,232.0,11.0,6.5,18.0,0.0
Succo di limone,28.0,0.4,2.2,0.5,0.0
Iogurte Estilo Grego Lidl,58.0,6.0,4.0,2.0,0.0
Nutri+ avoine complet,442.0,9.1,64.0,15.0,7.5
Hot Chocolate Powder,404.0,11.1,76.0,5.8,9.3
Mission Deli White Wraps,313.0,8.03,52.5,7.05,3.28
Greek Style Yogurt,99.0,3.7,4.2,7.5,0.0
Greek Style Natural Yogurt,98.7,3.7,4.2,7.5,0.0
Chicken Flavour,62.9,0.98,6.88,3.54,0.31
Peter's Yard Original Sourdough Crackers,0.0,0.0,0.0,0.0,0.0
Malted Wheaties,370.0,11.7,70.0,1.8,13.3
Pain de mie grandes tranches 7 cereales,290.0,10.4,38.5,9.4,5.0
Cuetara Digesta Light 200G Marie Cookies,406.0,6.9,0.0,18.0,3.9
Oméga 3,468.0,0.0,0.0,52.0,0.0
Special Flakes Classic,388.0,9.0,79.5,1.8,8.2
Scott's Porage Oats Original 1000g,374.0,11.0,60.0,8.0,9.0
Yawmi velouté pistache,95.0,2.3,14.7,3.0,0.0
No Artificial Additives 6 Pork Sausages,227.0,15.6,0.2,18.0,1.5
délice noir,534.0,5.2,47.0,36.0,0.0
High Protein Drink Cacao,67.0,10.6,5.3,0.3,0.4
Lio produit,0.0,1.0,0.0,100.0,0.0
Hemani Coconut Oil Pure & Natural (400ML),126.0,0.0,0.7,14.0,0.0
Ice Tea Pêche,13.0,0.0,3.1,0.0,0.0
Le Supérieur - à l'Etouffée - Conservation sans Nitrite,115.0,22.0,0.5,2.8,0.0
lait,191.0,3.0,0.0,1.5,0.0
"Organic Tofu, handmade and beechwood-smoked",146.0,16.9,1.9,7.7,0.8
Danup fraise,246.0,1.75,10.1,1.28,0.0
Orangina et sa Pulpe !,42.0,0.1,10.0,0.0,0.0
Levure Chimique Alsacienne,71.0,0.011,18.0,0.0,0.0
St hubert omega 3 255 g doux,468.0,0.0,0.0,52.0,0.0
Rice Krispies,389.0,7.0,86.0,1.2,2.9
chocolat en poudre,71.0,4.0,8.7,1.9,1.2
"Alpro Joghurtalternative auf Sojabasis, Natur mit Mandeln, 500 g, 31",54.0,3.9,2.3,2.8,1.1
Fusilli 98,359.0,13.0,71.0,2.0,3.0
Chip Choco Zero Sin Azúcares,458.0,5.9,64.0,24.0,4.0
Bebida de Avena,47.0,1.6,8.2,0.7,0.7
"Low Sugar, Naturally Gut-Loving Granola",447.0,13.2,49.7,17.9,17.0
lipton yellow label tea x25,0.0,0.0,0.0,0.0,0.0
Cocoa Powder,399.0,22.0,19.0,20.0,27.0
Alpro Plain,51.0,4.0,2.3,2.3,0.9
"Alpro® Mandeldrink Ungesüßt, 1 L, FRESH",13.0,0.4,0.0,1.1,0.4
Yaourt grec,150.0,3.3,16.1,8.0,0.0
Wraps,299.0,9.1,53.2,5.2,1.6
Gingembre saveur citron 🍋,456.0,8.3,67.0,16.0,5.2
enmer,400.0,0.0,100.0,0.0,0.0
Ketchup 5 Ingrédients,74.0,1.5,15.0,0.5,0.7
Piadina midi flatbread,298.0,8.0,45.0,8.25,3.75
L'original tartare ail & fines herbes,348.0,7.0,2.3,34.5,0.0
Oat flakes,372.0,14.0,59.0,7.0,10.0
Tartines craquantes Sarrasin,362.0,11.0,72.0,2.3,4.5
Queso para untar Philadelphia,249.0,3.7,2.8,25.0,0.2
Creamed Coconut Block,685.0,7.2,14.0,64.0,0.0
Classic Chicken,53.9,3.71,4.0,2.5,0.464
Marhaba,537.0,5.6,55.3,32.7,0.0
Shreddies,364.0,11.0,70.0,1.8,12.0
Huile de grignon d’olive,900.0,0.0,0.0,100.0,0.0
Kinder Country,561.0,8.6,54.9,33.8,2.0
Sweet & Salty Popcorn,465.0,7.6,56.5,20.4,12.6
Press Up moyen,37.0,0.1,8.7,0.0,0.2
la hollandaise,270.0,9.0,0.0,21.0,0.0
St Hubert Omega 3 Sans Huile de Palme 500g Doux,468.0,0.0,0.0,52.0,0.0
Olive oil,481.0,0.0,0.1,49.5,0.0
Colman's Mustard,190.0,6.6,16.0,10.0,3.0
Bul'tropicale,44.0,0.0,11.8,0.0,0.0
Gocciole classiche pav 500 gr,488.0,6.5,64.0,22.0,4.1
Houmous,302.0,7.8,12.4,23.4,5.4
Protein Caramel salé Cacahuètes,495.0,26.0,26.0,29.5,10.8
85% Cocoa - Dark Chocolate,604.0,10.8,21.6,49.6,13.2
Tomatocy French Puy & Green Lentils,142.0,8.3,16.0,4.1,3.3
Cacao puro desgrasado en polvo,375.0,25.5,16.3,16.0,31.7
6 Wholemeal Pittas,236.0,10.0,42.0,1.3,8.1
Butter,739.0,0.6,0.7,82.0,0.0
Tiptree tomato ketchup,166.0,1.8,40.0,0.0,0.0
Coconut Water The Original,13.0,0.0,3.3,0.0,0.0
Azeitonas Lidl,172.0,1.0,0.0,18.0,2.3
Houmous extra - Pois chiches français & graines de sésame,317.0,6.9,8.7,26.8,6.15
Noir equitable 85% Pérou,631.0,8.1,24.0,53.0,13.0
Pâte à tartiner chocolat Noisette,557.0,6.2,55.0,34.0,3.3
Oatibix,390.0,12.0,63.0,8.0,8.8
marmite,250.0,34.0,30.0,0.1,3.5
الهاندس,270.0,10.0,7.0,23.0,0.0
Kinder Cards,510.0,11.5,55.9,26.3,0.0
Passierte Tomaten 700g,36.0,1.6,5.1,0.5,0.0
Tortillas de trigo integrales,271.0,9.3,41.0,5.8,8.5
Ketchup,115.0,1.3,27.0,0.0,0.0
Avena Crunchy Cacao,393.0,13.0,65.0,6.4,11.0
Magnesium,174.0,0.5,13.0,0.5,0.0
33CL CAN SLIM TROPICAL,28.0,0.1,6.6,0.0,0.0
Petites Madeleines pépites chocolat,425.0,5.1,55.0,21.0,1.6
8 Pains au lait frais Bio 280g,345.0,9.3,51.0,11.0,2.4
NYC BAGEL Sesame,313.0,12.9,67.8,4.43,0.0
Afia,900.0,0.0,0.0,100.0,0.0
Greek style natural yoghurt,125.0,4.1,4.6,10.0,0.0
Sourdough Wholemeal Ciabattin,232.0,11.7,43.8,1.2,6.5
single origin milk chocolate,618.0,8.4,37.9,47.4,0.0
RICORÉ® aux céréales et à la chicorée solubles Boîte 250g,371.0,5.1,83.0,0.3,8.0
Petit Cookies Pépites de chocolat,510.0,7.3,63.6,26.0,3.6
petit yoplait,87.0,9.0,4.1,3.8,0.1
ROZANA Eau Minérale Naturelle Pétillante 1.00 L,0.0,0.0,0.0,0.0,0.0
Heinz Baked Beans,81.0,4.82,19.3,0.337,3.86
Petit écolier chocolat noir pur beurre de cacao,502.0,5.6,62.0,25.0,4.5
"Alpro Sojadrink, Ungesüßt 1L",33.0,3.3,0.0,1.8,0.6
Moutarde,111.0,5.2,3.1,7.9,0.0
Unsalted Butter,745.0,0.6,0.6,82.2,0.0
Sweet & salty popcorn,464.0,7.86,56.4,20.7,10.7
Extra Virgin Olive Oil,828.0,0.0,0.0,92.0,0.0
Smoky Spanish-Style Grains & Rice,167.0,4.8,31.0,1.9,4.3
Cheerios Multigrain,383.3333,9.3333,71.3333,4.6667,2.7
Premium Omega-3,0.0,0.0,0.0,0.0,0.0
"NESCAFÉ NES, Café Soluble, Boite de 200g",118.0,7.8,3.1,0.2,34.1
Tartine & cuisson doux à tartiner et à cuire,567.0,0.0,0.0,63.0,0.0
Lea and perrins,96.0,0.8,21.0,0.9,0.0
Protein Oat Boosts Cocoa Vanilla,386.0,6.3,33.0,22.0,17.0
Agave Nectar,298.0,0.0,77.73,0.0,0.0
Coca-Cola Zero,0.3,0.0,0.0,0.0,0.0
LADID,95.0,3.2,17.5,1.4,0.0
Huile de table,900.0,0.0,0.0,100.0,0.0
Tartare végétal ail & fines herbes,225.0,4.6,7.4,19.0,4.0
Merguez Végétal,220.0,12.0,4.8,16.0,6.1
Beurre de cacahuètes du Nicaragua,576.0,25.0,12.0,48.0,0.0
Smooth Organic Peanut Butter,628.0,25.6,13.7,51.2,4.9
ice POMME 1.5l,58.0,0.0,9.9,0.0,0.0
Megachok,458.0,5.0,71.0,17.0,0.3
Kéfir natural sabor suave,74.0,3.9,5.1,4.2,0.0
fanta tops lemon 1.5l,20.0,0.0,4.8,0.0,0.0
Cranberry saveur amande,48.0,0.8,7.5,1.5,0.6
"Biscuits 3 graines Kasha, Sésame, Pavot",448.0,9.5,60.0,17.0,8.7
Aquafina,0.0,0.0,0.0,0.0,0.0
Biscottes sans sel et sans sucre ajoutés,390.0,15.0,70.0,3.7,7.0
كريميو,248.0,8.0,9.5,20.0,0.0
Pain de mie american sandwich rustique sans sucres ajoutés 500g,293.0,11.0,40.0,8.0,8.7
Orangina,41.0,0.1,9.7,0.1,0.0
"9 Minis St Moret (17,8% MG)",205.0,8.3,3.0,17.8,0.0
Le Beurre Tendre Demi-Sel Barquette,725.0,0.6,0.7,80.0,0.0
Chocolat noir 85% Madagascar,619.0,11.0,24.0,51.0,11.0
BEANZ In a rich tomato sauce NO ADDED SUGAR,66.0,4.61,13.3,0.194,3.64
Véritable petit beurre,440.0,8.0,73.0,12.0,3.0
Barista Organic Oat M*lk,44.0,0.2,6.8,1.8,0.0
Canadian Maple Syrup,359.0,0.1,89.1,0.3,0.0
Pringles Texas BBQ,517.0,6.3,56.0,29.0,3.5
Extrem,412.0,7.0,54.6,18.5,1.6
Sablés chocolat,496.0,6.7,62.5,23.6,3.0
Eau minérale,0.0,0.0,0.0,0.0,0.0
لينيا,48.0,4.9,7.0,0.0,0.0
Biscottes,165.0,4.6,29.0,2.9,1.4
Peanut Butter Oat Bars,460.0,10.0,50.0,23.6,6.0
Chargement…,0.0,0.0,0.0,0.0,0.0
Leerdammer original 8 tranches 200g,352.0,26.0,0.1,27.5,0.0
NAKD PROTEIN - Cacao noisette - 45g (16x1p),424.0,16.0,33.0,22.0,16.0
Baked Beans,85.0,4.6,12.5,0.6,5.9
Danao Pèche-Abricot,37.0,0.5,8.7,0.01,0.0
La Biscotte 96% de céréales,408.0,11.0,73.0,7.3,3.6
Yogurt Bnine BANANA,88.1,3.9,14.3,1.7,0.0
Shortbread Fingers,533.0,5.6,58.4,30.3,2.1
Huile d'olive bio,828.0,0.0,0.0,92.0,0.0
Proteines Mangue,58.9,8.0,0.0,0.711,0.0
Pâte à tartiner chocolat noisette,557.0,6.2,55.0,34.0,3.3
Chips saveur fromage du Jura,522.0,6.3,52.0,31.0,4.8
Rich and indulgent Hazelnut,221.0,0.4,3.2,1.6,0.3
Lala kheddidja,0.0,0.0,0.0,0.0,0.0
Red Bull Energy Drink,46.0,0.0,11.0,0.0,0.0
Yaourt à la grecque,102.0,2.9,3.7,8.1,0.5
Top cookies,494.0,5.8,71.0,21.0,1.2
Margherita Sourdough Pizza,232.0,10.7,30.0,7.3,2.3
Mon p'tit plaisir,199.0,8.2,3.3,16.8,0.5
Nutty Granola,465.0,12.0,61.0,18.0,8.2
proactiv,530.0,0.5,0.5,59.0,0.0
cooky original chocolate chips,397.0,3.2,50.0,20.3,2.03
Fine Milled Oatcakes,463.0,11.3,56.7,20.3,9.0
Extra moelleux nature,278.0,8.1,47.1,5.2,5.0
Galettes riz complet Bio,379.0,8.7,77.0,3.2,3.6
HP the Original Brown Sauce,122.0,0.9,28.3,0.1,0.0
sucre arôme vanille,286.0,1.43,100.0,0.0,0.0
COURMAYEUR Eau Minérale Naturelle 1.50 L,0.0,0.0,0.0,0.0,0.0
Chips de lentilles saveur tomate mozza,452.0,13.0,54.0,19.0,7.2
Alpenmüsli The Original Swiss Style,374.0,11.0,66.0,5.6,7.7
Tesco Finest Greek Yoghurt,132.0,6.1,3.8,10.3,0.0
Italian Tomato Purée Double Concentrate,89.0,4.3,15.3,0.5,2.9
Organic Houmous,213.0,6.6,12.9,14.1,4.0
Crunchy Oat Granola Raisin & Almond,416.0,11.0,64.0,12.0,6.2
Herbamare original,18.0,0.9,2.5,0.5,0.0
Arrabbiata,60.0,1.4,5.5,3.1,2.2
Pain complet,243.0,8.7,42.0,3.0,6.6
Corn Flakes 0% azúcares añadidos,373.0,6.7,82.0,1.1,4.4
Miel pops,384.0,5.2,85.0,1.5,4.6
Natural Cottage Cheese,97.0,11.5,2.8,4.5,0.0
PET 1.75L COCA COLA® ZÈRO,0.3,0.0,0.0,0.0,0.0
Fruit & Seed Oatcakes,440.0,9.6,60.0,15.2,9.6
Milka oreo,559.0,5.0,56.0,35.0,0.2
Danpak Spreadable Slightly Salted,707.0,0.5,0.6,78.0,0.0
Original Full Fat Soft Cheese,229.0,5.6,3.2,21.5,0.3
Le berger From blanc Nat,262.0,20.0,3.0,20.0,0.0
la vache qui rit 24,253.0,14.5,3.01,20.5,0.0
rinomicine,0.0,0.0,0.0,0.0,0.0
Chocolate negro,567.0,9.6,32.0,42.0,12.0
Confiture extra de Fraises,241.0,0.4,59.0,0.1,1.2
"Muesli bio 36% fruits, noix & graines",373.0,9.3,60.7,8.4,8.5
Belgian Dark Chocolate Rice Cake Thins imp,488.0,6.8,57.2,24.1,7.4
Lemon,19.2,0.0,4.4,0.0,0.0
Cocoa Orange,394.0,8.7,51.0,16.0,8.6
Spreadable Tub,596.0,0.3,0.3,66.0,0.0
Savane,431.0,5.9,45.0,24.0,5.3
Nutabella,522.0,1.31,71.8,25.5,0.0
Crème de marrons de l'Ardèche,270.0,1.3,63.6,0.8,1.9
Céréales All Bran Kellogg's Fibre Plus,334.0,14.0,48.0,3.5,27.0
Viva lait 1/2 écrémé,41.0,3.3,4.8,1.0,0.0
Italian Chopped Tomatoes,25.0,1.4,4.0,0.2,0.9
Organic Oat Drink imp,49.0,0.5,6.3,2.3,0.9
eau minérale naturelle,0.0,0.0,0.0,0.0,0.0
Absolute black dark chocolate,601.0,13.0,8.0,54.0,17.0
Le Supérieur -25% de Sel - Conservation sans Nitrite,115.0,22.0,0.5,2.8,0.0
eyoo,493.0,7.0,72.0,19.7,0.0
Noisetta,542.0,3.1,58.4,32.9,0.0
Vegetable and roast chicken soup,55.0,3.5,4.8,2.3,0.9
Čokoláda na vaření,508.0,6.8,50.0,29.0,10.0
Chicorée Café,322.0,11.0,59.0,0.5,20.0
Sel Moulu de Méditerranée,0.0,0.0,0.0,0.0,0.0
Carré frais 0 pourcent ail et fines herbes,84.0,16.0,4.4,0.4,0.0
Pepsi Max,0.4,0.0,0.0,0.0,0.0
Tartines Bio quinoa & graines 450g,314.0,9.1,42.0,11.0,5.3
Tilda Steamed Brown Basmati Rice,129.0,2.8,23.3,2.1,3.0
Flash Wondermint Gum,350.0,4.1,78.0,2.1,1.8
Biscuits Mega Duo imp,480.0,5.9,67.0,20.0,4.0
Beurre badaouia,50.0,1.5,15.0,10.0,0.0
Granola Chocolat,420.0,10.0,62.0,13.0,7.5
"Ketchup zéro sel ajouré, 70% moins de sucres",44.0,1.6,5.4,0.1,0.0
Crème caramel,0.0,0.0,0.0,0.0,0.0
Delicia 200 g,91.0,4.13,18.35,0.0,0.0
cooky,448.96,4.64,57.67,22.19,3.56
Bio Hafer,37.0,0.4,5.6,1.2,1.0
Nutella Plant-Based,534.0,6.8,53.4,31.8,0.0
Dark Chocolate Chip Oat Biscuits,454.0,8.1,63.8,16.9,6.7
Maxi Tranches Sans sucre ajouté Nature,249.0,8.3,46.0,2.8,3.4
Crème sous pression à la vanille 250g,313.0,2.1,11.0,29.0,0.0
Tesco British Salted Block Butter,745.0,0.6,0.6,82.2,0.0
Schweppes Agrum',19.0,0.0,4.5,0.0,0.0
180G LT NOISETTE COTE D OR,555.0,9.3,45.0,36.0,5.1
Grape-Nuts,362.0,11.2,68.0,1.8,12.0
SO organic Mayonnaise,695.0,1.1,6.7,73.8,0.0
Noisettes grillées,723.0,14.3,3.67,70.3,8.33
Mon Taboulé Oriental,183.0,4.5,25.0,6.7,2.1
El Mordjene Crème De Noisettes Grillées,555.0,8.44,43.6,36.6,9.12
Perly,514.0,10.0,6.0,50.0,0.0
Greek style natural yogurt,103.0,4.0,4.2,7.6,0.5
beurre,745.0,0.7,1.0,82.0,0.0
Crousti' Avoine Chocolat,416.0,10.0,60.0,13.0,9.5
Confiture de fraise Intense,162.0,0.5,39.0,0.1,1.6
Worcestershire Sauce,96.0,0.8,21.0,0.9,0.0
FuzeTea Thé glacé pêche intense,19.0,0.0,4.4,0.0,0.0
Amora Spécialité à la moutarde de Dijon aux épices et aromates Savora Bocal 385g,124.0,3.8,15.0,4.8,1.04
Jibi,77.0,3.3,12.3,1.6,0.0
Grilletine Sans sucres ajoutés Blé complet,411.0,13.0,61.0,10.0,12.7
Sergio,533.0,2.7,8.2,24.63,0.0
Merci Finest Selection Assorted Chocolates,563.0,7.8,49.9,36.1,0.0
Custard powder,83.0,3.1,14.2,1.5,0.5
LOTUS BISCOFF Speculoos Original - 250g (2x125g),484.0,4.9,72.6,19.0,1.3
Noir 70% Intense,600.0,7.0,32.0,46.5,11.0
Biscuits Germe de Blé et Pépites de Chocolat,467.0,9.1,65.0,18.0,4.2
Carottes rapees citron dnp 320g,73.0,1.0,5.5,4.5,3.0
Everyday Tiger Rolls with Sourdough,250.0,9.12,50.4,0.625,2.62
HERTA LE BON PARIS Jambon sel réduit sans nitrite x4-140g,112.8,22.0,0.8,2.4,0.0
Premium Fruit & Nut Muesli,393.0,8.89,60.4,11.6,8.0
Huile Isio 4,900.0,0.0,0.0,100.0,0.0
Emprésuré au chocolat,107.0,5.8,17.0,1.8,0.0
San Pellegrino,0.0,0.0,0.0,0.0,0.0
Creme a tartiner,537.0,3.6,60.6,30.2,0.0
Milka wholenut,555.0,8.1,49.0,36.0,0.0
High Protein Drink Gusto Vaniglia,61.1,10.0,4.97,0.171,0.0
nakd peanut butter protein bar,443.0,17.4,39.3,21.9,9.6
Oat,49.0,0.6,6.2,2.4,0.2
Abricot sec,193.0,2.03,43.3,0.29,4.67
Fine & Gourmande Noir 70%,539.0,7.6,34.0,44.0,11.0
25 cl Red Bull - Energy Drink,46.0,0.0,11.0,0.0,0.0
babybel,295.0,22.0,0.05,23.0,0.0
Barre céréales Protéines peanut& chocolat🍫,492.0,25.6,22.9,30.1,13.6
Activia ananas fraise,60.0,2.7,9.6,1.2,0.0
MUSCLY FROMAGE 24,264.0,9.0,7.0,22.0,0.0
Or Blanc,226.0,9.5,6.5,18.0,0.35
Aloe vera,0.0,0.0,0.0,0.0,0.0
Kokosmilch,194.0,0.8,1.4,20.5,0.6
Peanut Butter,653.0,23.1,12.0,55.6,5.9
Pain complet 3 céréales,196.0,5.0,32.0,2.9,11.0
Le goût primeur - Ligne & plaisir,132.0,10.0,5.0,8.0,0.0
NYC Bagels Cinnamon & Raisin,272.0,9.18,51.6,2.12,5.18
Pâtes spaghetti au blé complet integral 500g,347.0,13.0,64.0,2.5,8.0
Nature Valley Crunchy Oats & Honey,467.0,8.7,64.3,18.1,6.4
Genova - Double Creme,196.1,5.23,60.08,1.76,0.0
B'ono Wafer,508.0,6.4,51.5,31.0,0.0
Chavroux Pur Chèvre,162.0,8.7,2.6,13.0,0.0
Soft Pittas Easy to Fill Wholemeal,240.0,11.9,40.0,2.22,5.4
ProActiv,314.0,0.5,0.5,35.0,0.0
Oat Granola,442.0,8.7,62.5,16.4,5.0
"Bâtonnets de céréales fourrés (47,5 %) au chocolat - Cracotte Chocolat",456.0,7.51,66.1,16.2,4.8
Lentilles préparées 1/2,93.0,6.6,14.0,0.5,3.1
La crème des chefs ferme et onctueuse gastronomique,305.0,2.2,11.0,28.0,0.0
L'Original - Cacao en poudre non sucré,379.0,20.0,8.7,21.0,28.0
Italian Tomato Purée,84.0,4.7,14.0,0.3,3.1
Geeta's Mango Chutney imp,255.0,0.8,62.0,0.5,0.8
Tortilla Nachips Original,490.0,7.67,59.0,23.7,6.0
Chopped Tomatoes,22.0,1.1,3.8,0.1,0.7
Fruit d'Or Oméga 3 Doux - Sans huile de palme - 450g,450.0,0.0,0.1,50.0,0.0
Tentation aiguebelle,582.0,10.0,15.0,49.6,0.0
Seeded Sourdough Half Bloomer,274.0,10.2,44.5,5.2,4.1
Organic Gluten-Free Oat Drink,33.0,0.6,6.6,0.3,0.5
Meat Free Tasty Sausages,148.0,8.7,12.0,6.0,3.3
Special K,392.0,8.0,84.0,1.3,6.0
Nut & fruit mix classic,534.0,13.4,33.8,36.9,6.5
Fiocchi di avena integrali,372.0,13.5,58.7,7.0,10.0
Délicia - confiture d'abricot,272.0,0.41,67.36,0.12,0.0
Baiocchi nocciola 260g,510.0,8.0,59.0,26.0,4.0
Chickpeas in water,122.0,7.67,22.8,1.42,6.08
Muesli bio chocolat noir,398.0,9.1,61.1,11.0,4.1
Sriracha Sauce,121.0,2.1,27.0,0.5,0.0
Vegetarian Sausages,154.0,16.0,8.9,5.5,2.0
العين,0.0,0.0,0.0,0.0,0.0
Sciroppo d'acero canadese,349.0,0.0,87.2,0.0,0.0
Sauce Tomate concentrée cuisinée aux petits légumes,137.0,2.8,14.0,7.3,2.0
Paysan Breton - Le Fromage Fouetté Madame Loïk - Nature au Sel de Guérande - Sel réduit -25%,252.0,5.9,3.0,24.0,0.0
Orangensaft,40.0,0.8,8.9,0.0,0.6
Lait demi-écrémé,47.0,3.3,4.8,1.6,0.5
GALLETAS SALADAS,417.0,10.1,74.7,7.7,4.2
Coconut milk,143.0,0.6,2.1,15.0,0.0
Biscoff,484.0,4.9,72.6,19.0,1.3
Raib vani jaouda,81.0,3.0,13.0,2.0,2.0
B-ready 6 pièces,521.0,7.2,60.7,27.0,0.0
Copos de trigo espelta integral 0%,364.0,14.6,66.0,2.7,8.8
Galettes de Maïs,383.0,7.0,85.0,1.4,0.0
Nesquik Cereal,373.0,8.4,73.6,3.0,0.0
Spreadable,632.0,0.5,0.5,70.0,0.0
tuc,483.0,8.1,68.0,19.0,2.1
Eau de source,0.0,0.0,0.0,0.0,0.0
La bûche fondante,275.0,17.0,0.5,23.0,0.0
Eau de source de montagne Laqueuille,0.0,0.0,0.0,0.0,0.0
Butter Erwin,748.0,0.7,0.7,82.5,0.0
No Added Sugar Muesli imp,369.0,12.0,63.0,5.8,8.3
Farmhouse Soft Bread,244.0,8.9,45.0,2.58,2.34
Cheese & Onion Flavour Potato Crisps,512.0,6.8,52.0,29.6,4.0
Pim's Sinaasappel,397.0,3.3,66.0,13.0,2.5
Thon Joly,175.0,33.0,0.96,4.4,0.0
Guedila,0.0,0.0,0.0,0.0,0.0
"Maestro Cereale avec du Levain, Millet et Quinoa",248.0,4.4,38.0,6.4,10.0
Caldo casero de pollo,5.0,0.4,0.2,0.3,0.0
Nuez natural pelada,716.0,17.0,2.2,69.6,6.2
Tosta PAN FIBRA & SÉSAMO,391.0,13.0,60.1,7.6,24.7
Classic Barbecue - Smokey & Rich,138.0,0.9,34.0,0.2,0.0
Hummus de garbanzos receta clásica,311.0,6.0,11.1,25.8,8.0
Beau & bon pain de mie complet lin tournesol 320g,303.0,11.0,41.0,9.0,7.0
Multivitamin,0.0,0.0,0.0,0.0,0.0
Крема сирене,243.0,6.3,2.8,23.0,0.0
Dark Chocolate Nuts & Sea Salt Bars,523.0,17.0,24.0,37.0,13.0
Noir intense dessert 70%,545.0,9.6,35.0,38.0,0.0
Organic Almond milk,26.0,0.9,0.4,2.2,0.4
Durum wheat flatbreads,299.0,8.9,47.0,7.9,2.0
Mediterranean Falafel,261.0,7.6,22.0,14.3,7.3
Biscuits Soja Figue,457.0,12.0,56.0,19.0,6.9
sel,0.0,0.0,0.0,0.0,0.0
Café moulu pur arabica des petits producteurs,0.0,0.12,0.0,0.02,0.0
Ghilal,106.0,3.5,16.0,3.0,0.0
Pepsi 2L,42.0,0.0,11.0,0.0,0.0
Digestive Avena Naranja,475.0,8.1,60.0,21.0,6.8
Organic Vegan Block,665.0,0.5,0.5,75.0,0.0
CREAM CRACKERS,443.0,10.0,68.6,13.7,2.9
Matina,0.0,0.0,0.0,0.0,0.0
beurre central 1kg,0.0,0.0,0.0,0.0,0.0
Jemné ovesné vločky,372.0,14.0,62.0,5.7,8.5
Alpro Not Milk,59.0,0.7,5.7,3.5,1.0
Baked Beans in tomato sauce,90.0,5.3,12.8,0.5,6.8
Le petit Gerblé nature,449.0,10.0,68.0,14.0,5.3
2 Steaks végétaux et gourmands,229.0,13.0,3.8,17.0,6.0
Anchor Butter,744.0,0.6,0.6,82.0,0.0
fromage herbes milky food,228.0,4.8,4.0,21.0,0.0
Organic Bread 21 Whole Grains and Seeds,244.0,13.3,48.9,3.33,8.89
Bastogne,486.0,5.0,71.0,20.0,1.5
10 Tortillas Trigo,294.0,8.33,50.0,5.83,4.44
Pain de mie Bio grandes tranches complet sans sucres ajoutés 500g,252.0,10.0,38.0,5.1,6.9
Pain de mie grandes tranches Avoine & Graines 500g,274.0,12.0,33.0,9.1,6.0
Milk Chocolate,614.0,6.2,46.2,44.4,0.0
Cashew-Cranberry-Mix,471.0,10.4,50.6,24.0,5.3
Chamonix,340.0,4.15,75.4,1.54,1.54
Tofu nature,157.0,16.0,2.0,9.3,0.7
Galettes Boulgour & Sarrasin à l'Emmental,225.0,8.8,25.0,9.0,4.2
Lait 100 % français Matin Léger® Demi-Écrémé,43.0,3.3,4.8,1.2,0.0
Banania Original - Cacao Céréales Touche De Banane & Miel,373.0,5.6,79.0,2.2,6.7
Wheat Biscuits malty & crispy,358.0,12.0,68.0,2.0,10.0
Twix Twin,492.0,4.4,64.0,23.6,1.6
AFTER EIGHT Coffret 300g,426.0,2.2,72.9,13.3,2.8
Yorkshire Cottage Cheese Natural,104.0,10.3,2.2,6.0,0.0
Céréales Miel Pops,384.0,5.2,85.0,1.5,4.6
Yogur griego natural,103.2,3.12,3.12,8.64,0.0
Aubergines cuisinées à la Provençal,83.0,1.2,6.7,5.2,2.2
Muesli Frutas,361.0,9.1,59.0,7.6,10.0
Sourdough  bagels,277.0,10.1,49.4,3.05,4.13
Pain Grillé l'Original,388.0,11.0,76.0,3.5,4.3
Cassonade pure canne,400.0,0.0,100.0,0.0,0.0
Calin Extra,82.0,5.7,6.6,3.2,0.0
HERTA TARTE EN OR Pâte Feuilletée 230g,383.1,6.5,42.0,20.0,1.4
Pan de molde natural trigo espelta 100% integral,240.0,12.0,38.0,4.1,7.4
DoliGrippe,0.0,0.0,0.0,0.0,0.0
Cookie Chocolat saveur noisette Sans sucres,445.0,8.0,64.0,20.0,6.0
NAPOLITAIN,0.0,0.0,0.0,0.0,0.0
Lentilles Cuisinées à l'Auvergnate,110.0,6.6,11.0,3.6,3.6
Evian,0.0,0.0,0.0,0.0,0.0
Boursin garlic & herbs,396.0,8.5,3.0,39.0,0.1
Biscuit chocolat saveur amande,464.0,10.0,63.0,18.0,5.1
sablé sésame saveur vanille  - Gerblé sans sucres,442.0,8.1,66.0,18.0,5.4
"Gerblé - Sablés sans sucres saveur citron et Yuzu, 132g (4.7oz)",424.0,6.0,72.0,15.0,5.1
Soja nature sans sucre ajouté bio,43.0,3.9,0.7,2.6,0.5
Galette de mais,381.0,9.2,74.0,4.0,6.2
CRISTALINE Eau De Source 1L,0.0,0.0,0.0,0.0,0.0
Lurpak Spreadable Slightly Salted,679.0,0.5,0.6,75.0,0.0
Granola Sante Czekoladowa,456.0,8.6,66.0,16.0,6.7
Fakiat Barbeque,512.0,8.0,63.6,25.0,6.2
Simon life,20.0,0.0,4.8,0.1,0.0
Sticks et bretzels d'Alsace,391.0,10.0,73.0,4.8,6.2
"Muesli con quinoa, chía y chocolate negro",416.0,9.8,60.0,13.0,10.0
Farmhouse Super Seeded Loaf,294.0,11.2,37.9,9.6,5.8
Tresor - Choco Nut,453.0,6.6,71.0,15.0,3.7
Pastasaus m/Basilikum,56.0,1.6,5.3,2.8,0.0
Sea Salt & Balsamic Vinegar Crisps,513.0,6.2,54.1,29.3,4.2
Hazelnut Chocolate Spread,551.0,6.7,53.0,34.0,3.3
Beurre de Cacahuètes Extra-Crunchy,603.0,27.5,15.6,43.9,7.9
Excellence Noir Orange Intense,535.0,7.0,51.0,32.0,0.0
Crousti'Son Miel 🍯🐝Sésame,439.0,8.8,59.0,16.0,12.0
Germe de blé,374.0,30.0,35.0,9.6,14.0
pringles hot & spicy,503.0,4.3,51.0,32.0,2.6
Aicha Double Concentré De Tomates 140 G,117.0,4.6,23.7,0.4,3.0
Krisprolls - Wholegrain Complets,397.0,12.0,70.0,6.2,7.7
Maestro Classic,232.0,3.6,44.0,3.6,8.0
Seabrook sea salt,516.0,5.9,52.6,30.4,0.0
Kefir yogurt,72.0,6.0,7.4,2.0,0.0
Lustucru gnocchi a poêler format xxl 720g,190.0,5.0,35.0,2.7,2.6
nido,0.0,0.0,0.0,0.0,0.0
hollandis class 16p,287.0,10.0,5.0,24.0,0.0
Delice,455.0,5.5,58.8,22.6,0.0
CHAUSSEE AUX MOINES 340g,305.0,20.0,0.0,25.0,0.0
Fourrés chocolat lait noisettes,524.0,8.0,64.0,25.2,4.0
Philadelphia nature 300g,226.0,5.4,4.3,21.0,0.2
Cheesy fromage,0.0,0.0,0.0,0.0,0.0
Süßstoff,0.0,0.0,0.0,0.0,0.0
Semi Oat Drink,48.0,1.0,7.1,1.5,0.8
Low Sugar Granola Original,521.0,13.7,59.4,23.7,7.6
Yankee,571.42,25.0,21.43,50.0,7.14
galettes riz chocolat noir,494.0,6.6,66.0,22.0,2.6
Crispy Fried Onions,590.0,6.0,40.0,44.0,5.0
Céréales Extra Pépites Chocolat Noisettes,497.0,8.0,57.0,25.0,5.8
Tartines craquantes au sarrasin,386.0,12.9,75.7,2.86,4.29
Cacao non sucré Le Bio,302.0,23.0,10.0,11.0,32.0
Classic pesto,467.0,5.0,6.67,46.7,0.0
Nan optipro,0.0,0.0,0.0,0.0,0.0
Hohos,424.0,1.6,66.0,16.0,41.0
Lemon Blueberry Oat Boosts,428.0,6.0,46.0,21.0,16.0
Pikota,0.0,0.0,0.0,0.0,0.0
Bimo,411.0,4.17,55.6,20.0,1.67
Oreo original,481.0,4.8,70.0,20.0,1.5
Tesco Houmous,230.0,6.1,11.9,16.6,4.3
President emmental coeur de meule 250g,369.0,27.0,0.5,29.0,0.0
Beurre à teneur réduite en M.G. (60%) doux,547.0,1.0,0.8,60.0,0.0
Malt Loaf,304.0,7.88,63.5,1.73,3.27
Haway tropical,37.0,0.0,9.0,0.0,0.0
Schweppes citron,19.0,0.0,4.5,0.0,0.0
Kinder Chocolate,0.0,8.7,53.5,35.0,0.0
Maille Mayonnaise,664.0,1.6,1.3,72.0,0.5
Sriracha Hot Chilli Sauce,139.0,2.3,28.0,1.2,3.1
Hille,900.0,0.0,0.0,100.0,0.0
Mayonesa sabor tradicional,372.0,0.7,7.3,37.0,0.0
Hipro Myrtille,54.0,9.3,3.7,0.1,0.0
Grand Arôme moins de sucre,70.0,3.9,8.9,1.9,1.1
La delicieuse,262.0,0.4,64.0,0.0,1.6
White Bread wraps,225.0,5.9,49.3,0.9,2.5
shredded wheat,367.0,11.8,68.7,2.2,12.5
Indomie,443.0,10.0,66.0,15.0,0.0
Kefir Natural,56.0,4.0,5.7,1.9,0.0
03.06.2024 DEU101H 0?:14 4,232.0,11.0,6.5,18.0,0.0
cheeslé blanc nature,233.0,5.4,4.0,22.0,0.02
Lasagne all'uovo,368.0,14.0,68.0,4.0,3.0
Whole Nut Milk Chocolate,582.0,9.0,45.1,39.7,4.2
Sel de mer,0.0,0.0,0.0,0.0,0.0
Emmental râpé,373.0,27.0,1.0,29.0,0.0
ST HUBERT OMEGA 3 doux 255G,468.0,0.0,0.0,52.0,0.0
Biscottes Pleine vie Sans sel ajouté,407.0,12.0,74.0,6.1,3.7
Crèmeuh chocolat,146.0,4.4,20.1,5.0,0.0
Pain de mie extra-moelleux nature,284.0,8.4,51.2,4.4,2.8
Muesli Bio Superfruits,360.0,11.2,61.8,5.5,9.4
Ain soltane 50cl,0.0,0.0,0.0,0.0,0.0
Cuor di Cereale,459.0,7.2,59.0,19.0,11.0
Tomato ketchup 50% less sugar and salt,64.0,1.4,12.0,0.1,0.0
Abricotines,433.0,4.7,78.0,11.0,0.0
SKYR,57.0,10.0,3.9,0.2,0.0
La pâte à tartiner cacao noisette,263.0,4.8,35.0,14.0,4.8
Buttery Taste,537.0,0.5,0.8,59.0,0.0
Tortellini ricotta & épinards,257.0,9.0,35.0,7.8,5.5
Smoky Barbecue Crunch,464.0,9.6,67.0,17.2,7.4
Unsalted English Butter,745.0,0.6,0.6,82.2,0.0
Moutarde de Dijon,149.0,7.2,3.2,12.0,0.0
Sablé Nature sans sucres,424.0,6.0,72.0,15.0,5.2
Sel Fin,0.0,0.0,0.0,0.0,0.0
Pain AMS 7 céréales,282.0,10.7,41.2,6.8,6.5
Plain Sardines,158.0,22.0,0.0,7.8,0.0
Blé tendre cuisson 10 min Ebly 500 g,135.0,4.7,26.9,0.5,2.2
Jumbo Rolled Oats,375.0,11.0,60.0,8.0,9.0
Noir 86% Extra intense,643.0,8.5,18.0,56.0,13.0
Croustillant 3 noix,441.0,11.0,56.0,17.0,9.9
Organic Oat drink,33.0,0.6,6.6,0.3,0.5
Tofoo Naked Xl,145.0,16.5,1.1,7.8,1.9
Oleor,900.0,0.0,0.0,100.0,0.0
Actimel,78.38983051,2.012711864,13.771186440678001,1.9067796610169,0.0
TSR GRENADINE 60 CL,329.0,0.0,81.0,0.0,0.0
5.40093E+11,532.0,0.5,0.5,59.0,0.0
Les Tranches Végé Haricots Blancs,135.0,8.1,10.0,6.0,4.2
Confiture fraise -30% de sucres,164.0,0.3,40.0,0.1,1.1
belvoir farm elderflower cordial,17.0,0.0,4.3,0.0,0.0
Tesco No Added Sugar or Salt Swiss Style Muesli,362.0,10.5,66.3,4.2,8.5
Tartine et cuison,514.0,0.5,0.5,0.0,512.0
Break Chocolate Fingers,496.0,8.0,64.0,24.0,2.4
Gifflar Cannelle,373.0,7.3,52.0,14.0,0.0
High Protein Granola Honey & Seed,436.0,24.9,45.1,16.0,5.56
beurre jaouda 100g,746.0,0.1,1.0,82.0,0.0
Chipos végétales aux herbes de Provence,213.0,12.0,3.2,16.0,5.8
Jalapeño Ramona's Heavenly Houmous,262.0,6.2,10.3,20.7,4.9
campo verde,277.0,5.0,9.0,19.0,0.0
Nutella 950g,539.0,6.3,57.5,30.9,0.0
Wholegrain Malties,360.0,11.3,69.7,1.67,11.0
Wholemeal Seeded Farmhouse Loaf,262.0,12.3,31.3,7.87,8.3
Yaos le yaourt à la Grecque,102.0,3.1,3.5,7.9,0.0
Gaufres Miel,464.0,4.4,72.0,17.0,2.6
Butterpak Spreadable,712.0,0.1,1.6,78.2,0.5
Veg crisps,522.0,5.1,42.0,34.5,11.3
Tchicolata,533.0,6.5,57.0,31.0,0.0
Safia,0.0,0.0,0.0,0.0,0.0
Original Salted Peanuts,615.0,30.0,5.6,51.0,8.5
top cookies original,532.0,5.8,70.0,25.4,2.0
Wholegrain Bran Flakes,347.0,12.2,60.8,2.6,15.7
Flaxseed,492.0,21.6,30.8,38.0,28.8
Blanc de poulet 100% filet,100.0,21.0,0.5,1.6,0.0
Soya Unsweetened plant based,33.0,3.0,1.4,1.7,0.2
Halls,387.0,0.0,0.0,0.0,0.0
Tartines craquantes Froment,385.0,11.7,73.9,23.4,6.2
Miel de Montagne,0.0,0.0,0.0,0.0,0.0
Blanc de Poulet  - 25% de Sel*,103.0,21.0,0.5,1.9,0.5
Tofu fumé,154.0,16.0,2.1,9.0,0.0
Fleur de Colza,900.0,0.0,0.0,100.0,0.0
Paysan Breton - Le Fromage Fouetté Madame Loïk - Ail et fines herbes de nos régions françaises,245.0,5.8,3.6,23.0,0.0
80% cacao noir,593.0,10.0,26.0,47.0,13.0
Chick Peas in Salted Water,116.0,7.3,15.0,2.2,3.5
Peanut Delight,442.0,12.0,42.0,23.0,9.3
Chergui creme fruit de bois,113.0,4.2,14.9,4.0,0.0
Gluten free,262.0,4.5,36.0,9.2,8.8
Coco Sans Sucres,14.0,0.1,0.0,1.2,0.0
Fraise Framboise,60.0,8.4,5.5,0.5,0.0
Original Breadsticks,406.0,10.0,70.4,8.4,3.7
Knusper Müsli Schoko,447.0,10.9,59.8,16.2,9.1
Excelo nougat,443.0,6.0,68.8,16.0,50.0
Kinderini,494.0,5.9,66.8,22.1,0.0
Sport,60.0,8.0,5.3,0.7,0.0
Premium Soy Sauce,100.0,6.67,13.3,0.0,0.0
Cassonade,400.0,0.0,100.0,0.0,0.0
"Lentilles cuisinées, riz & soja",153.0,6.4,13.0,6.4,8.9
Sel fin iodé,0.0,0.0,0.0,0.0,0.0
confiture,257.0,0.7,63.0,0.5,0.0
Pain grillé Pelletier,389.0,12.0,72.0,4.8,0.9
Camembert,268.0,21.0,1.0,20.0,0.0
Biscottes aux céréales et aux graines,405.0,14.0,61.0,10.0,7.5
Aceto Balsamico Di Modena,113.0,1.0,23.0,0.0,0.5
Jben AKNAZ,241.0,6.0,7.0,21.0,0.0
Seeded,280.0,10.7,40.7,7.4,4.3
Rosemary & Sea Salt Sourdough Crackers,411.0,11.0,67.0,9.2,7.7
Fromage Produit laitiers,228.0,11.5,11.5,17.5,0.0
Ambrosia Rice pudding,0.0,3.2,15.8,2.2,0.0
Huile d'olive vierge extra GranFruttato,828.0,0.0,0.0,92.0,0.0
huile d’olive vierge extra,900.0,0.0,0.0,100.0,0.0
Mayonnaise American Style,644.0,0.8,3.0,70.0,0.0
Amora,99.0,1.2,22.0,0.5,0.5
Buscalios,519.0,5.8,67.3,23.1,0.0
Courgettes à la Provençale 1/2,63.0,1.7,7.3,2.5,2.1
Ladid fraise,95.0,3.2,17.5,1.4,0.0
Organic virgin coconut oil,900.0,0.0,0.0,100.0,0.0
"Alpro Sojadrink, Schokoladen-Geschmack, Protein 1L",69.0,5.0,5.3,2.8,1.3
Biotiful Dairy Morello Cherry Kefir,64.0,3.1,6.9,2.6,0.0
Green lentils in water,82.0,6.0,12.0,0.5,4.1
Nuggets Végétaux et Gourmands,252.0,9.0,20.0,14.0,6.8
Dark chocolate 75%,582.0,9.4,32.6,43.5,11.2
Juicy Oranges Whole Fruit Squash,158.0,0.0,41.0,0.0,0.0
"Granola Coconut, Cashew & Almond",427.0,9.3,65.5,12.5,7.6
Kalos,0.0,0.0,0.0,0.0,0.0
Cacahuètes - grillées & salées,619.0,24.4,11.0,51.2,0.0
Classic Houmous,317.0,7.8,9.9,26.2,5.2
Roudor,515.0,6.2,63.0,26.0,2.0
Quaker Cruesli Chocolat au lait,457.0,7.7,59.0,19.0,8.7
American Sandwich Nature,271.0,7.6,48.9,4.1,3.9
Wattwiller,0.0,0.0,0.0,0.0,0.0
Tartined Craquantes Châtaigne,374.0,7.2,82.0,1.5,2.0
Crème Yaourt Brassé 🍋,113.0,4.2,14.9,4.0,0.111
ice cola strong,45.1,0.0,11.3,0.0,0.0
TAM thon entier a l'huile,231.0,25.8,0.0,14.2,0.0
White Tortilla Wraps,284.0,8.2,49.7,5.08,3.77
Bebida de almendra 0% azúcares,16.0,0.5,0.0,1.5,0.0
Masło orzechowe,616.0,24.0,14.0,50.0,6.9
Soft cheese,245.0,4.4,4.3,23.3,0.0
Harvest Morn Granola Raisin & Almond,427.0,11.1,64.9,12.0,6.89
Sauce algerienne star,364.0,0.85,19.05,31.6,0.0
ghani sfr,95.4,3.2,14.2,2.5,0.0
Pechuga de Pavo Cocida 92%,89.0,19.5,0.8,1.3,0.0
Coconut Milk,149.0,1.3,2.7,14.8,0.5
Gallette di riso - Cioccolato al latte,499.0,7.4,61.0,24.0,0.0
le bio pour toute la famille multifruit,38.0,0.0,8.9,0.0,0.0
Le  goût primeur,205.0,8.5,3.0,18.0,0.0
Green Lentils In Water,95.7,6.24,18.6,0.684,5.81
The Honey Soaked Seeded Bloomer,256.0,9.8,40.6,4.8,6.8
Greek Natural Yogurt,132.0,6.0,4.48,10.0,0.0
Kitkat,509.0,6.7,60.9,25.9,2.4
Crunchy,534.0,4.7,48.6,35.7,0.0
Chips Recette Paysanne Nature,514.0,6.2,54.0,30.0,3.9
Light Philadelphia,147.0,7.33,5.0,10.7,0.333
Ready Salted Crisps,518.0,6.4,52.0,31.0,3.9
مونادة لاسيگون,29.3,0.0,7.3,0.0,0.0
Fine milled oatcakes,0.0,10.9,55.0,19.9,9.6
Fromage blanc 0%,52.0,8.5,4.6,0.5,0.5
Wasser Volvic naturelle,0.0,0.0,0.0,0.0,0.0
Super Poulain,77.0,3.27,12.16,1.5,4.6
Salad Cream Original,293.0,1.3,18.5,23.8,0.0
Weetabix 72S 1362G,363.0,12.0,69.3,2.13,10.1
Thins Multi-Seed Flatbreads,435.0,16.4,56.2,14.1,8.1
Sauce pizza star 350 g,52.0,1.5,11.2,0.1,3.0
chocapic,384.0,8.5,73.8,4.4,7.7
NESTLE CHOCAPIC Céréales 750g,388.0,8.8,73.6,4.8,7.5
Vegetable Stock Pot 8 x imp,101.33843210639999,6.2,6.5,5.3,1.3
Pulpy pècne,34.0,0.0,7.9,0.0,0.0
Assaisonnement aromatise au citron,1.12,0.0,0.14,0.0,0.0
Dtink happy ana,82.0,2.3,13.7,2.0,0.0
JBEN CHERGUI,188.8,8.4,2.8,16.0,0.0
Aiguebelle,535.0,5.2,47.0,36.0,0.0
Celeri fromage blanc dnp 320g,138.0,2.0,4.0,12.0,3.0
Ovomaltine Céréal Energy,375.0,9.5,78.0,2.0,0.0
Wholewheat biscuits,358.0,12.0,68.6,2.0,10.0
Original Oatcakes,475.0,11.2,52.1,22.8,8.4
Viandox 160ml,45.0,5.4,6.8,0.5,0.5
BLE 70CL ORANGE CITRON PULCO,161.0,0.3,37.5,0.0,0.0
faisselle,76.0,4.3,4.5,4.5,0.0
Crêpes de Landerneau,408.0,8.2,57.0,16.0,1.3
Chocolat noir Pérou 90%,656.0,8.1,19.0,58.0,13.0
PET 1.25L C.COLA ZERO,0.3,0.0,0.0,0.0,0.0
Prince Multicéréales Goût Chocolat Au Blé Complet,463.0,6.5,69.0,17.0,4.4
Cosumar Sucre Granule - Granulated Sugar,400.0,0.0,100.0,0.0,0.0
ST YORRE Eau Minérale Naturelle Naturellement Gazeuse 1.15 L,0.0,0.0,0.0,0.0,0.0
Simply Sesame,381.0,13.3,75.2,6.67,18.1
0% fat Greek yoghurt,50.0,8.3,4.1,0.0,0.0
Dorset cereals nutty muesli,415.0,13.2,54.4,14.3,8.1
Nutella biscuits fergulf,515.0,7.9,64.0,24.8,0.0
Pringles Paprika,522.0,6.7,54.0,30.0,4.4
Yoghurt,72.0,4.2,4.9,3.8,0.0
Muesli aux fruits,358.0,11.0,60.0,6.0,10.0
Devon Custard,96.2,2.77,14.8,2.92,0.5379999999999999
Super smooth porridge imp,374.0,12.0,58.0,8.7,0.0
Rice Snaps,387.0,8.0,84.7,1.33,1.67
FUEL10K Protein Boosted Chunky Chocolate Granola imp,442.0,15.8,60.4,13.6,6.4
Parmigiano Reggiano Revet Fersk Parmesan DOP 60g,402.0,32.0,0.0,30.0,0.0
Crema Al Cacao,547.0,4.4,56.0,33.0,2.9
Chocolate For Change Single Origin 85% Cocoa Dark Chocolate,624.0,8.8,26.0,52.0,10.0
"Le petit suisse gervais nature 9,5 % 60 g x 12",143.0,9.3,4.5,9.5,0.0
80% Dark Chocolate,592.0,9.4,30.6,45.5,10.8
Pain au lait bio x12 420g,345.0,9.4,51.0,11.0,2.4
Bisto Gravy Granules,13.0,0.0,2.0,0.5,0.0
Protein Salted Caramel Nut,496.0,26.0,26.3,29.5,10.8
Danone max red fruit,51.9,1.4,0.0,1.0,0.0
Sel fin,0.0,0.0,0.0,0.0,0.0
Salakis 100% Brebis,0.0,0.0,0.0,0.0,0.0
Filets de Maquereaux au Vin Blanc,160.0,12.0,0.9,12.0,0.0
Pain de mie nature,266.0,7.0,48.0,4.3,3.8
LU - Grany pommes,410.0,4.7,70.0,13.0,3.0
GOLDEN SYRUP FLAVOUR MICROWAVEABLE OATS,375.0,8.89,66.7,6.39,7.22
Vegetable Stock cubes 8 x imp,8.0,0.5,0.5,0.6,0.5
Tomato & Basil Sauce,62.0,1.5,7.8,2.6,0.8
Family Farm Greek Style Natural,115.0,4.5,4.9,8.3,0.0
PUMPKIN SEED & OAT CRISPBREAD,384.0,13.6,56.0,8.8,14.4
Porridge Oats,376.0,11.0,60.4,8.1,8.5
Pim's - Framboise,397.0,3.4,65.0,13.0,2.8
Carré gourmand Tomates et mozzarella,192.0,9.8,17.9,8.3,3.2
Galleta ligera sin sal y sin azúcar,408.0,9.0,58.0,13.0,17.0
Sesame Crispbread with a naturally nutty flavour,369.0,12.3,57.4,6.3,16.8
Pesto alla genovese,263.0,3.6,2.9,26.0,3.3
bio organic oat flakes,364.0,14.2,55.1,6.9,12.3
LIDL VITASIA Sweet Chilli sauce - VITASIA - 700ml 1.49€ 1l 2.13€,160.0,0.4,38.1,0.1,0.8
Paahdettu maapähkinä,626.0,24.7,11.1,51.8,8.3
passierte Tomate,35.0,1.7,4.9,0.3,1.1
Petites gambas compotée de tomates Tagliatelles au pesto,130.0,6.7,15.0,4.5,1.1
Lait de coco fluide,171.0,1.2,1.0,18.0,0.7
Gourmand & Végétal au lait de coco,75.0,0.6,7.0,4.9,0.0
Whole milk,66.0,3.5,4.7,3.7,0.0
Bovril Beef and Yeast Extract,206.0,37.0,13.0,1.1,0.6
Fanta Orange,19.0,0.0,4.5,0.0,0.0
Jebli original,225.0,6.5,6.9,19.0,0.0
Pain 100% mie nature sans sucre ajouté,262.0,7.1,44.7,5.0,4.9
Ice Pulpe Orange 1.5cl,40.0,0.03,9.7,0.0,0.0
Good Grains Spanish Style Grains,185.0,4.2,26.6,5.9,4.6
Galletas de trigo espelta 0% azúcares añadidos,422.0,9.0,64.0,16.0,8.0
Chocolate,80.0,4.0,6.5,3.8,1.6
St Hubert Omega 3 doux,468.0,0.0,0.0,52.0,0.0
Tortilla con cebolla,193.0,5.7,17.0,11.0,0.0
tomakas,0.0,0.0,0.0,0.0,0.0
Aqua sierra nevada,0.0,0.0,0.0,0.0,0.0
Perly orange,111.0,7.400000095367429,11.5,3.9000000953674303,0.0
Pecan Nuts natural,725.0,11.5,4.2,71.4,10.0
Mostassa groga clàssica,0.0085,0.00043,0.00047000000000000004,0.00044,0.0
"Raspberry fruit spread, raspberry",235.0,0.0,57.0,0.5,2.5
Mayonnaise Classique à l'huile de colza,650.0,1.0,2.8,70.0,0.0
Yaos Yaourt à la Grecque Nature 4 x 150g,101.0,3.1,3.5,7.9,0.0
"RICORE au Lait, Café & Chicorée, Boîte 400g",434.0,15.0,53.0,15.5,11.0
Filet de maquereaux au naturel,206.0,18.0,0.0,15.0,0.0
Boisson Noisette,69.0,1.0,5.5,4.5,1.1
Eau de source de montagne d'auvergne,0.0,0.0,0.0,0.0,0.0
Pâte à tartiner bio noisette cacao,552.0,8.6,56.0,33.0,0.0
Chocolat noir 80% Équateur intense et floral,610.0,9.9,28.0,49.0,10.0
High Protein Granola Nuts & Seeds,450.0,27.0,44.0,17.0,6.8
"Alpro Mandeldrink Weiß Ungesüßt, Ungeröstet 1 LT",13.0,0.5,0.0,1.1,0.2
Glorious grains,182.0,5.5,32.0,2.8,4.0
Wholemeal tortilla wraps,279.0,9.02,45.7,5.25,6.89
Chocolate negro 85% cacao,597.0,12.0,20.0,49.0,14.0
jaouda p'tit dej honey,97.0,3.0,13.3,3.7,1.0
Almond No Sugars,15.2,0.6,0.2,1.32,0.12
Dunkle Schokolade mit ganzen Haselnüssen,587.0,8.6,34.4,44.3,8.0
Biscuits fourrés aux framboises,432.0,5.5,67.0,15.0,3.3
Le Beurre Doux Leger 41%MG Barquette,384.0,0.3,3.2,41.0,0.0
Le pain au Seigle,221.0,7.1,42.0,1.2,6.3
Confiture Abricot INTENSE,164.0,0.8,39.0,0.2,1.6
M&M's peanut,524.0,9.77,59.4,25.5,0.0
Cereales special K original,392.0,8.0,84.0,1.3,6.0
Organic & unsweetened Almond,29.0,1.0,0.5,2.5,0.5
Soja à la fraise,68.0,3.6,8.1,2.1,1.0
Cake & Chock,428.0,5.5,56.0,21.0,1.4
Passata di Pomodoro,36.0,1.6,5.1,0.5,0.0
MONT BLANC Eau Minérale Naturelle 1.50 L,0.0,0.0,0.0,0.0,0.0
Vinaigrette Légère Huile de Sésame & Sauce Soja Graines de Sésame Torréfiées 36 cl,373.0,1.9,6.3,37.0,0.7
"Fruit D’or Riche En Oméga 3 (sans Huile De Palme, 100% Végétal)",450.0,0.0,0.0,50.0,0.0
HuilOr - RICHE EN Vitamine E Oméga 3 et 6,900.0,0.0,0.0,100.0,0.0
Oregano Crostini Italian Bread Bites,467.0,10.0,67.0,17.0,3.3
Tartare Ail & Fines herbes,333.0,9.0,2.2,32.0,0.0
Stem ginger oat biscuits,438.0,8.1,65.9,14.4,5.9
Freeze Dried Instant Coffee,0.0,0.0,0.0,0.0,0.0
Original Nuts & Seeds imp,471.0,12.5,50.7,22.6,7.3
Mozzarella,245.0,18.0,1.5,19.0,0.0
Thon entier au naturel Albacore,109.0,25.0,0.0,1.0,0.0
Excellence À la Pointe de Fleur de Sel Noir,530.0,6.0,50.0,32.0,0.0
Moelleux chocolat noix,434.0,7.3,49.0,23.0,9.6
MAILLE Mayonnaise Fins Gourmets Bocal 320g,653.0,1.9,0.8,71.0,0.6
NESTLE LION céréales 400g​,405.0,8.1,73.1,7.4,7.0
Beanz in a rich tomato sauce,81.5,4.85,15.7,0.35,3.9
5 rodzajów fasoli w sosie pomidorowym,87.0,5.4,13.6,0.2,4.3
Green Pesto,290.0,4.7,4.5,27.0,3.7
Berry Delight Raw Fruit & Nut Bar,380.0,6.57,57.1,12.0,8.57
Ovomaltine crunchy,545.0,3.8,59.5,32.0,0.0
Chocolat Bio noir 85%,607.0,10.0,24.0,50.0,12.0
Eau minérale naturelle gazeuse 50cl PET,0.0,0.0,0.0,0.0,0.0
Crunchy oats and honey,467.0,8.7,64.3,18.1,6.4
Light mayonnaise,269.0,0.1,6.1,26.0,0.0
Sweeties Mini,416.0,3.8,16.0,65.2,0.0
Marmite Rice Cakes,365.0,12.9,70.6,2.35,0.0
Hala,900.0,0.0,0.0,100.0,0.0
Pâte à tarte feuilletée - Pur beurre,380.0,5.4,37.0,23.0,1.5
Mejora,514.0,3.0,62.0,28.0,0.0
Bio Knusper Müsli Früchte,441.0,9.9,63.0,14.8,8.4
Danone max,51.0,1.3,9.2,1.0,0.0
Riz à la Méditerranéenne,168.0,3.8,30.0,3.3,3.08
Choco Pudding,80.8,10.0,6.72,1.52,0.0
Cookies chocolate Chip,493.0,7.0,58.0,25.0,4.1
Lentilles cuisinées à l'Auvergnate,99.0,6.1,10.0,3.2,2.8
Fines Tartines farine de Seigle,224.0,7.1,41.0,1.6,8.7
Mini Babybel Original,295.0,22.0,0.01,23.0,0.0
Filets de maquereaux grillés natures,206.0,18.0,0.5,15.0,0.0
Filets de Maquereaux à la moutarde,201.0,11.0,0.6,17.0,0.6
Eau minérale gazeuse,0.0,0.0,0.0,0.0,0.0
Honey,329.0,0.5,81.5,0.5,0.5
Baker Street Seeded Rye Bread,242.0,8.5,39.0,4.5,5.5
Chergui creme 🥭 mangue,113.0,4.2,14.9,4.0,0.0
uht jibal 1/2L,0.0,3.0,0.0,3.0,0.0
Lait demi-écrémé UHT,43.5,3.0,4.5,1.5,0.0
"Love, Corn (Sea Salt)",435.0,7.4,66.0,13.3,7.0
Mon Taboulé oriental,183.0,4.5,25.0,6.7,2.1
Tempeh,207.0,22.2,1.04,11.3,6.12
Pane Pugliese,252.0,8.9,50.0,1.2,4.1
Plant soya pot plain,46.0,4.2,1.8,2.3,0.6
Light greek yogurt,94.0,7.8,4.5,5.0,0.0
Mousse Chocolate,86.0,10.0,5.8,2.2,0.0
Digestive 0%,500.0,6.67,62.0,20.0,0.0
6.11126E+12,500.0,5.0,60.0,25.0,5.0
Sauce Béarnaise,468.0,0.6,3.8,49.8,0.0
Pure Basmati Rice,143.0,2.9,28.2,1.9,0.7
حليب كونديا 1 لتر,45.0,3.0,4.5,1.5,0.0
Multigrain Alpha Bites,380.0,9.3,76.0,2.7,7.0
Miel d'eucalyptus,0.0,0.0,0.0,0.0,0.0
Wholegrain Basmati & Wild Rice,135.0,3.12,23.3,2.64,3.04
Malted Bloomer,251.0,8.5,48.4,1.7,4.1
Madagascar Dark Chocolate tummasuklaa,600.0,10.0,46.7,40.0,10.0
12 Crunchy Taco Shells,509.0,5.4,59.2,27.0,3.6
Nocciolata crunchy,543.0,8.7,51.0,33.0,4.2
Hawaii,0.0,0.0,0.0,0.0,0.0
Pâte à tartiner cacao noisettes bio,516.0,6.4,59.0,27.5,0.0
Pâte à tartiner cacahuètes et cacao,575.0,12.0,42.0,39.0,4.0
Lustucru gnocchi a poêler 520g,190.0,5.0,35.0,2.7,2.6
Biscotte gout brioche heudebert,196.0,5.0,32.0,5.0,1.7
Mini BN Chocolat,492.0,6.2,66.3,21.7,3.4
Biscuit fondant choco 🍫noir (sans sucres ajoutés),429.0,7.0,59.0,21.0,8.8
Pâte à tartiner Noir cacaopasta imp,553.0,7.1,41.0,38.0,9.5
4 Baguettes viennoises 340g,327.0,9.7,50.0,9.1,3.1
TUC Original,482.0,8.3,67.0,19.0,2.4
fanta Orange 330ml,19.0,0.0,4.5,0.0,0.0
Véritable Petit écolier Pocket Chocolat au Lait,498.0,6.2,65.0,23.0,2.8
Sauce soja,77.0,10.0,3.2,0.0,0.0
Natural Bio Yogurt,80.0,5.2,7.0,3.5,0.5
mission wraps,312.0,8.01,53.3,6.86,2.45
Les 2 Vaches Vanille Bio de Madagascar 4 x 115 g,93.0,3.7,13.3,2.8,0.0
Filet de poulet 🐔 rôti,112.0,23.0,0.5,2.0,0.0
Algérien sauce,324.9,1.57,28.0,22.88,23.0
Moroccan Spiced Falafel,248.0,5.7,26.5,11.5,8.0
Whole Oat Drink,59.0,1.1,7.0,2.8,0.8
سيرجيو  صغيرة,0.0,2.7,30.0,0.0,0.0
Medium Egg Noodles imp,142.0,5.38,27.6,0.828,1.59
cioccolato fondente,569.0,7.0,42.4,39.6,7.7
Краве масло 82%,743.0,0.7,0.5,82.0,0.0
Muesli Protéines,382.0,21.0,41.0,12.0,13.0
Authentic Tofu,118.0,13.0,1.0,7.1,1.9
Bottle of Green Cordial (Handpicked Elderflower),18.0,0.0,4.4,0.0,0.0
Chips sel de mer et poivre noir imp,469.0,6.4,50.0,26.0,5.4
Konfitura Morelowa 240g*EL Baraka*,240.0,0.6,60.0,0.0,0.5
NESTLÉ DESSERT Noir 205g,548.0,6.0,50.7,34.0,7.3
Corn Thins Original,383.0,10.0,71.1,3.33,7.22
Flan,0.0,0.0,0.0,0.0,0.0
ProActiv Margarine Tartine Sans Huile de Palme 450g,314.0,0.0,0.0,35.0,0.0
Butterbeans in water,89.0,5.9,13.0,0.5,4.6
Classic Wholegrain Rice,164.0,4.08,31.0,2.08,6.4
Muesli 4 nuts,454.0,10.3,61.1,16.9,8.1
Graze Marmite Crunch,441.0,15.0,53.0,18.0,7.9
Chipotle & lime,515.0,7.0,56.0,27.5,6.5
Maille mout fin gour 320g,354.0,5.0,3.3,35.0,2.9
Crownfield Special Flakes Red Fruit,382.0,8.9,77.5,2.6,6.5
Pain de mie Grandes Tranches 7 céréales,283.0,8.2,46.0,6.5,4.0
Céréales Méditerranéennes,146.0,4.9,28.0,1.3,2.7
Quinoa Gourmand,362.0,14.0,65.0,4.1,7.6
HIGH FIBRE CREAM CRACKERS,476.0,9.2,63.1,19.3,6.4
The Original Cracker,490.0,7.2,62.0,23.0,2.8
Daya Ananas Coco,74.0,2.4,15.1,1.2,0.0
Müsli oat biscuits,467.0,10.0,56.7,20.0,6.67
Marinated Tofu,232.0,18.0,1.0,17.0,2.7
Granola Amandes Noisettes & Graines,451.0,12.6,58.9,14.8,16.1
Ginger 60% Cocoa Bar,508.0,6.0,51.0,30.0,7.0
Rapsöl,828.0,0.0,0.0,92.0,0.0
Barbecue,469.0,9.7,61.0,20.0,2.6
Seeded Sourdough,232.0,9.5,36.0,4.1,6.7
Whole Chia Seeds,442.0,17.0,7.7,31.0,34.0
Buttery Taste Dairy Free,569.0,0.5,1.0,63.0,0.0
Muesli pépites croustillantes chocolat-noissette réduit en sucre,432.0,10.0,56.0,16.0,12.0
Danone ALPRO® Joghurt Soja Heidelbeere 400g,70.0,3.7,8.2,2.2,1.0
Fiocchi di latte,98.0,11.5,2.8,4.5,0.0
Rillettes de poulet rôti,358.0,15.1,0.5,32.8,0.0
Riz basmati du Penjab,353.0,8.0,78.0,0.8,0.9
Le Bloc,315.0,17.0,2.0,26.5,0.0
Beurre gastronomique demi-sel,727.0,0.7,1.0,80.0,0.0
petit billy,193.0,12.0,2.5,15.0,0.0
"LU - Grany Chocolate 5 Cereals Bar x6, 125g (4.5oz)",445.0,5.4,65.0,19.0,4.4
Biscottes Complètes bio,388.0,12.0,66.0,6.3,9.7
Brioche tranchée à la crème fraîche,310.0,8.3,50.0,8.0,0.0
Sucre complet de canne,384.0,0.0,96.0,0.0,0.0
Maggi,68.0,9.8,6.5,0.1,0.0
Kinder Riegel Einzelpackung,566.0,8.7,53.5,35.0,0.0
"Coca-Cola Original 1,25 Liter",42.0,0.0,10.6,0.0,0.0
Country Crisp with Sun-Ripe Strawberries imp,447.0,8.1,66.5,14.9,6.4
Very Low Salt Organic Chicken Stock Cubes,7.0,0.1,0.8,0.4,0.0
Melloeux Fruit Rouges,386.0,5.3,63.0,12.0,7.2
Atún claro en aceite de oliva,357.0,19.0,0.9,31.0,0.0
Natural Coconut Cream,35.0,0.0,0.0,4.0,0.0
Assaisonnement au citron,1.12,0.0,0.14,0.0,0.0
Runny Honey,360.0,0.0,88.0,0.667,0.667
Afia huile de table,900.0,0.0,0.0,100.0,0.0
Just Snax Tortilla Chips,480.0,5.8,64.6,21.0,4.9
Multiseed Batch,260.0,9.8,43.2,4.6,4.0
Multi-Grain Hoops,370.0,10.7,68.7,3.33,12.3
unsmoked back bacon rashers,257.0,29.4,1.0,15.1,0.0
Vegan Spreadable,666.0,0.5,0.5,75.0,0.0
2 Stonebaked Baguettes,291.0,10.0,58.1,1.24,3.54
Mighty Yeast Extract with added vitamins,240.0,39.4,18.8,0.1,3.0
PET 1L OCEAN SPRAY CLASS,39.0,0.0,9.3,0.0,0.0
"Hazelnut, Pecan & Maple Oat Bars",488.0,7.2,59.0,25.9,5.2
fondiz,277.0,5.0,9.0,19.0,0.0
Solis,68.0,1.2,8.6,3.6,0.6
Sliced Sourdough Seeded with Protein Bread,238.0,20.3,22.2,6.38,5.52
Grão-de-bico Chickpeas Lidl,112.0,6.7,12.0,2.4,7.6
Crème légère fouettée 20% Mat Gr,240.0,2.5,12.0,20.0,0.0
Cabillaud sauce Citron riz aux petits légumes,141.0,8.6,13.0,5.9,0.8
"Bonne Maman - Quatre Quarts, 500g (17.6oz)",429.0,5.9,47.0,24.0,1.0
Huile d\'olive,823.0,0.0,0.0,91.0,0.0
Chips saveur Sel & Vinaigre,522.0,6.3,52.0,31.0,4.8
"Tropicana 100% oranges pressées sans pulpe format familial 1,5 L",43.0,0.8,8.9,0.0,0.6
Natural Proper Organic Bio Live Yeogurt,0.0,4.6,6.5,4.2,0.0
Mince,105.0,14.5,4.53,2.0,5.47
PET 1.25L FUZETEA PECHE HIB,19.0,0.0,4.3,0.0,0.0
Confiture D'abricots extra aïcha,251.0,0.0,63.0,0.0,1.0
Perrier fines bulles,0.0,0.0,0.0,0.0,0.0
Chocolat Mignonnette noir de noir,554.0,5.9,47.0,36.0,8.9
La Paille d'Or aux framboises,363.0,4.5,82.0,1.2,2.4
Choco Wafer,535.0,6.7,56.0,31.0,2.8
Almendra natural,642.0,25.2,5.9,54.8,12.2
Musli Oat biscuits (Blueberry),439.0,7.3,62.0,17.0,4.2
Lait UHT Entier,58.0,3.0,4.8,3.0,0.0
Oat unsweetened,44.0,0.5,6.6,1.6,0.5
"Alpro Fermentiertes Sojaprodukt, rote Früchte mit Datteln, ohne Zuckerzusatz 400g",65.0,3.7,6.6,2.1,1.1
Omar,96.0,2.0,13.5,3.4,1.5
HERTA LE BON PARIS Jambon à l'étouffée x4 -170g,104.7,21.0,0.0,2.3,0.0
Lightly Salted Potato chips,494.0,7.7,56.7,25.4,5.0
dalaa,0.0,0.0,0.0,0.0,0.0
Wheat flour sourdough bread,226.0,8.43,44.8,1.0,2.25
Red Kidney Beans,117.0,8.4,15.0,1.0,7.0
Mélange de noix et d'olives,645.0,23.5,10.6,54.5,8.3
cassonade,400.0,0.5,100.0,0.5,0.0
Palmito L'original,533.0,6.1,59.0,30.0,2.4
Danone le nature 125 g x 4,46.0,4.0,5.3,1.0,0.0
Comté,410.0,26.0,0.5,34.0,0.0
BRIDELIGHT LE BON MOELLEUX ALLEGE 5%MG 350g,145.0,25.0,0.5,5.0,0.0
Épeautre noisette bjorg,76.0,1.0,11.0,3.0,0.5
Nectar de pommes - Doux - Bio,35.0,0.5,8.8,0.0,0.5
Curly cacahuète l'original,486.0,13.0,52.0,24.0,5.5
PAIN MIE SANDWICH BIO* COMPLET Sans sucres ajoutés 500G,252.0,10.0,38.0,5.1,6.9
Röstzwiebeln,606.0,6.0,40.0,46.0,4.0
Dark soy sauce,224.0,4.5,51.6,0.0,0.0
CRISP BREAD Blackpepper,344.0,8.8,66.6,1.6,14.5
Cocoa Alpha Bites,385.0,10.0,78.0,2.4,6.7
Salt and Vinegar Flavour Potato Crisps,512.0,6.4,52.0,29.6,4.0
Belvita original  - Biscuits petit déjeuner miel & pépites de chocolat,444.0,7.3,67.0,15.0,5.7
Chocolat noir Bio 70%,580.0,9.1,36.0,42.0,10.0
Chips sea salt & cider vinegar,491.0,5.2,51.8,27.2,3.3
10 potato waffles,168.0,2.2,22.0,7.6,1.4
Traditional Dairy Ice Cream,184.0,4.0,19.2,10.3,0.0
Grilletine froment,427.0,12.0,70.0,9.6,6.3
Saint Agur,361.0,16.0,0.5,33.0,0.0
French Inspired Lentils,119.0,7.2,14.5,2.4,5.2
L'original,135.0,4.7,27.0,0.5,2.2
Chopped Garlic,76.0,4.7,11.3,0.1,0.0
HERTA Blanc Poulet Nature conservation sans nitrite x4 -140g,105.6,21.0,0.9,2.0,0.0
Rhumix,0.0,0.0,0.0,0.0,0.0
ProActiv Original,315.0,0.05,0.5,35.0,0.0
Pâte à tartiner noisettes,552.22,5.86,44.64,39.86,0.0
All butter shortbread fingers,513.0,6.3,60.4,26.9,2.0
schweppes Indian tonic,19.0,0.0,5.8,0.0,0.0
Caprice des Dieux,333.0,15.0,0.8,30.0,0.0
Moutarde Fine et Forte Flacon Souple,145.0,7.7,2.7,10.0,3.8
St Moret ligne et plaisir,132.0,10.0,5.0,8.0,0.0
Fromage blanc au lait de brebis,96.0,5.3,4.5,6.3,0.0
Elle & vire creme fraiche epaisse legere 12%mg poche 328g,145.0,3.1,6.1,12.0,0.0
The Original Speculoos,484.0,4.9,72.6,19.0,1.3
Fakiat,502.0,7.4,65.0,24.5,6.0
جبن طازج,85.0,7.5,3.7,4.5,0.0
Lait demi écrémé UHT,43.5,3.0,4.5,1.5,0.0
Kikkoman Soyasaus glutenfrei,57.0,10.0,2.0,0.0,0.0
Goody cao,384.0,5.4,78.9,3.3,7.5
Mousse au chocolat vegetal au lait de coco,163.0,2.2,19.3,8.2,0.0
Italian Tomato Passata,21.2,1.24,3.16,0.2,1.12
Skyr framboise,88.0,8.9,8.9,1.9,0.0
Oat Milk,55.0,0.7,5.7,3.0,0.8
Milk Single Origin Chocolate,618.0,8.0,39.0,47.0,3.4
Havarti light,267.0,27.0,1.6,17.0,0.0
HAWAI ANANAS 1l,48.0,0.0,12.0,0.0,0.0
Confiture 70% de fraise,168.0,0.6,40.0,0.4,1.4
Rostlinná slanina,218.0,15.0,4.3,15.0,3.2
Sundried Cherry Tomato & Basil,49.0,1.7,5.1,2.1,0.0
Beurre planta fin,531.0,0.5,0.5,59.0,0.0
Honey Granola,494.0,13.1,49.2,26.7,7.0
Chergui proteine,58.9,8.0,5.51,0.7,0.0
Carottes râpées à la ciboulette,79.0,1.1,5.6,5.2,28.0
Tourtel Twist,27.0,0.5,6.4,0.0,0.0
Snack poppé T&H,398.0,18.0,54.0,10.0,8.6
Chocolat noir 75% Pérou,607.0,6.8,32.0,48.0,10.0
ORIGINAL RYVITA CRACKERBREAD,0.0,0.0,0.0,0.0,0.0
Organic tofu imp,61.0,6.5,2.8,2.7,0.0
Greek style Honey,141.0,4.1,13.7,7.8,0.0
Confiture de Fraise,255.0,0.0,63.0,0.0,1.0
PERRIER eau minérale naturelle gazeuse,0.0,0.0,0.0,0.0,0.0
HERTA Pâte à Pizza Fine et Rectangulaire 390g,287.5,8.7,49.0,5.3,1.0
Sun-dried Tomato Pesto,296.0,4.1,7.9,27.0,2.3
Pâtes spaghetti n°5 1kg,359.0,13.0,71.0,2.0,3.0
Pesto alla Calabrese 190g,337.0,3.3,8.3,32.0,1.2
Chicken Stock Pot 8 x,91.0,4.1,10.0,4.0,0.8
MAGGI KUB OR L'Original - 128g,185.0,4.8,22.5,8.3,0.6
Chocao,381.0,4.4,79.5,2.2,6.4
Chocolate negro 99% cacao,610.0,15.0,8.0,54.0,16.0
Carres graines pepites de chocolat,507.0,8.7,54.3,27.3,4.5
Sucre Pure Via SpecialPatisserie,1.0,0.0,99.0,0.0,0.0
Milka aux noisettes,552.0,3.8,57.0,34.0,2.1
Chips de lentilles saveur oignons caramélisés,452.0,13.0,54.0,19.0,7.7
Boursin ail et fines herbes,385.0,8.5,3.0,37.0,0.0
Moutarde à l’ancienne,172.0,6.9,9.3,10.0,3.5
Confiture fraise sans sucre ajoutes,89.0,0.6,21.7,0.5,8.9
rice crispies,390.0,7.0,86.7,1.33,3.0
Excellence Noir Caramel à la pointe de sel,520.0,5.4,56.0,29.0,0.0
CONTREX eau minérale naturelle 1L,0.0001,0.0001,0.0001,0.0001,0.0
Pain complet seigle,198.0,4.6,37.0,1.3,10.0
Poulet🐔 au Curry et Noix de Coco 🥥,90.0,6.3,10.0,2.5,1.1
Kinder Pinguin,460.0,7.67,43.33,28.33,0.0
Weetabix Oatiflakes,405.0,11.0,67.0,8.6,8.0
Warburtons 6 Brown Sandwich Thins,250.0,10.0,45.3,2.75,3.5
Classic Medium Sliced Wholemeal Bread,228.0,11.1,37.2,2.61,6.09
Schweppes Agrumes Zero,2.3,0.0,0.0,0.0,0.0
BTE 33CL SLIM FANTA ORANGE,27.0,0.0,6.5,0.0,0.0
Boulettes aux Légumes,227.0,16.2,5.2,14.4,5.9
Ferrero rocher,603.0,8.2,44.4,42.7,0.0
Chia seeds,455.0,18.4,6.3,32.1,34.0
Knorr Beef Flavored Buillon Cubes - 8 Cubes,3.0,0.5,0.5,0.5,0.0
Haricots Verts extra-fins 1/2,20.0,1.4,2.3,0.1,2.4
MOZZARELLA PIZZA-ROMA,283.0,21.0,2.5,21.0,0.0
Classic Margherita Mozzarella & Tomato Pizza,251.0,12.5,30.4,8.33,2.45
Cod Fish Fingers,211.0,12.0,20.0,9.0,0.8
Gerblé cacao céréales,453.0,10.0,62.0,17.0,6.1
Délicimo : Stracciatella,168.0,5.3,20.0,7.4,0.0
Cholula Hot Sauce,23.0,0.7,2.0,1.0,0.09
halta cucina,256.0,2.599999905,5.0,25.0,0.0
Crakes choc,433.18,4.74,64.27,17.46,1.63
Oreo O's,382.0,7.9,81.0,2.1,3.9
wholemeal sourdough bread,258.0,10.9,42.4,4.0,4.6
Crema de cacahuete 100% crunchy,608.0,30.0,12.0,47.0,8.2
Green pesto,462.0,4.4,6.7,45.9,2.2
Petit déjeuner fruits rouges,457.0,8.7,64.0,17.0,6.6
Rôti de Poulet - 100% filet,110.0,22.0,0.5,2.2,0.0
Oreo chocolate,525.0,7.84,78.4,19.6,1.96
MARG FAMILIA 400G,0.0,0.0,0.0,0.0,0.0
Chicoree soluble nature bio 100g,0.0,0.0,0.0,0.0,0.0
Les galettes orge et boulgour au chèvre miel,219.0,5.4,26.0,9.0,6.3
Paysan Breton - Le Fromage Fouetté Madame Loïk - Echalote Ciboulette,242.0,5.5,3.2,23.0,0.0
Queso rallado parmesano,402.0,32.0,0.0,30.0,0.0
Pain de mie grandes tranches complet,255.0,9.3,40.0,4.8,7.4
Überraschung,561.0,8.4,52.6,34.9,0.0
Chocolat Tentation Noir Gourmand Amandes,543.0,9.2,40.4,38.3,0.0
Nectar Orange,46.0,0.0,12.0,0.0,0.0
Perly façon tarte aux fraises,118.0,7.3,13.5,3.9,0.0
Organic Extra Virgin Olive Oil,800.0,0.0,0.0,86.7,0.0
Noir amandes entières,569.0,7.3,43.0,39.0,7.8
8 Tortillas - Blé nature,299.0,9.1,53.2,5.2,1.6
Pure Creamed Coconut,604.0,5.6,6.4,65.0,0.0
Ghilal Panaché,68.0,1.4,14.0,0.7,0.0
Milk Caramel Sea Salt Chocolate,537.0,6.9,54.0,32.0,0.0
Mixed Beans,106.0,7.8,13.8,0.5,9.7
Fromage,0.0,0.0,0.0,0.0,0.0
Cola Cao El Original,68.0,3.4,9.6,1.7,0.5
Raffaello - Confetteria - Kokos & Mandelcreme,599.0,8.1,46.5,41.8,0.0
HERTA TARTE EN OR Pâte Brisée 230g,387.8,5.8,45.0,20.0,2.3
PET 1.2L MAYTEA PECHE,20.0,0.0,4.8,0.0,0.0
Le moelleux,113.0,6.8,11.0,4.6,0.0
Multigrain Rice Cakes,400.0,11.4,72.9,5.71,5.71
Purified Drinking Water,0.0,0.0,0.0,0.0,0.0
Chocolate Chip Oat Biscuit Breaks,475.0,7.7,62.3,20.5,5.4
Milk Chocolate Nut,554.0,7.9,51.4,34.6,2.5
Nougat Bits,443.0,6.1,65.6,16.3,4.9
Dried Mango,290.0,2.9,67.0,0.2,5.3
Lindt Excellence Dark Orange Intense,160.0,2.1,15.3,9.6,0.0
Crème fraîche épaisse,169.0,2.5,6.0,15.0,0.0
Thon a lhuile,145.0,29.6,0.2,2.8,0.0
sirop d'agave,324.0,0.0,77.0,0.5,5.7
Chucrut al estilo bávaro,22.0,1.5,1.9,0.5,0.0
Sweet Chilli & Red Pepper,503.0,7.0,54.1,27.3,6.6
"Alpro Sojadrink, Ungesüßt fresh",33.0,3.3,0.0,1.8,0.6
GARDEN GOURMET Nuggets Soja 200g,236.0,13.1,15.0,12.5,5.7
Pan de molde con 52% centeno,265.0,10.0,35.0,7.8,7.5
Raibi grenadine,0.0,0.0,0.0,0.0,0.0
Old English Medium Sliced White Bread,248.0,9.4,46.4,2.6,2.1
Unsweetened UHT Soya Drink,31.0,3.4,0.1,1.9,0.0
Tortelloni Ricotta et épinards,276.0,9.2,34.2,10.8,0.0
Super Seeds Salad Topper,534.0,30.0,10.0,38.0,14.0
Pesto Basil,395.0,3.7,6.2,39.0,2.0
Brioche tranchée nature ss additif,345.0,8.0,51.0,11.0,5.0
"Wholemeal, Seeds and Grains Loaf",256.0,11.6,37.5,5.0,6.36
Poulain Grand Arôme intense 70% de cacao,68.0,4.2,7.5,2.1,1.6
Oat Barista Blend,54.0,0.8,5.8,2.9,0.8
Quinoa red & white,184.0,5.8,31.0,3.2,4.0
Tortilla chips,473.0,6.1,62.9,20.5,6.3
Italian Chopped Tomatoes in tomato juice,24.0,1.2,3.5,0.5,0.9
Mints,456.0,3.5,70.0,17.0,4.5
Citronnade,23.0,0.0,5.1,0.0,0.0
Pains au chocolat,379.0,7.2,50.0,17.0,4.8
Chips saveur Chèvre piment d'Espelette,522.0,6.3,52.0,31.0,4.8
Raffaello,627.0,7.4,38.6,48.3,0.0
Soft Tiger Bloomer,251.0,10.1,46.2,2.4,2.0
Céréales Extra Kellogg's Pépites Chocolat au lait,484.0,7.0,62.0,22.0,4.9
Mature Cheddar & Chive,505.0,7.5,52.9,27.8,6.5
Small chunk pickle,159.0,0.6,35.0,0.8,0.0
Oven Baked Sweet Potato Fries,192.0,2.75,27.5,6.88,5.38
Gout Bacon,479.0,8.5,66.0,19.0,2.4
Organic Soya Unsweetened U.H.T.,32.0,3.3,0.0,1.9,0.6
Coca Cola 1.25ltr,42.0,0.0,10.6,0.0,0.0
Couscous Moyen,361.0,12.0,72.0,2.0,3.3
NESTLÉ DESSERT 70% Absolu 170g,592.0,9.0,33.0,44.7,10.9
Mélanges de fruits,53.0,0.3,12.8,0.0,0.0
Tosta Rica,463.0,7.5,73.0,15.0,2.9
Teriyakisauce,97.0,6.6,12.0,0.0,0.0
Ain Soltan,0.0,0.0,0.0,0.0,0.0
Kiri® Crème 24 portions,303.0,9.0,2.0,29.0,0.0
Crunchy canadian maple syrup,464.0,8.57,64.3,17.9,6.43
Shredded Wheat,367.5,11.75,68.75,2.25,0.0
SMOOTH ALMOND BUTTER,577.0,20.9,5.9,52.3,10.9
Bio crackers,447.0,14.0,49.0,19.0,12.0
Veganer Schinken Spicker Mortadella,117.0,2.2,2.9,9.0,8.0
Growers Harvest Tomato Purée,84.0,4.78,14.08,0.38,3.18
Crème cuisson,216.0,9.0,4.5,18.0,0.0
THIN-SLICED ORGANIC BREAD 21 WHOLE GRAINS AND SEEDS,214.0,10.7,50.0,3.57,10.7
Thon entier au naturel,116.0,26.0,0.0,1.3,0.0
Tomato Purée,94.0,4.5,17.0,0.25,2.2
Activia bifidus nature 125g x 4,62.0,3.4,4.4,3.4,0.0
PurSoup' Velouté de 10 légumes,42.4,0.72,5.2,1.92,0.8
Compote de pomme allégée,63.0,0.3,14.0,0.2,1.9
Crème légère semi épaisse 18%,194.0,2.3,5.7,18.0,0.0
SPECIAL K The Original,392.0,8.0,84.0,1.3,6.0
McVities Rich Tea Biscuits,460.0,7.2,71.1,15.7,3.0
Branston Pickle Small Chunk,159.0,0.6,35.0,0.8,1.7
Bebida isotónica limón,18.0,0.0,4.4,0.0,0.0
Baiocchi nocciola snack mb,510.0,8.0,59.0,26.0,4.0
Amora Mayonnaise De Dijon Flacon Souple 235g,648.0,1.2,1.6,70.0,0.5
Oat M*lk,46.5,0.25,6.85,2.0,0.0
White tiger bloomer,295.0,8.07,48.2,7.02,3.16
Cacau em pó,389.0,23.3,10.0,21.9,29.1
Peanut butter,160.0,7.0,6.0,14.0,0.0
Crunchy original,530.0,6.73,51.95,32.87,1.2
Super Berry Granola,382.0,11.0,50.0,12.0,15.0
Wheat and Rye Soughdough Half Bloomer,249.0,9.0,44.9,2.6,5.0
Soft Pitted Dates,288.0,2.5,65.2,0.2,7.5
biotiful gut health kefir protues,66.0,12.0,3.52,0.4,0.0
النمر,0.0,0.0,0.0,0.0,0.0
Best of Both Bread,232.0,8.75,44.7,1.75,2.5
Yeo Valley Salted Butter,745.0,0.6,0.6,82.0,0.0
María 100% Integral,410.0,8.7,66.0,10.0,11.0
Intense Dark Chocolate 85% Cocoa Solids,632.0,9.1,25.4,52.6,10.2
Dijon-Senf,151.0,7.0,3.5,11.0,0.0
Chicoree liquide 250 ml,238.0,2.4,53.0,0.6,3.0
1L PUR JUS ORANGE JOKER NEW,41.0,0.8,9.0,0.0,0.0
Tartines Craquantes Multi-Céréales,377.0,9.9,78.0,2.3,2.5
Huile d'Olive Vierge Extra,900.0,0.0,0.0,100.0,0.0
Huile d'olive vierge extra - Bio,900.0,0.0,0.0,100.0,0.0
Sainte-Maure,291.0,20.0,1.0,23.0,0.0
Tipiak Graine Parfumé,165.0,5.86,32.1,1.29,2.36
Batchelors : Mushy Original,88.0,5.9,13.1,0.4,3.9
Strawberry Bio Live Yoghurt,98.0,4.5,10.9,4.0,0.0
soya Vanille,57.0,3.0,6.7,1.8,0.5
L'ben,40.13,2.7,3.62,1.65,0.0
Ricoré Original Café & Chicorée,141.0,3.0,7.7,0.4,48.7
Granola baja en azúcares,477.0,13.6,50.2,22.7,8.5
Yogur estilo griego natural,129.0,3.9,3.9,10.8,0.0
Vegemite,174.0,25.9,11.1,0.9,8.4
Chocolat au lait feuilleté caramel,0.0,0.0,0.0,0.0,0.0
Chocolate negro 0% azúcares añadidos 85% cacao,571.0,11.0,22.0,49.0,13.0
Menguy's Beurre de cacahuètes crunchy,629.0,25.0,12.0,52.0,6.7
Authentic Greek Yoghurt,137.0,6.0,4.1,10.7,0.2
Queso de untar light,130.0,9.0,4.8,8.3,0.0
Pizza Base with Tomato Sauce,227.0,7.0,41.0,3.4,3.0
Rosemary & Sea Salt Thins,386.0,12.9,68.6,4.29,8.57
Wholemeal Bagels,252.0,10.7,44.9,1.9,6.2
Black Beans in Water,110.0,7.5,15.1,0.6,7.1
Ванилов сладолед с парчета бисквити с шоколадов чипс и шоколадови парчета,273.0,4.1,31.0,15.0,0.6
Chips de Sarrasin au Sel de Guerande,567.0,8.9,45.0,38.0,4.6
bisto,12.0,1.0,3.2,1.0,1.0
"BN - Strawberry Cookies, 285g (10oz)",398.0,5.3,75.0,8.4,2.5
CIABATTA ROLLS,267.0,10.4,49.4,2.4,3.2
PET 1.2L MAYTEA MENTHE,14.0,0.0,3.3,0.0,0.0
Baked Sea Salt,438.0,5.9,73.0,13.0,6.3
Snack a Jacks Zingy Salt & Vinegar 117g,410.0,8.57,78.1,5.71,3.81
Natural Ingredients Buttery,677.0,0.5,0.5,75.0,0.0
Complet au sarrasin,224.0,7.5,33.0,3.6,15.0
Full Fat Soft Cheese,255.0,4.7,3.1,24.5,1.6
Taboulé à l’orientale,183.0,4.5,25.0,6.7,2.1
Tomaten passiert,33.0,1.7,4.9,0.5,1.4
Bonbon à la Sève de Pin,390.0,0.1,97.5,0.0,0.0
La Barquette (chocolat),489.0,6.5,62.0,23.0,2.6
Création Rocher Noir,564.0,6.6,48.0,37.0,0.0
Bulles de fruits Pamplemousse Touche de citron,21.0,0.5,4.9,0.5,0.5
Oasis tropical,28.0,0.1,6.6,0.0,0.0
100% mie,266.0,7.0,48.0,4.2,4.0
BRANDADE DE MORUE,156.0,7.2,10.1,9.6,0.0
Philadelphia 200g,226.0,5.4,4.3,21.0,0.2
Céréales Trésor Kellogg's Chocolat Noisettes - 1kg,456.0,7.0,69.0,14.0,3.5
Soya Wholebean Unsweetened Drink U.H.T.,33.0,3.3,0.0,1.8,0.6
Le Classique Soja et Blé,191.0,21.0,4.0,8.7,6.4
Filippo Berio Extra Virgin Olive Oil imp,822.0,0.0,0.0,91.3,0.0
Digestive Muesli,462.0,7.5,64.0,18.0,7.0
Wholegrain Mustard,176.0,6.9,9.4,10.0,0.0
Amora Sauce Burger 260g,240.0,1.1,11.0,21.0,0.6
Protein strawberry,72.0,10.0,6.6,0.2,0.0
Scottish Rough Oatcakes,447.0,10.0,58.0,17.0,7.6
yogo banan,0.0,0.0,0.0,2.0,0.0
100% cacao puro natural,339.0,25.0,17.0,11.0,34.0
Duchy Organic Mayonnaise,717.0,0.9,5.1,77.0,0.0
itri choco,449.0,7.0,70.0,21.0,0.0
10 Pains au lait frais sans sucres ajoutés 350g,324.0,10.0,47.0,10.0,3.0
Pomme de terre nature,540.0,6.2,54.0,35.0,3.9
Wholemeal Loaf,260.0,16.0,35.2,4.6,7.0
Seriously good vegan mayo,558.0,0.5,3.0,60.2,0.0
Bonne Maman Hazelnut Chocolate Spread,551.0,6.7,53.0,34.0,3.3
slice burger viva,0.0,0.0,0.0,0.0,0.0
coca-cola,0.0,0.0,0.0,0.0,0.0
FRUT MAX,38.0,0.0,9.5,0.0,0.0
filets de maquereaux à l'huile végétale,180.1,30.1,0.6,15.6,0.0
6.11118E+12,0.0,0.0,0.0,0.0,0.0
all butter shortbread fingers,514.0,6.29,59.4,27.4,2.29
Bio Reiswaffeln mit Salz,385.0,8.5,79.0,3.3,3.5
Oasis Pomme Cassis Framboise,34.0,0.0,8.1,0.0,0.0
Filets de Sardines Citron Basilic,147.0,17.0,0.5,8.4,0.0
Curly cacahuete,461.0,13.0,54.0,20.0,3.8
Sucre Cmplet Muscovado,394.0,0.5,98.0,0.0,0.0
Räuchertofu Mandel-Sesam,194.0,19.0,1.5,12.0,0.0
M&M's Cacahuètes - Pack familial,524.0,9.8,59.0,26.0,0.0
Salted Butter,737.0,0.5,0.0,81.7,0.0
Belvoir Farm Ginger Cordial,17.0,0.0,4.5,0.0,0.0
Extra,42.0,3.96,4.0,0.0,0.0
NESTLÉ DESSERT Corsé 200g,554.0,8.3,40.6,37.3,10.6
Crunchy Avoine & Fruits Rouge 5 x 42 g,452.0,7.38,64.8,16.9,6.19
Digestive zero sin azúcares,430.0,6.2,68.0,16.0,6.5
Tortitas de maíz,367.0,7.67,80.0,1.67,1.0
Rana spinach and ricotta fresh tortelloni,222.0,8.0,32.0,6.3,2.6
"Kefir, Mango and Passion Fruit",81.0,4.0,11.6,2.0,0.0
TORTILLA WRAPS WHOLEMEAL,307.14285710000007,7.321428571428571,41.25,3.75,7.857142857142861
Original,378.0,6.6,78.0,2.5,7.8
Thon à l'huile végétale,321.0,21.1,0.5,26.3,0.0
Simply porridge oats,368.0,12.0,56.0,8.5,9.0
Hazelnut Butter Dark Chocolate,611.0,9.4,33.0,47.0,9.3
Chips nature,508.0,6.1,53.0,30.0,4.3
"PET 1,5L SCHWEPPES AGRUMES",19.0,0.0,4.5,0.0,0.0
Nordic Oat Drink,47.0,0.7,7.1,1.5,1.0
signal,0.0,0.0,0.0,0.0,0.0
Jus d'orange sans pulpe,42.0,0.7,9.0,0.05,0.0
Brioche tranchée,357.0,7.3,53.2,12.4,1.6
Pitted Black Olives in Brine,134.0,0.5,0.0,14.0,3.0
Tomacouli,27.0,1.2,4.5,0.1,1.6
Excellence Raspberry,536.0,6.1,52.0,32.0,7.0
Petits coeurs chocolat,507.0,5.9,63.0,25.0,2.9
Le Sablé pur beurre,501.0,6.8,70.0,21.9,0.0
Amandes grillées sans sel,637.0,25.0,5.4,55.0,9.3
Compote Pomme Nature,55.0,0.3,12.0,0.2,1.9
RUDE Almond Organic Drink imp,56.0,0.5,10.0,1.5,0.5
Schokobons,576.0,8.3,52.5,36.6,0.0
Bahia,0.0,0.0,0.0,0.0,0.0
Joly,175.4,33.0,0.96,4.4,0.0
Sauce apéritif Guacamole,77.0,1.7,9.5,3.2,1.5
Gazpacho Original,42.0,0.9,3.5,2.4,1.2
Coca cola zero,0.2,0.0,0.0,0.0,0.0
Marmite Reduced Salt,271.0,39.0,29.0,0.5,0.0
Amora Sauce Crudites Nature,255.0,0.5,4.9,26.0,0.5
Skyr vanille,85.7,8.71,8.43,1.93,0.0
Golden syrup,100.0,0.0,26.2,0.0,0.0
Superseed Farmhouse,286.0,10.4,40.1,8.2,5.0
Thunfisch Filets in eigenem Saft,101.0,23.0,0.0,1.0,0.0
Mixed Nuts,639.3403442000001,20.3,4.3,58.7,10.6
María dorada 0%,445.0,6.9,68.0,18.0,3.9
Gazpacho Tradicional,41.0,0.8,3.6,2.6,1.1
Tentation,541.0,7.0,30.3,45.5,0.0
Croustibat,196.0,13.0,16.0,8.7,0.8
Bebida de Avena Calcio y Vitaminas,52.0,0.5,6.8,2.5,0.56
Oatly Semi Oat Drink imp,48.0,1.1,7.0,1.5,0.8
6 Wholemeal Pitta Breads,213.0,10.0,41.1,1.3,7.2
La Vie Jambon Végétal,110.0,19.5,3.2,1.6,2.5
Mustard powder imp,0.0,0.0,0.0,0.0,0.0
BelVita Original Petit Déjeuner pépites de chocolat,436.0,8.6,66.0,14.0,7.1
BLE 70CL PULCO CITRON VERT,22.0,0.2,1.0,0.0,0.0
Bridélice Crème légère fluide 12%Mat. Gr.,144.0,3.1,5.6,12.0,0.0
Cannelle moulue,257.0,0.0,0.0,0.0,0.0
Biscuits nappés de chocolat noir,471.0,9.7,57.0,21.0,7.1
Flocons d'avoine complets,371.0,12.0,60.0,7.0,10.0
Meli mélo gourmand,126.0,5.1,22.0,1.2,2.7
Framboise Intense,171.0,0.7,39.0,0.5,2.3
"Beanz In a Rich Tomato Sauce, Organic",82.0,4.9,13.2,0.2,3.8
Walkers Ready Salted Crisps 6pk,520.0,6.0,53.3,31.1,5.11
Berry Delight Bars,380.0,6.7,57.0,12.0,8.7
Spaghetti Senza Glutine,358.0,6.5,79.0,1.5,1.1
Frutas Mezcladas,53.0,0.3,12.8,0.0,0.0
Yogur Proteínas Fresa 0%,53.0,8.3,5.0,0.5,0.0
Tasty Wholemeal Thick,221.0,10.0,37.9,1.7,6.81
POM-BEAR Potato snacks,508.0,3.85,60.8,26.2,5.38
Ketchup stat 330g,108.0,1.128,25.7,0.08800000000000001,0.0
Muesli Swiss Style,362.0,11.3,64.7,4.89,16.0
Crunchy Muesli Multi Fruit,426.0,7.9,63.5,13.9,7.6
Aiguebelle Mini Chocolate,60.0,8.0,5.0,15.0,6.0
SOFT CHEESE,206.0,3.5,4.6,19.3,0.0
Pain grillé,403.0,11.0,72.0,6.6,5.8
Protein Raspberry-Pomegranate,65.0,10.0,6.0,0.3,0.0
Gemüse Brühwürfel,380.0,5.3,5.1,37.0,2.7
PET 1L OCEAN SPRAY SANS SUCRE,10.0,0.0,1.5,0.0,0.0
Bebida de Soja,35.0,3.4,0.8,1.9,0.7
Pan de molde blanco natural rústico,265.0,9.1,47.0,4.5,1.2
Zéro Grenadine,11.0,0.0,3.1,0.0,0.0
KitKat Cereal,420.0,7.8,69.4,10.9,6.4
Sardine à l’huile végétale,238.7,26.8,1.2,14.1,0.0
Luncheon splendida,0.0,0.0,0.0,0.0,0.0
Salted English Butter,745.0,0.6,0.6,82.2,0.0
Cornichons Gurken,35.0,1.2,5.5,0.3,1.4
Organic Sesame Biscuits,481.0,9.6,61.0,21.0,4.7
Excellence Lait Extra Fondant,569.0,6.4,51.0,37.0,0.0
Fourré Cacao sans sucres,456.0,6.7,64.0,22.0,3.0
Salade & Compagnie - Antibes,196.0,6.25,20.0,9.38,2.5
Couscous Oriental légumes cuisinés et poulet émincé,91.0,6.9,11.0,1.8,1.4
"Fromage blanc au lait demi-écrémé, 3% de Mat. Gr.",69.0,6.4,4.0,3.0,0.0
Kinder Maxi,566.0,8.7,53.5,35.0,0.0
Lentil Chips - Sea Salt Flavour,474.0,11.4,61.9,19.0,5.0
Aicha Tomate,117.0,4.6,23.7,0.4,3.0
Jus d'orange,49.0,0.1,12.0,0.0,0.0
Crispy Chili oil,533.0,10.0,20.0,46.7,10.0
Pan de Molde 100% Integral,238.0,11.0,37.0,3.2,7.4
Light Mayonnaise,267.0,0.6,8.0,26.0,0.0
Pack Cassonade Saint Louis 650g,396.0,0.0,99.0,0.0,0.0
Douceur fromage frais,256.44,7.01,3.1,24.0,0.0
Puglian Extra Virgin Oil,824.0,0.5,0.5,92.0,0.5
Vegetable chips,525.0,4.7,40.0,36.0,11.0
Bono,522.0,10.0,53.68,31.27,0.0
Eyoo choc,494.0,6.5,72.0,20.0,0.0
Tobigo,450.72,6.37,63.11,19.2,0.0
Mon Cherie,455.0,3.0,52.8,20.3,0.0
Protein Drink PLUS,77.2,10.8,5.5,1.1,0.0
vitalya,0.0,0.0,0.0,0.0,0.0
Viva,246.0,7.0,9.0,20.0,0.0
Top Original,469.6,4.51,59.44,23.7,1.37
Miel de Fleurs BIO liquide Doseur 500g,320.0,0.0,80.0,0.5,0.0
Desperados Original aguardiente,57.0,0.0,5.6,0.0,0.0
Muesli croustillant tradition,440.0,9.1,68.0,13.0,5.9
Chips saveur Poulet Braisé,522.0,6.3,52.0,31.0,4.8
tendres perles,356.0,12.0,72.0,1.5,4.2
Cocoa Delight,390.0,8.3,53.0,14.0,9.4
Diet Coke,0.303,0.0,0.0,0.0,0.0
Coca-Cola saveur cerise,43.0,0.0,10.7,0.0,0.0
Petit Déjeuner Chocolat,439.0,7.9,66.0,14.0,6.8
Heudebert Blé complet,387.0,14.0,69.0,4.7,6.5
The golden experience,603.0,8.2,44.4,42.7,4.0
Biscuits Nutella B-ready x15 gaufrettes fourrées,521.0,7.2,60.7,27.0,0.9
Parmigiano Reggiano & Poppyseed Torinesi Breadsticks,430.0,13.0,68.0,11.0,3.3
yogo fraise,95.0,1.99,55.14,6.9,6.3
Really Nutty Granola,452.0,11.9,58.5,17.4,6.4
Raisin Wheats,359.0,11.0,71.0,1.8,7.6
Grana Padano,398.0,33.0,0.0,29.0,0.0
Mayonesa,599.0,0.6,2.4,65.0,0.0
Greek Yoghurt,134.0,6.4,4.2,10.1,0.2
Delichoc Milk Chocolate Cookies,476.0,5.2,72.2,18.1,0.0
Breaksta,523.0,7.69,61.5,30.8,2.31
Cherry Bakewell Oat Boosts,437.0,6.33,46.7,22.3,15.3
Maxi tranches complet,282.0,9.2,44.0,4.7,5.8
Pesto basilico e pistacchio,476.0,2.9,13.0,44.0,8.1
M&S x Zoe Gut Shot,60.0,2.2,7.8,1.7,2.2
sauce soja,18.0,2.7,1.8,0.0,0.0
cracotte,389.0,12.0,78.0,2.6,2.8
President spreadable lightly salted,640.0,1.0,1.5,70.0,0.0
Filet de sardine,307.0,21.0,0.0,16.0,0.0
Coulommiers 21%,265.0,19.0,0.5,21.0,0.0
Crème de coco légère,174.0,1.2,5.8,16.0,1.1
Câlin,61.0,6.5,7.8,0.1,0.1
Crunchy Nut,397.0,6.0,83.3,4.67,2.67
Smacks,377.0,7.1,81.0,1.6,5.0
Hot sauce,8.0,0.45,1.25,0.2,0.0
Schoko-Bons,576.0,8.3,52.5,36.6,0.0
Huile d'olive vierge extra Vivace,823.0,0.0,0.0,91.0,0.0
Orangina 50cl,43.0,0.1,10.3,0.0,0.0
Queso fresco batido desnatado,46.0,8.0,3.5,0.5,0.0
Yaourt banin,92.0,3.9,14.3,1.7,0.0
Skyr myrtille,90.0,9.0,9.0,2.0,0.0
FA-BU-BLEU,41.0,0.0,10.0,0.0,0.0
Oulmes virgin mojito,48.0,0.0,11.5,0.0,0.0
Compote pommes allégée en sucres,71.0,0.2,16.0,0.0,2.2
Crak's,498.0,5.8,58.17,21.5,0.0
10 Fish Fingers Omega 3,208.0,12.0,19.0,9.1,0.9
Oat barista edition unsweetened,58.0,0.8,8.4,2.3,1.0
Beyond Burger,196.0,16.0,5.6,12.0,1.2
Maquereaux vin blanc et aromates,155.0,13.0,0.8,11.0,0.0
Chocolate Extrafino 80% NOIR 0% azúcares añadidos,514.0,10.0,26.0,43.0,0.0
Harrys brioche tranchee pepites de chocolat sans additif 485g,357.0,7.5,50.0,13.0,5.2
Pâte à tartiner aux noisettes,514.0,3.0,62.0,28.0,0.0
Pure collagen,360.0,90.0,0.0,0.0,0.0
Hazelnut Flavour Pudding,77.0,10.0,5.8,1.5,0.0
Confitura de Fresa 0%,40.0,0.6,11.5,0.0,0.0
No Sugars Oat Drink,44.0,1.0,6.3,1.5,0.7
la hollandaisr  8 p classique,287.0,1.0,7.0,24.0,0.0
Filets De Maquereaux À L’huile Végétale,217.0,27.1,0.5,11.6,0.0
Multigrain Hoops,376.0,9.4,82.6,2.7,8.0
Walnuts XXL,712.0,15.5,3.7,69.1,6.8
Secret d'arômes plein sud,232.0,16.0,23.0,7.4,5.8
Biscuit Chocolat Céréales,434.0,17.0,56.0,14.0,9.4
"CRISTALINE Eau de Source Pétillante 0,5L",0.0,0.0,0.0,0.0,0.0
Muesli croustillant duo pépites,433.0,9.2,67.0,13.0,7.6
Poulain,77.0,3.77,10.9,1.77,10.5
Grissini Breadstick,415.0,12.5,71.0,8.0,4.3
White Pittas tesco,254.0,9.4,50.6,0.7,3.8
FRUIT & FIBRE FRUITY CRUNCH,367.0,9.4,66.0,5.1,9.8
Jordans Natural Muesli,354.0,12.0,62.6,3.6,11.6
Organic Tomato Ketchup,112.0,1.4,25.3,0.1,0.0
Chocolat Noir - l'Original,132.0,1.3,14.0,7.4,1.9
Biscoff Crunchy Pâte À Tartiner,571.0,3.2,58.8,35.7,0.9
Cube De Bouillon - Boeuf (beef) - 8 Cubes,210.0,9.0,16.0,15.5,10.0
Nature,48.0,3.5,4.28,1.9,0.0
Prince goût tout Choco au blé complet,93.0,1.4,13.0,3.5,1.0
Acqua minerale naturale Sant'Anna,0.0,0.0,0.0,0.0,0.0
Jamón cocido lonchas,204.0,38.0,2.0,5.2,0.0
MAGGI Bouillon KUB BIO Légumes 80g,233.0,2.9,38.0,6.9,3.6
cornflakes,382.0,7.4,84.6,1.0,2.3
Sticks Bretzels d'Alsace L'original,391.0,10.0,73.0,4.8,6.2
ZERO NITRITE - LE SUPERIEUR,0.0,22.0,0.7,2.8,0.0
Lightly salted tortilla,474.0,6.2,65.5,19.8,4.3
Allinson's Scandalous Seeds Wholemeal,268.0,13.2,29.3,9.0,8.2
GOLD BLEND Instant Coffee,0.0,0.0,0.0,0.0,0.0
Филаделфия,226.0,5.4,4.3,21.0,0.2
Porridge Oat,375.0,11.2,60.2,7.75,9.25
Biscuits Abricot Pistache,467.0,9.3,64.0,18.0,6.1
Fromage a tartiner,288.0,6.8,3.5,27.2,0.0
Double Trouble Chocolate Cookies,491.0,5.8,63.2,23.2,3.1
Kefir Yogurt,76.0,5.1,4.3,4.1,0.0
Margarina flora 400 g,531.0,0.5,0.5,59.0,0.0
Protein Peanut Butter Bar,418.0,17.3,33.3,22.0,9.56
Protein drink plus,77.0,10.9,5.1,1.2,5.1
Miel de France,0.0,0.0,0.0,0.0,0.0
Beurre Léger Doux 40% MG,375.0,0.8,3.0,40.0,0.0
Superlevure,331.0,47.0,19.0,5.0,20.0
Petit Yoplait,87.0,9.0,4.1,3.8,0.1
La Crème Entière De Normandie 30%MG,292.0,2.3,3.2,30.0,0.0
Pur jus de citron,31.0,0.0,1.7,0.8,0.0
Bouillon cube Légumes sans sel sans gluten,9.0,0.1,0.9,0.6,0.1
Swiss Style Muesli,369.0,12.0,63.0,5.8,8.3
Medium Sliced Soft White Bread,243.0,9.18,46.4,1.99,2.23
Danish Lighter White Bread,240.0,9.69,46.1,1.55,1.94
Organic Swiss Vegetable Vegan Bouillon Powder,250.0,5.9,50.1,2.2,0.0
"Duval, Sirop De Grenadine 75CL",0.0,0.01,0.0,0.5,0.0
Lion cereal with caramel and chocolate,405.0,8.1,73.1,7.4,7.0
Pâtes linguine collezione 500g,359.0,13.0,71.0,2.0,3.0
Full Fat Soft Cheese Original,238.0,5.5,3.0,22.5,0.5
Chicken Italia 10 Chipolatas,117.0,19.0,3.45,2.76,0.0
Céréales trésor - chocolat au lait,448.0,7.0,71.0,15.0,3.7
Queso crema suave,241.0,4.2,3.7,23.0,0.0
mutigrain brown,247.0,10.2,44.4,1.78,4.89
"Kefir 1,5%",42.54302103,3.2,4.0,1.5,0.0
Golden  Syrup,317.0,0.3,79.0,0.0,0.0
Havarti,1580.0,76.0,5.2,140.0,0.0
Huile d'olive vierge extra Classico,821.0,0.0,0.0,91.0,0.0
"Alpro Fermentiertes Kokosnussprodukt, Natur, Absolutely 350g",84.0,0.6,6.0,6.1,0.0
Kelloggs Fruit & Fibre 700g,408.0,9.0,78.0,4.7,8.8
Maquereaux moutarde a l'ancienne,211.0,13.0,1.2,17.0,0.0
Very Berry Granola,418.0,10.9,64.4,11.3,7.8
Ugandan dark chocolate,648.0,9.1,20.7,56.3,10.7
AMORA Mayonnaise 5 Ingrédients 400g,697.0,1.5,0.5,76.0,0.8
Ancient Grains Farmhouse Bread,235.0,9.5,43.0,1.7,4.8
Kéfir natural,36.0,3.92,4.8,0.52,0.0
300G DRAGIBUS SOFT HARIBO,369.0,0.5,92.0,0.5,0.0
Dairy Milk chocolate,535.0,7.5,55.0,30.5,2.0
Epinards hachés à la crème fraîche,78.0,3.5,5.3,4.4,1.7
Sea Salt & Cider Vinegar Veggie Cakes,430.0,23.7,50.5,12.9,6.45
TAM THON,231.0,25.8,0.0,20.0,0.0
chilli and lime protein nut crunch,598.0,22.0,22.0,47.0,7.4
Shortbread All Butter Fingers,525.0,6.2,60.5,28.3,0.0
Bio Flüssiger Honig Goldklar,0.0,0.0,0.0,0.0,0.0
Primevère doux sans huile de palme,567.0,0.1,0.1,63.0,0.0
Chips paysannes,514.0,6.2,54.0,30.0,3.9
Gâteau marbré au chocolat,454.0,5.5,44.0,28.0,1.8
Vinaigre de cidre bio,0.0,0.0,1.0,0.0,0.0
Le pain aux Céréales,253.0,8.2,36.0,6.9,6.9
Pérou grand cru Amazonas 70% note de fruits rouges,575.0,8.3,32.0,43.0,15.0
Filets de tofu à la japonaise,205.0,19.0,2.4,13.0,0.0
Scottish Oats,370.0,11.7,59.6,7.5,8.4
Melts Cheese,493.0,10.8,59.6,22.9,2.5
"Weetabix, Crunchy Bran",351.0,13.0,54.0,4.3,22.0
Smooth peanut butter,607.0,26.0,16.0,47.3,8.0
Rice crispies multigrain shapes,397.0,7.5,83.3,3.1,7.5
Juice,54.6,1.5,12.1,0.01,0.0
Zahra Bayane,32.0,3.1,0.0,0.0,0.0
Petit frais,37.0,0.0,9.0,0.0,0.0
mozzarella,220.0,17.0,2.0,18.0,0.0
Cheetos Sticks Palitos,518.0,6.0,56.2,29.3,0.0
Limonada natural,23.0,0.1,5.6,0.0,0.0
Atún claro al natural,98.0,21.0,0.9,1.2,0.0
Red Bull Sugarfree,3.0,0.0,0.0,0.0,0.0
REFRIED BEANS,86.0,5.3,12.2,0.5,5.5
Napolitain noir,507.0,8.9,33.0,37.6,0.0
KIRI CREME - 8 portions,305.0,9.0,2.0,29.0,0.0
"Golden Wheat Swedish Krisprolls, 7.9oz (225g)",432.0,10.0,73.0,10.0,3.1
Bonne Maman Strawberry And Wild Strawberry 370G,241.0,0.4,59.0,0.1,0.0
"Parmentier de saumon, sauce ricotta épinards",130.0,6.4,9.5,7.2,1.0
Ready brek original,374.0,12.0,58.0,8.7,7.9
Super Thick Kerned Yogurt,95.0,9.0,3.5,5.0,0.0
NESTLE DESSERT Pâte à tartiner 340g,544.0,6.5,53.0,33.0,3.0
Нутела,539.0,6.3,57.5,30.9,0.0
Avoine sans sucres,29.0,0.6,4.5,0.9,0.0
HERTA Lardons fumés conservation sans nitrite - 2x75g,239.0,17.0,0.0,19.0,0.0
Cracker épeautre et 3 graines,460.0,15.0,48.0,21.0,9.3
Muesli Crunchy,445.0,8.9,62.0,15.8,9.8
superloaf,242.0,10.2,32.5,6.25,7.5
Schweppes citron 45cl,19.2,0.0,0.0,0.0,0.0
Nescafé Gold,0.0,0.0,0.0,0.0,0.0
Nutella-Eis,344.0,4.1,29.8,23.0,0.0
Dijon Mustard,156.0,7.2,3.2,11.5,2.1
Duo Fourré Goût Chocolat 🍫 Noisette 🥜,447.0,7.51,67.2,15.0,5.53
Le Ravioli pur boeuf,91.0,3.8,13.0,2.3,1.6
Confiture Framboises,239.0,0.7,57.0,0.2,3.4
VITTEL eau minerale naturel 50cl,0.0,0.0,0.0,0.0,0.0
Emmental Français Sans additif,382.0,28.0,0.5,30.0,0.0
Pastis de Marseille,252.0,0.0,0.0,0.0,0.0
Amande chocolat,59.0,0.8,9.2,1.9,0.7
Avoine,43.0,0.5,7.2,1.2,0.8
Le Moelleux,437.0,5.9,48.0,25.0,0.0
Peanut,524.0,9.8,59.0,26.0,0.0
Semi-Skimmed Milk 4pts,49.0,3.6,4.8,1.7,0.0
granary wholemeal bread,236.0,10.6,39.8,2.4,6.8
PROTEIN,365.0,19.0,62.5,2.5,10.0
Softer Butter,726.0,0.7,0.8,80.0,0.0
Lincolnshire sausages,176.0,19.6,7.93,6.74,2.83
Geschälte Italienische Tomaten,22.0,1.1,3.6,0.5,0.0
Mini mix,465.0,6.0,64.0,20.0,0.0
Galletas Desayuno Zero Sin Azúcares,410.0,6.8,65.0,14.0,9.8
Copos de trigo integral y arroz 0% azúcares añadidos,373.0,10.3,75.0,1.67,4.67
L’original,13.0,0.6,2.0,0.5,0.5
"Shin Ramyun Instant Noodles, Hot & Spicy",422.0,8.2,68.0,13.0,0.0
Asta black,0.0,0.0,0.0,0.0,0.0
"Low Sugar Granola, Wholegrain Oats, Almonds & Seeds",495.0,13.7,33.0,31.4,12.8
Malt wheaties,373.0,9.67,84.7,2.67,12.7
Bio napitak od zobi,37.0,0.4,5.6,1.2,0.0
Lätta Original,356.0,0.5,1.8,39.0,0.0
Pâte à tartiner 40% noisettes du Lot-et-Garonne et cacao,555.0,9.3,49.0,35.0,0.0
Chips chili,545.0,5.3000001907349015,45.0,37.0,0.0
Coconut And Rice Milk,19.0,0.0,2.8,0.9,0.0
Baked beans in tomato sauce,87.0,4.6,14.0,1.1,3.7
Chunky chopped tomatoes,21.0,1.4,3.3,0.1,1.0
"Gran Cereale classico, Fiocchi d avena, farrone orzo",461.0,8.3,61.4,18.5,8.0
Lightly Salted Potato Chips,494.0,7.7,56.7,25.4,4.1
Fruity favourites,109.41176470588002,5.058823529,10.823529411765001,5.176470588,0.0
Douceur de fromage,97.0,8.0,9.4,3.0,0.0
Special K Chocolat noir,424.0,8.2,81.0,6.1,6.0
Mousline Nature,345.0,7.5,73.6,0.8,7.0
Smooth Peanut Butter No Added Palm Oil,633.0,28.7,12.0,51.3,5.33
Margarina Tulipán,531.0,0.5,0.5,59.0,0.5
زيت المائدة المختارة,900.0,0.0,0.0,100.0,0.0
Pain de mie american sandwich complet sans sucres ajoutés maxi 900g,280.0,7.7,43.0,6.8,8.1
Captain Rondo Cacao,468.0,6.3,66.0,19.0,3.8
Organic Tofu,113.0,13.1,0.8,5.9,2.1
"Ravioli au tofu, tomates, basilic",111.0,3.8,15.0,3.1,3.8
Unleavened Breads,364.0,10.6,76.9,0.8,3.5
Tartelettes citron,453.0,6.0,66.0,18.0,1.7
Quinoa Tomates Olives,146.0,5.0,22.0,3.5,3.0
Galettes millet et boulghour aux champignons,189.0,6.8,26.0,5.2,5.3
Grany Noisettes 5 céréales,457.0,6.73,57.7,21.6,3.85
Parmigiano Reggiano,402.0,32.0,0.0,30.0,0.0
Ready Rolled Puff Pastry Sheet,362.0,5.3,36.0,20.0,1.1
2 Vegetarian Mozzarella Burgers,232.0,18.2,7.19,13.5,4.56
Fruit Crunch Crisp,370.0,9.8,66.6,4.7,11.2
Pringles Hot & Spicy,533.0,4.7,55.0,32.0,2.9
Abtal,49.0,0.1,12.0,0.0,0.0
Nutella B-ready,521.0,7.2,60.7,27.0,0.0
Sandwich Zero Sin Azúcares,422.0,6.7,67.0,17.0,5.3
Maille Cornichons Extra-Fins L'Original Bocal 380g,22.0,1.2,0.5,0.5,2.7
Spinach and Ricotta Tortelloni,189.0,7.38,29.0,4.21,2.92
1664,45.0,0.5,3.0,0.1,0.0
Corn Flakes Cereal,378.0,7.0,84.0,0.9,3.0
Sunflower Oil,828.0,0.0,0.0,92.0,0.0
Profil pack pure canne bio kraft daddy 750g,400.0,0.0,100.0,0.0,0.0
Yogur Proteínas Natural 0%,52.0,10.0,3.1,0.5,0.0
Muesli 4 Noix,463.0,11.0,60.0,18.0,8.5
Integral familiar 100%,247.0,8.75,40.6,3.75,7.5
Nocilla original,546.0,5.0,58.0,32.0,3.0
Chocolat noir pâtissier,551.0,5.9,50.6,34.6,7.2
Crafted Signature Sourdough Bread,226.0,10.7,51.9,2.4,0.0
"Tomato, Grana Padano & Mascarpone",95.0,2.9,5.7,6.4,0.0
Kiri carré 12p,230.0,9.0,3.5,20.0,0.0
"SCHWEPPES AGRUMES ZERO 1,5L",2.3,0.0,0.3,0.0,0.0
Bio Mango-Lime,40.0,0.5,9.33,0.5,0.5
Tchico peanuts,574.0,5.04,12.7,41.0,0.0
Pan Gratí,256.0,4.4,41.0,6.2,8.7
Madeleines aux œufs de poules élevées en plein air,476.0,5.7,52.0,27.0,1.0
Saint Agur Crème,286.0,13.0,2.3,25.0,0.0
Crackers heudebert,430.0,11.0,68.0,12.0,3.0
Sel moulu de Guérande,0.0,0.0,0.0,0.0,0.0
Beurre demi sel aux crisraux de sel de Mer de Noirmoutier,726.0,0.6,1.0,80.0,0.0
Kerrygold Extra Butter & Rapsöl - ungesalzen,589.0,0.5,0.5,65.0,0.0
Cashew Nuts,600.0,20.5,19.8,47.6,5.2
Weetabix organic imp,358.0,10.0,70.0,2.0,10.0
Lyle's Golden Syrup,317.0,0.3,79.0,0.0,0.0
Crunchy Nut Bars with Peanuts & Chocolate,510.0,22.8,32.4,30.5,7.3
Super Smoothie Antioxydant,54.0,0.5,13.0,0.5,1.1
Classic barbecue,140.0,0.667,34.0,0.0,0.0
naturya organic cacao powder,364.0,27.0,22.0,12.0,28.0
Sarsons Malt Vinegar imp,0.0,0.0,0.0,0.0,0.0
200G CHOC LAIT COTE D OR,520.0,7.4,57.0,28.0,3.7
MAGGI Bouillon KUB Légumes,241.0,2.7,32.5,10.8,1.5
Monaco,553.0,12.0,45.0,36.0,2.4
Balsamic vinegar of Modena,95.0,0.05,19.0,0.0,0.0
Pâtes Spaghettini N°3 500G,359.0,13.0,71.0,2.0,3.0
Gran Cereale Cioccolato,457.0,9.0,59.0,19.0,9.0
Doradas al horno zero sin azúcares,439.0,6.0,68.0,18.0,4.0
tomate frito receta artesana,201.0,1.6,14.3,15.0,0.0
Trigo Espelta Crackers,440.0,15.0,56.0,14.0,14.0
Maille Moutarde Fine De Dijon L'Originale Verrine 165g,144.0,7.6,2.6,10.0,3.9
Raw Fruit & Nut Bars - Salted Caramel,367.0,6.5,56.6,11.5,5.3
Crémeux saveur original,237.0,0.0,5.0,24.0,0.0
Sauce andalouse star 290 g,388.9,0.8,12.37,37.36,0.0
Madagascan Dark Chocolate,590.0,8.5,34.5,44.0,9.5
Barista Oat milk - Vemondo,52.0,0.72,5.72,2.8,0.16
Sting Energy,28.0,0.0,7.0,0.0,0.0
Seeded Sourdough Loaf,241.0,0.0,0.0,0.0,0.0
Suprêmes panés végétaux et gourmands,232.0,9.7,15.0,13.0,6.8
"Boisson au soja, sucré",40.0,3.0,3.1,1.7,0.0
Confiture de figue,250.0,0.8,55.3,0.1,0.0
"Crispy Minis Choco, céréales de blé complet enrichies en vitamines et en fer avec du chocolat",385.0,10.0,75.0,5.0,10.0
Barres protéinées aux chocolat et cranberries sans gluten,472.0,26.0,28.0,25.5,12.5
Vegane Pommersche - Schnittlauch,221.0,7.2,7.3,17.0,5.1
Cacao & Orange Oat Bars,418.0,7.0,57.7,16.7,5.7
Sel fin iodé et fluoré,0.0,0.0,0.0,0.0,0.0
BLE 70CL DELICES AGRUMES PULCO,162.0,0.6,35.6,0.1,0.0
Flocons d'avoine complète 500g,369.0,12.0,60.0,6.8,10.0
Le Cassoulet Mitonné,115.0,7.3,8.9,4.7,3.8
10 Pains au lait au levain,366.0,9.0,52.0,13.0,2.3
Colin d'Alaska MSC façon Fish & Chips,207.0,11.0,19.0,9.5,0.6
PET 50CL COCA COLA,42.0,0.0,10.8,0.0,0.0
Cream Crackers Original,439.0,10.0,67.4,13.6,3.0
Toastie White Bread,243.0,9.03,45.5,2.08,2.08
Froot Loops,385.0,8.3,79.0,3.0,4.3
Pain de Mie Complet,282.0,9.4,54.4,3.0,7.0
Lait U.H.T demi-écrémé,43.0,3.0,4.4,1.5,0.0
CHEERIOS BIO Céréale 375g,388.0,9.1,68.2,6.6,9.9
CARTE NOIRE,0.0,0.0,0.0,0.0,0.0
Concentrado de tomate,96.0,4.2,17.0,0.2,0.0
Pan Bauletto Bianco,268.0,8.4,48.0,3.2,4.25
Penne Rigate Senza Glutine,358.0,6.5,79.0,1.5,1.1
Pesto Basilico Vegan,431.0,2.5,12.0,41.0,2.0
Hazelnut Based Chocolate Spread,541.0,6.9,52.0,33.0,4.2
Proper Corn Sea Salted Popcorn,439.0,8.6,56.6,17.4,10.9
Soya Drink Unsweetened,28.0,3.0,0.7,1.3,0.5
Bio Organic Almond Drink,22.6,0.5,2.4,1.2,0.1
Blossom Honey,307.0,0.5,76.0,0.5,0.5
Pizzarella premium,5280.0,8.0,63.0,40.0,0.0
Peanut Butter Oat Bar,460.0,10.2,50.0,23.6,5.0
White Miso,163.0,12.0,13.0,6.4,4.4
British cold pressed rapeseed oil,825.0,0.1,0.1,91.5,0.1
Black Forest cherry dark chocolate,567.0,9.0,37.0,40.0,9.0
Carottes rapees citron dnp 500g,73.0,1.0,5.5,4.5,3.0
Ristorante PIZZA TONNO,232.0,10.0,23.0,10.0,0.0
Skyr nature (8x Nature),57.0,9.5,3.6,0.5,0.0
Decaff Americano,0.0,0.0,0.0,0.0,0.0
Drizzler Super Smooth Peanut Butter,596.0,29.6,11.6,46.0,0.0
Jamón cocido extra finas lonchas,101.0,18.6,0.9,2.5,0.0
novobac,0.0,0.0,0.0,0.0,0.0
Organic Super Firm Tofu,133.0,14.1,0.7,7.7,2.0
Boisson au soja,32.0,3.0,1.0,1.7,0.2
Iogurte Sabor Natural Coco,55.0,3.9,2.4,3.0,0.8
Doritos goût nature,470.0,6.5,64.0,20.0,6.2
Baraani,180.0,0.14,45.0,0.04,0.0
Semi Skimmed Milk,50.0,3.6,4.8,1.8,0.5
Cappucino,378.0,12.0,60.0,9.3,0.0
Bretzels d'Alsace maxi,399.0,10.0,73.0,6.4,4.6
Confiture Fraises,241.0,0.4,59.0,0.1,1.2
Petits pains grillés blé complet,408.0,10.0,66.0,10.0,6.9
Lait Amande calcium,26.0,0.7,1.7,1.7,0.5
6 pains suedois 180g,288.0,8.9,54.0,2.8,5.4
Balsamic Vinegar of Modena,100.0,1.0,24.0,0.0,0.1
Yoyos Strawberry Multipack 5 x,280.0,1.9,63.0,0.0,8.0
Maispops,476.0,6.0,67.0,20.0,2.3
Capri Vanille,512.0,6.4,68.0,24.0,0.0
MAGGI Bouillon KUB Volaille 180g,227.0,5.7,29.4,9.6,0.5
Pavé Gourmand Epinards et Fromage,214.0,9.4,19.0,10.4,3.5
Prince -  Goût Lait -  Choco Au Blé Compet,477.0,6.0,70.0,19.0,3.2
"Illy Classico 100% Arabica, 250g",0.0,0.0,0.0,0.0,0.0
Maille Vinaigrette Légère Vinaigre de Vin Rouge & Échalotes 36cl,342.0,0.5,4.5,35.0,0.5
HELL,46.0,0.0,11.0,0.0,0.0
Bakery Co. 5 The Original Bagels Fresher for Longer,267.0,9.4,50.1,2.5,3.4
Daya mini vani,74.0,2.1,14.0,1.1,0.0
Chocup milky,0.0,0.0,0.0,0.0,0.0
Coco sans sucres,18.0,0.6,0.8,1.4,0.0
Amora Sauce Crudités Caesar Bouteille 380ml,233.0,2.0,6.1,22.0,0.5
Yogur natural proteínas 0%,52.0,10.0,3.1,0.5,0.0
Pâte à tarte brisée - Pur beurre,367.0,6.9,41.0,19.0,2.3
Vegan Mayo,654.0,0.5,3.9,72.0,0.0
Star sauce salade au basilic,326.5,0.11,3.1,34.9,0.0
LINDT EXCELLENCE 100% COCOA,640.0,14.0,28.0,54.0,0.0
High Protein Joghurterzeugnis - Heidelbeere,65.0,10.0,6.0,0.3,0.3
Salt & Vinegar Lentil Chips,465.0,9.5,60.0,20.0,2.5
Fourrés Chocolat🍫,489.0,6.6,64.0,22.0,4.5
lait sans lactose,58.2,3.0,4.7,3.0,0.0
Vitamine D 10,0.0,0.0,0.0,0.0,0.0
Cocoa & Hazelnut Gut-Loving Granola,403.0,16.0,50.0,14.2,19.0
Suckies Strawberry,76.0,3.9,9.0,2.7,0.0
HERTA LE BON PARIS Jambon à l'étouffée x6 -255g,104.7,21.0,0.0,2.3,0.0
Carte D'Or Les Essentiels Glace Crème Glacée Vanille 700ml,96.0,1.2,13.0,4.4,0.5
Nooco,494.0,8.2,61.3,23.5,2.3
Golden,461.0,6.3,76.0,14.5,0.2
Ratatouille à la provençale,64.0,1.2,6.1,3.5,1.7
Premium dark soy sauce,167.0,0.0,33.3,0.0,0.0
Sauce Tomate Napolitaine,59.0,1.4,5.1,2.9,0.0
Miel de fleurs crémeux,302.0,0.4,75.1,0.1,0.1
Knorr Soupe Minestrone à l'Huile d'Olive 104g 4 Portions,33.0,1.2,5.6,0.5,0.8
Petit nesquik,186.0,4.4,25.5,7.2,0.5
PRESIDENT BURGER CHEDDAR EMMENTAL 12 TRANCHES 200g,231.0,13.5,4.5,17.0,0.0
Vinaigre de cidre,64.0,0.5,11.0,0.5,0.5
Evian 75cl PET,0.0,0.0,0.0,0.0,0.0
Cuisiné cappelletti,98.0,3.7,13.0,2.7,3.2
Crêpes dentelle - L'authentique,428.0,5.5,78.0,10.0,0.0
Baking Powder,78.0,0.1,19.0,0.0,0.0
Chef Ketchup,102.0,1.2,23.2,0.1,0.0
LOTUS Gaufre de Liège - Perles de sucre - 315g (7x1p),442.0,5.0,55.0,22.0,0.9
Coca-Cola Original Taste,42.0,0.0,10.7,0.0,0.0
"Vinaigre Alcool Colore,",0.0,0.0,0.0,0.0,0.0
NESTLE NESQUIK Céréales 450g,377.0,8.5,75.2,2.8,8.6
L'Original noir,528.0,5.1,56.0,30.0,7.5
Provencale 400g fra,66.0,1.4,6.4,3.5,1.5
Apple & Raisin Oat Bar,426.0,5.6,59.3,17.4,4.9
Muesli Crunchy 0%,423.0,11.2,64.9,13.4,8.1
Raw Greens Virgin Smoothie,46.0,0.6,10.0,0.2,0.4
Griego Ligero Natural,60.0,5.8,4.7,2.0,0.0
Delizias pechuga de pavo,79.0,16.0,1.8,0.9,0.0
British unsalted butter,0.0,0.0,0.0,0.0,0.0
Spreadable west contry butter,718.0,0.0,5.0,78.0,0.1
Reduced Sugar and Salt Baked Beans,95.0,1.8,23.5,0.1,7.6
Babybel,295.0,22.0,0.1,23.0,0.0
Picos 100% integrales,379.0,14.0,60.9,6.4,11.0
Galettes riz chocolat noir,492.8829403,6.222222222,67.55555556,23.111111111111107,5.333333333
predator,93.6,0.0,22.8,0.0,0.0
Kichererbsen,125.0,6.7,15.8,2.7,5.1
Olives noires confites dénoyautées bocal 150g,146.0,1.3,0.0,14.0,0.0
Prince petit dej,450.0,7.1,70.0,17.0,3.7
Sardines huile d'olives et piment,227.0,23.0,0.0,15.0,0.0
Activia bifidus saveur citron,93.0,3.6,12.6,3.1,0.0
Pomme vanille,86.0,0.3,20.0,0.1,1.7
Ma Crème anglaise,104.0,3.3,16.0,3.0,0.0
Pancakes sans conservateurs Farine de blé issue de Moulins Français,355.0,5.7,46.0,16.0,1.7
Croq' soja à la provencale,172.0,14.0,4.0,8.0,7.0
St Moret Ligne & Plaisir 8%  Minis,0.0,10.0,5.0,8.0,0.0
matière grasse,468.0,0.0,0.0,52.0,0.0
Senf Mittelscharf,108.0,6.1,2.2,6.7,0.0
Tesco Smooth Peanut Butter 340G,633.0,24.5,13.8,51.7,7.0
Tikka Masala Spice Paste,270.0,3.0,7.8,22.9,6.8
Strawberry High Fruit Content Spread,202.0,0.0,50.0,0.4,1.2
Special K High Protein,421.0,22.9,42.9,16.1,1.6
Pringles Cașcaval,514.0,6.4,55.0,29.0,3.5
Spa reine,0.0,0.0,0.0,0.0,0.0
Vollkorn Roggen,333.0,9.3,59.7,3.88,20.2
Bournville Dark Chocolate bar,523.0,4.1,60.0,28.0,5.5
Monte Regale Italian Spaghetti,350.0,12.0,71.0,1.2,3.5
Vinaigre Balsamique de Modène 25 cl,112.0,0.5,28.0,0.0,0.0
Shrimp Flavour,78.0,1.2,8.7,4.1,0.0
Sweet Chilli Rice Crackers 100G,422.0,7.2,83.0,6.6,0.0
Blédilait Croissance,66.3,0.0,7.9,2.7,0.0
Chocolate Orange Milk,524.0,5.8,59.0,29.0,2.4
daya vani sghira,75.0,2.3,14.0,1.2,0.0
Vinaigre de table coloré,0.0,0.0,0.0,0.0,0.0
Doo Wap pépites choco,340.0,8.0,47.0,12.3,4.4
Sweetened Condensed Milk,322.0,7.6,55.0,8.0,0.0
McVitie's Rich Tea Delights,452.0,7.2,66.6,15.8,7.3
Thon entier à l'huile,231.0,25.8,0.0,14.2,0.0
LOTUS BISCOFF Speculoos Fourré - Crème Speculoos - 150g,522.0,4.3,66.0,27.0,1.2
Almette Cu Smântân?,259.0,5.6,3.0,25.0,0.0
50CL EVIAN PLASTIQUE RECYCLE R,0.0,0.0,0.0,0.0,0.0
Baker’s bloomer,240.0,9.2,43.9,2.5,2.4
AMORA Mayonnaise 5 Ingrédients 235g,697.0,1.5,0.5,76.0,0.8
Ristorante Pizza Vegetale,193.0,6.7,22.0,7.9,2.0
Tulipan,678.0,0.5,0.5,75.0,0.0
100% trigo espelta integral,522.0,13.5,41.9,31.7,7.7
Le couscous à la marocaine,143.0,8.2,11.0,7.1,1.3
Lentil chips,456.0,13.0,59.0,18.0,4.4
Cake fourré saveur fraise,421.0,4.0,58.0,19.0,3.8
LA HOLLANDAISE CLASSIQUE 64P,287.0,5.0,10.0,24.0,0.0
Céleri rémoulade,93.0,1.0,3.7,7.6,2.8
Galettes Bretonnes Pur Beurre,496.0,7.4,70.4,20.0,0.0
Oméga3,451.0,0.5,0.5,50.0,0.0
Rillettes du Mans - La véritable,431.0,16.2,0.4,40.5,0.0
Sticks et Bretzels d'Alsace,398.0,10.0,75.0,5.3,0.0
Lindt Excellence Milk Chocolate 100g,566.0,6.5,51.0,37.0,0.0
Maïs SSA 1/2,80.0,2.9,11.0,1.9,3.8
moelleux pépites de chocolat,367.0,5.4,50.0,21.0,4.5
"Fromage blanc 3,2% de matière grasse",75.0,7.2,4.3,3.2,0.5
"Ker Cadélac - Madeleines Original Recipe, 600g (21.2oz)",469.0,5.3,51.0,27.0,0.0
Fromage Blanc Nature 3%,71.0,6.5,4.5,3.0,0.0
Lait demi-écrémé Stérilisé UHT,47.0,3.3,4.8,1.6,0.0
Purée de cacahuètes,622.0,28.0,12.8,48.8,7.6
beurre moulé doux,744.0,0.8,0.6,82.0,0.0
Confiture fruits rouges intenses,165.0,0.6,39.0,0.2,2.3
230G VICHY MENTHE,400.0,0.0,98.5,0.6,0.0
Nuss-Nougat-Creme,598.0,6.9,42.0,44.0,0.0
La Grande Galette 1905,501.0,6.7,70.0,21.0,2.4
CORN FLAKES 1kg,378.0,7.0,84.0,0.9,3.0
0% Fat Vanilla Yogurt,81.0,5.8,14.1,0.0,0.0
Tomato Ketchup Less Sugar & Salt,66.7,1.33,12.0,0.667,0.0
Cocoa Oat Protein Flapjacks Chocolate Flavour Topped 3 x,454.0,18.0,44.0,22.0,3.9
"Grany moelleux, fruit des bois",400.0,6.0,59.0,15.0,3.7
sprite slim 25cl,47.0,0.0,11.8,0.0,0.0
Jnane,102.0,3.9,14.5,3.2,0.0
Star mayonaise 300ml,563.7,1.2,0.0,62.1,0.0
Agua Mineral Natural,0.0,0.0,0.0,0.0,0.0
Queso feta,277.0,16.0,1.14,23.1,0.0
Wraps au blé nature,314.0,8.0,54.0,7.0,4.3
Vinaigre Balsamique,171.0,1.3,34.0,0.5,0.5
Amora mayo fouettee 398g,700.0,1.2,1.7,77.0,0.5
Baked Pretzels Original Sea Salted,397.0,9.8,77.0,4.9,3.2
Superseded sliced loaf bread,298.0,12.0,39.0,9.7,5.5
Super Nutty Granola,460.0,12.6,56.2,18.7,8.6
HIPRO Saveur Vanille-Cookie,58.0,8.3,5.3,0.4,0.0
Red Kidney Beans in water,105.0,8.1,12.8,0.6,7.8
Pom-Bear Original 6pk,528.0,3.2,64.0,28.0,0.5
asirri avocat,65.0,0.7,13.1,1.09,0.0
St hubert omega 3 demi sel,468.0,0.0,0.0,52.0,0.0
Ftoury Fromage Blanc,225.0,6.0,4.0,21.0,0.0
Chips saveur Pesto Mozzarella,522.0,6.3,52.0,31.0,4.8
One Pot Meal Coconut Lentil Turmeric Daal,86.0,4.67,12.7,1.91,4.82
Walnut Halves,695.0,14.7,3.3,68.5,3.5
Blanc de poulet doré au four,100.0,21.0,0.5,1.6,0.0
Mini Original,295.0,22.0,0.1,23.0,0.0
Rice Crackers Finement Salé promotion,429.0,6.9,82.0,8.0,0.8
Frosties,375.0,4.5,87.0,0.6,2.0
coco pops,386.0,6.3,84.0,1.9,3.8
Skyr à Boire Goût Vanille,60.0,6.0,8.6,0.2,0.0
Pain de mie american sandwich nature sans sucres ajoutés 550g,283.0,7.4,47.0,6.0,5.5
Sugo al pomodoro con basilico,40.0,1.7,6.4,0.5,0.0
Sucre de glace,400.0,0.0,100.0,0.0,0.0
Flocons d'avoine 4 graines et raisins,394.0,15.0,51.0,12.0,11.0
BjORG AMANDE VANILLE,37.0,0.5,5.4,1.4,0.0
Stevia,2.0,0.0,99.0,0.2,0.0
Toast brioché,438.0,14.0,74.0,8.7,3.5
Bounty 2x,483.0,3.45,58.6,24.1,6.9
Club-Mate Original,20.0,0.0,5.0,0.0,0.0
Light Soy Sauce,54.0,1.7,11.8,0.1,0.0
Organic Honey,329.0,0.5,81.5,0.5,0.5
coconut milk,142.0,1.0,1.6,15.0,0.0
Bournville Cocoa,355.0,23.1,10.5,21.7,12.1
Bear Pure Fruit Yoyos Strawberry 20G,280.0,1.9,63.0,0.0,10.0
Miso Easy (Traditional),100.0,8.1,8.1,3.33,0.0
Walkers Supreme Prawn Cocktail,512.0,6.4,52.0,29.2,0.0
Mandel Vanille Geschmack,30.0,0.4,3.8,1.1,1.3
Oreo Double Creme,492.0,4.3,67.0,22.0,2.3
Trancetto Cacao,369.0,5.3,56.0,13.0,0.0
Ronditas 32% Chocolate,513.0,7.1,64.5,25.2,4.84
Tortilla de mais et blé,289.0,8.5,51.8,4.8,2.4
Chocolat noir dégustation 85% cacao bio,639.0,9.0,21.0,55.0,17.0
قشدة طرية,0.0,0.0,0.0,0.0,0.0
Cereal Mix,372.0,9.4,80.4,2.7,5.6
Ervas finas,240.0,5.5,3.5,22.5,0.25
High Protein Soja Drink,57.0,5.0,2.5,2.8,0.9
Red Kidney Beans In Water,111.0,7.7,13.5,0.8,9.6
Fond de Veau,319.0,8.4,65.2,2.5,1.0
Pastabox Bolognaise,128.0,7.5,17.0,2.8,2.0
SWEET,0.0,0.0,0.0,0.0,0.0
Skyr nature,57.0,10.0,3.9,0.2,0.0
Blueberry Wheats,364.0,8.5,75.0,1.5,8.0
100% Cacao,61.0,4.5,5.0,2.1,1.9
Tomato lentils,114.0,8.5,13.3,2.7,5.6
Azera americano,0.0,0.0,0.0,0.0,0.0
RASPBERRY WHOLEGRAIN OAT BARS,429.0,8.1,50.0,20.0,15.0
Steaks de pois,284.0,21.0,12.0,16.0,4.9
TSR MENTHE VERTE 60 CL,306.0,0.0,76.0,0.0,0.0
Purée,348.0,7.4,74.0,0.8,7.7
Onken,64.0,3.3,4.7,3.5,0.0
Noir 70 %,565.0,7.9,33.0,42.0,13.0
Cream Cheese,225.0,6.0,4.0,20.0,0.0
Mars,443.0,4.51,70.6,15.9,0.0
magdor,532.0,0.0,0.2,0.0,0.0
Lipton Peche ice tea,25.0,0.0,6.0,0.0,0.0
Knusper Schnitte,533.0,7.9,52.6,31.6,3.4
Finement pétillante,0.0,0.0,0.0,0.0,0.0
bitesize wheat shreds,367.0,12.5,68.0,2.2,12.5
Yaourt le nature,45.0,3.8,5.1,1.0,0.0
Ravioli pur bœuf  sans colorant ni conservateur,91.0,3.8,13.0,2.3,0.8
"1,5L CITRON VOLVIC",4.0,0.0,0.9,0.0,0.0
Biscuit chocolat noir,494.0,7.6,62.0,23.0,4.3
Sucre Cassonade,396.0,0.0,99.0,0.0,0.0
Fourrés vanille bio,484.0,7.4,67.0,20.0,3.0
Pesto verde,447.0,2.6,3.2,46.0,4.2
Brandade de Morue parmentière 2 personnes,153.0,6.6,8.9,9.8,0.0
Pain de mie sans croute complet 330g,216.0,8.9,38.0,1.8,5.9
Haïti Grand cru Cap haïtien 72% cacaoté et fruité,580.0,9.5,35.0,42.0,9.7
Heinz Beanz in a rich tomato sauce,66.0,4.6,9.5,0.2,3.6
Extra Mature Cheddar,416.0,25.4,0.1,34.9,0.0
Extra Mature Cheddar Cheese,416.0,25.4,0.1,34.9,0.0
Jordans Country Crisp,465.0,11.0,58.0,20.0,6.1
Light & Mild Honey,329.0,0.5,81.5,0.5,0.5
Milk Chocolate Rice Cakes imp,495.0,7.0,63.0,23.0,3.5
Smooth almond butter,650.0,25.0,6.5,56.0,12.0
PET 1.25L COCA ZERO CT SICAFE,0.12,0.0,0.0,0.0,0.0
Eau minérale Ifri,0.0,0.0,0.0,0.0,0.0
Spaghetti n° 12,351.0,14.0,69.0,1.5,2.9
Pan Bauletto Integrale,276.0,11.2,38.4,6.8,8.4
Gran Cereale Frutta,464.0,8.8,58.0,20.0,8.4
BARILLA TAGLIATELLE 500g,359.0,13.0,71.0,2.0,3.0
Barilla sauce tomates cuisinees 400g,68.0,1.3,6.0,4.0,1.5
Tramier Optima 1L,900.0,0.0,0.0,100.0,0.0
Swedish Glace dairy-free smooth Vanilla,174.0,1.0,29.0,5.8,0.0
Purisima,142.0,6.6,10.0,8.0,0.0
Bolognaise classique,82.0,4.5,6.9,3.7,1.5
Yaos Le Yaourt à la Grecque Stracciatella 125 g,148.0,2.64,15.12,8.16,0.24
Flan japan,0.0,0.0,0.0,0.0,0.0
Pur beurre de cacahuète crunchy,625.0,29.0,12.0,50.0,5.5
Chicken Stock Pot 4 x,91.0,4.1,9.2,4.0,0.8
Cheesestrings,305.0,23.0,2.5,22.5,0.0
Chamallow,333.0,3.5,80.0,0.5,0.0
Shortbread fingers,514.0999756,5.5999999046326,60.0,27.0,0.0
chocolat,537.0,3.6,60.6,30.2,0.0
Khayrate,0.0,0.0,0.0,0.0,0.0
Briochettes,359.0,7.9,54.0,13.0,3.8
Harrys pain de mie extra moelleux complet sans sucres ajoutés 280g,273.0,8.0,47.0,4.6,6.0
gravy granules,411.0,1.5,64.9,15.8,1.8
Crousti fondant choco-noisettes,452.0,7.7,62.8,17.4,6.2
Light,262.0,30.0,0.1,16.0,0.0
Kefir Drink,63.0,3.1,6.7,2.6,0.0
HERTA Trésor de Grand Mère pâte feuilletée pur beurre 280g,388.8,7.2,41.0,20.0,1.0
Riz aux champignons de Paris,157.0,3.4,30.0,2.1,1.4
Aiguillettes de Poulet Rôti,118.0,24.0,2.0,1.5,0.0
seven seeds and grains sourdough,247.0,9.7,39.0,4.7,4.6
danonino,0.0,0.0,0.0,0.0,0.0
chocolat noir aux pépites,547.0,7.7,35.0,39.0,12.4
8 Flour Tortilla Wraps Regular,300.0,9.02,52.9,5.12,0.732
Plain tortilla wraps,292.0,7.58,54.7,4.19,2.26
Yeast extract,229.0,38.7,18.0,0.1,0.5
Peanuts roasted & salted,619.0,24.0,11.0,51.4,8.2
Natural Yogur,75.0,5.0,4.7,3.8,0.0
Thon entier au nature,109.0,25.0,0.0,1.0,0.0
Rice Basmati,351.0,8.7,77.0,0.8,0.4
Infusion touche d'Hibiscus,13.0,0.5,3.1,0.5,0.0
Granola Fruits Rouges,408.0,10.0,61.0,12.0,8.0
Lait demi-ecrémé,46.6,3.3,4.8,1.6,0.5
Emprésuré chocolat intense,123.0,7.1,19.0,2.1,0.0
Beurre plaquette AOP doux,744.0,0.7,0.9,82.0,0.0
Cigar,468.0,4.55,70.0,18.2,2.73
Jafaden,43.0,0.6,9.7,0.5,0.5
Crema di cocco,252.0,2.7,4.5,25.0,0.5
Leibniz Butterkeks,435.0,8.4,72.0,12.0,2.8
Sensations Thai Sweet Chilli Crisps,489.0,6.6,54.0,26.0,5.9
Smooth Peanut Butter imp,645.0,26.3,9.2,54.5,6.5
Branston Original Pickle,133.0,0.0,33.3,0.0,2.0
Coconut oil,900.0,0.0,0.0,100.0,0.0
SEREK WIEJSKI,97.0,11.0,2.0,5.0,0.0
Thé,20.0,15.0,11.0,8.0,0.0
Arome l'Original,69.0,9.8,6.5,0.5,0.5
Cracotte fibres,368.0,11.0,69.0,3.5,11.0
Cuor di cereale cioccolato,438.0,7.8,63.0,15.0,1.3
Jamón Serrano,247.8,33.5,1.0,12.2,0.0
Fuet Espetec Extra,421.0,27.5,1.4,34.0,0.0
Familial,0.0,0.0,0.0,0.0,0.0
Tesco Sesame Breadsticks,496.0,15.3,57.2,19.3,0.0
Lentils in water,86.0,6.1,10.0,0.7,7.82
Cola Cao Original,68.0,3.4,9.6,1.7,0.5
Corn Smoked BBQ Crunchy Corn,439.0,7.14,71.1,12.9,7.14
LBEN RAFII,42.0,3.2,0.0,4.0,0.0
St hubert omega 3 255 g demi sel,468.0,0.0,0.0,52.0,0.0
Multi-Seed Flatbread Thins,437.0,15.19999981,56.29999924,14.5,0.0
Plain Tortilla Wraps,290.0,8.23,53.7,4.03,3.06
Petits pains grillés au froment,405.2,9.12,73.0,7.8,3.2
Brunch bar choc chip,427.0,6.1,65.0,16.0,4.7
Total 0%,23.8,4.54,1.32,0.0,0.0
Chips paysanne nature,514.0,6.2,54.0,30.0,3.9
"Almond, Apple & Raisin Granola",433.0,10.7,69.0,14.0,8.3
Sourdough Bread,230.0,10.7,44.1,0.8,2.6
All Butter Scottish Shortbread Fingers,517.0,5.5,59.3,28.0,2.8
Soy Sauce,63.0,10.3,5.2,0.2,0.0
Mozzarella râpée,304.0,23.5,2.6,22.2,0.0
Activia bifidus cereales 120 g x 4 muesli,107.0,3.9,13.4,3.7,2.3
Taboule oriental 300g,178.0,5.0,25.0,6.0,2.0
Brossard le cake à l'anglaise,345.0,4.2,61.0,8.9,3.2
11-12-2024,110.0,6.6,15.0,2.4,1.1
brioche tressée,342.0,8.0,50.0,13.0,2.6
"Risotto poulet & cèpes, crème fraîche, petits oignons",129.0,5.6,14.0,5.6,0.5
Monster Munch Salé,494.0,4.3,61.0,25.0,4.8
La Vicoise saveur sel de mer,480.0,6.2,50.0,27.0,5.4
Boisson au soja nature bio,37.0,3.7,1.1,1.8,0.7
Scott's Old Fashioned Porridge 1Kg,374.0,11.0,60.0,8.0,9.0
"Coca-Cola Zero 1,25 Liter",0.2,0.0,0.0,0.0,0.0
LactoFree Semi Skimmed Milk Drink 1 Litre,38.0,3.4,2.6,1.5,0.0
Beet It Organic Beetroot Juice 1 Litre,34.0,0.8,7.6,0.0,0.0
Tesco Free From Red Berry Granola 350g,450.0,9.8,62.6,16.2,7.6
NESTLE CHOCAPIC Céréales 645g,384.0,8.5,73.8,4.4,7.7
ColaCao Cero,324.0,12.0,44.0,5.8,24.0
Protein Peanut & Chocolate Bars,489.0,25.6,27.5,28.3,11.0
Avena,47.0,1.6,8.2,0.7,0.7
Nata Cocinar,163.0,2.0,5.0,15.0,0.0
Black Peppercorn Bolli Italian Crackers,426.0,9.0,72.0,11.0,1.5
Lessieur 220g,653.0,0.7,1.8,71.4,0.0
Malt Lunchbox Loaves,307.0,8.0,63.3,1.67,3.67
"Alpro Fermentiertes Sojaprodukt, Ungesüßt, Skyr style 400g",61.0,5.8,0.0,3.3,1.3
GARDEN GOURMET Sensational Burger Soja 226g,176.0,12.4,3.9,11.0,5.9
Cristal huile de table,900.0,0.0,0.0,100.0,0.0
Mini delice amandes,0.0,0.0,0.0,0.0,0.0
muscly sghir,0.0,0.0,0.0,0.0,0.0
Aiguillettes végétales et gourmandes,158.0,21.0,1.4,6.5,6.0
Sucre en poudre,400.0,0.0,100.0,0.0,0.0
Mushroom Soup,35.7,1.32,4.75,1.07,0.857
"Biscuits Nutella x3 biscuits fourrés - 41,4g",515.0,7.9,64.0,24.8,0.0
Biscuits Petit déj Bio Céréales Miel,465.0,7.4,65.0,18.0,6.7
soy sauce,0.0,0.0,0.0,0.0,0.0
Hipro,56.0,9.4,4.4,0.1,0.0
4 Pains burger géant à la farine  complète,270.0,9.4,44.0,5.0,5.8
Croustillant graines de courge et de tournesol,425.0,11.0,61.0,14.0,6.2
Panzani sce provencale 425g,56.0,1.5,7.8,1.8,1.3
Seed Mix,577.0,23.0,12.7,46.3,8.67
Limonata,23.3,0.0909,5.45,0.0,0.0303
Rama Margarine,536.0,0.5,0.5,60.0,0.0
Manilife Deep Roast Peanut Butter,619.0,26.4,19.2,50.5,9.1
Al'fez | Harissa,138.0,2.7,20.0,4.5,0.0
Hipro Mousse cacao,84.0,10.0,5.3,2.3,0.0
brown sourdough bloomer,235.0,9.3,44.8,0.6,6.5
100% issu des fruits fraise,180.0,0.8,40.0,0.6,3.2
danone,0.0,0.0,0.0,0.0,0.0
"Fruit, Nut and Seed Muesli",389.0,10.1,57.9,11.0,8.8
Whole Grain Rye Beard,166.0,4.2,34.6,1.2,10.1
Special Flakes Chocolate Noir,401.0,8.5,74.3,5.9,8.4
Hummus Classic,286.0,7.8,13.9,21.1,4.8
Granola l'original,491.0,5.9,62.0,23.0,3.5
Belvita petit déjeuner goût noisette et chocolat,452.0,7.6,68.0,15.0,4.3
Eau gazeuse au citron,11.0,0.5,3.3,0.5,0.0
Délichoc Noir,487.0,5.3,63.9,22.3,0.0
"Fromage blanc nature 3,0%mg pot 900g",74.0,7.3,4.3,3.0,0.5
Huile Cœur de Tournesol,900.0,0.0,0.0,100.0,0.0
Dunkle Voll-Nuss,577.0,8.4,39.0,41.0,0.0
CRUNCHY SAVOURY WHOLEWHEAT STICKS,421.0,12.4,57.0,13.4,11.3
Sweet Chilli Multigrain Snacks,476.0,7.2,60.0,20.8,6.8
Sea salted potato crisps,519.0,5.1,58.6,28.8,2.5
Fruit & Nut Granola,432.0,10.6,64.7,12.9,7.2
"coca cola 1,75",42.0,0.0,10.6,0.0,0.0
Wafers Bfb Hazelnut,520.0,5.6,63.0,27.0,0.0
Crema Novi Haselnusscreme,550.0,10.4,43.6,36.0,6.9
Crispbread,380.0,6.0,84.0,1.7,2.3
Molinetti,467.0,8.0,63.0,19.0,6.0
Crunchy Oats & Dark Chocolate,474.0,8.81,61.4,19.8,6.9
Tartare Ail & Fines Herbes,348.0,7.0,2.3,34.5,0.0
"Kokosnussdrink mit Soja, Barista",33.0,1.5,3.3,1.4,0.2
Grissini Breadsticks,409.0,11.5,72.7,7.2,3.8
Milka,542.0,4.6,56.0,33.0,1.0
Unsalted Roasted Nuts,619.0,30.0,5.7,51.0,8.7
Salted Popcorn,420.0,8.5,47.5,19.0,11.5
OK Sauce Algérienne,347.0,0.85,17.56,31.0,0.0
Chopped Tomatoes 4pk,23.0,1.3,3.6,0.2,1.0
Covent garden soup,53.0,1.7,5.1,2.8,0.7
Mayonnaise comme à la maison,731.0,1.6,0.8,80.1,0.0
Ricotta 1%,225.0,18.0,5.0,1.0,0.0
Bebida de Almendras Enriquecida con Calcio,36.0,0.7,3.7,2.0,0.5
Natillas Proteínas  Sabor Vainilla,76.7,10.0,5.83,1.5,0.0
Rillettes de saumon et de thon,268.0,15.0,1.8,22.0,0.0
Creme fraiche entière,293.0,2.3,2.9,30.0,0.0
Azera Americano,0.0,0.0,0.0,0.0,0.0
54% cocoa dark milk chocolate bar,574.0,9.0,42.2,39.6,6.2
Petites Madeleines  -30% de sucres,419.0,5.8,49.0,22.0,6.4
Natural Strained Greek Yoghurt,131.0,5.9,4.6,9.9,0.0
Riz tomate à l’italienne,182.0,4.0,29.0,5.0,1.6
Creem cheese,0.0,0.0,0.0,0.0,0.0
fromage perly 64p,260.0,10.0,5.0,22.0,0.0
Jambon Végétal Fumé,109.0,19.3,3.5,1.4,2.4
NYC Bagels The original,0.0,0.0,0.0,0.0,0.0
Caldo de pollo,5.0,0.5,1.3,0.5,0.5
Peanutbutter,576.0,21.2,24.2,48.5,6.06
premium müsli,382.0,8.5,66.7,7.1,8.7
Falafel,216.0,8.2,22.0,8.8,7.6
PET 1.5L PUR JUS ORANGE JOKER,42.0,0.6,8.6,0.0,0.0
Lait uht 1/2 ecreme bio bt 1l,46.0,3.3,4.8,1.6,0.0
"P'tit Yop, Goût Fraise",65.0,3.0,10.4,0.8,0.0
Biscottes Forme+,390.0,15.0,64.0,6.5,7.8
Beurre à teneur réduite en matières grasses,547.0,1.0,0.8,60.0,0.0
Amande Sans sucres,26.0,0.7,1.7,1.7,0.5
Parmentier de saumon 🐟,144.0,8.0,6.9,8.9,0.0
Tofu à l'Ail des Ours,220.0,19.0,1.6,15.0,0.0
WHOLEWHEAT FUSILLI,145.0,5.7,27.4,0.6,3.9
Blueberry/van Rice/corn Cakes imp,350.0,6.0,77.0,2.0,0.0
Super tomato and olive quinoa,170.0,4.16,23.8,5.76,3.44
Soya Drink Original,42.0,3.3,2.6,1.9,0.6
Carolino Mini cremvursti de pui,0.0,14.0,5.5,12.0,0.0
YAOURT A BOIRE DAYA FRAISE 900G,80.8,2.4,15.1,1.2,0.0
La Belle Margarine 500g,752.0,0.3,0.8,83.0,0.0
Bebida de Soja UHT,31.0,3.1,0.6,1.7,0.4
Tiras de pechuga de pollo al natural,107.0,23.4,0.6,1.2,0.0
Yaourt nature sans sucre,70.0,3.0,4.7,3.0,0.0
Riz au lait,144.0,2.8,25.6,3.3,0.1
Crispy French Fries,148.0,2.2,21.0,5.5,3.2
LOTUS BISCOFF Speculoos Fourré - Crème saveur Chocolat - 150g,504.0,4.9,67.0,24.0,1.8
Breaded Omega 3 Fish Fingers,193.0,12.5,16.9,8.24,0.941
Tomato & Basil,36.1,1.64,4.29,1.32,0.821
The Grower's Harvest Tomato Passata,27.6,1.12,4.4,0.48,0.56
Thé glacé pêche intense,19.0,0.0,4.4,0.0,0.0
Salt & Vinegar Flavour Crispy Rice and Corn Snack,421.0,6.32,73.7,10.0,3.16
Yeo Valley Organic Kefir Strawberry Fermented Yoghurt,79.0,4.2,11.1,1.9,0.1
Dark Rye & Sunflower Bread,285.0,10.8,40.8,7.2,4.3
raouia,0.0,0.0,0.0,0.0,0.0
VICHY CELESTINS Eau Minérale Naturelle Gazeuse 1.15L,0.0,0.0,0.0,0.0,0.0
Queso fresco cottage,99.0,14.0,1.7,4.0,0.0
Bacon Vegetal Fumé,218.0,15.0,4.3,15.0,3.2
Sting,42.0,0.0,11.0,0.0,0.0
Gluten Free Barista Oat Drink,46.0,0.3,9.1,0.9,0.0
Panna Cotta,0.0,0.0,0.0,0.0,0.0
Everyday Essentials Soya Unsweetened,33.2,3.0,1.2,1.72,0.52
java timor 45g,0.0,0.0,0.0,0.0,0.0
Mikado,477.0,7.7,67.0,19.0,2.8
Doliprane,0.0,0.0,0.0,0.0,0.0
Almonds roasted & salted,644.0,24.0,6.0,56.3,0.0
Panzani torti 500g,361.0,12.0,72.0,2.0,3.6
pomme poire,79.0,0.3,18.0,0.2,1.6
Excellence Noir Sésame Grillé,531.0,6.8,50.0,32.0,0.0
Haricots Coco cuisinés aux Tomates,74.0,4.7,11.0,0.3,4.2
Sucre de Fleur de Coco Bio,387.0,0.6,96.0,0.2,0.8
Filets de Maquereaux Sauce Tomate et Basilic,173.0,11.0,2.8,13.0,0.0
Paupiette de veau jardinière de légumes,111.0,8.1,7.6,4.9,2.1
Pain de mie sandwich complet 550g,261.0,9.0,42.0,4.9,6.5
Foie de Morue nature au sel de Guérande 121g Cble,560.0,4.6,2.3,59.0,0.0
Filet de Saumon Purée de Brocolis,109.0,6.8,8.6,5.0,1.2
T&C Muesli croustillant avoine amandes sans gluten,447.0,9.0,66.0,15.0,6.9
Myrtille Intense,163.0,0.5,39.0,0.2,1.8
Nestlé Pure Life,0.0,0.0,0.0,0.0,0.0
Chocolat Côte d'Ivoire grand crû M'Brimbo,626.0,11.0,21.0,53.0,11.0
Goldsaft Zuckerrübensirup,305.0,2.3,70.0,0.4,4.5
Tomato Roasted Garlic Pasta Sauce,69.0,1.7,8.8,2.8,1.1
Quorn pieces,97.0,13.0,2.4,2.6,4.7
Extra chocolate y avellanas,484.0,8.3,58.0,23.0,6.0
Prince Goût Vanille,470.0,5.1,73.0,17.0,2.3
Vegetable Stock cubes x,7.0,0.5,0.5,0.6,0.5
MAGGI Bouillon KUB BIO Volaille 80g,256.0,4.4,39.8,8.6,0.7
Family Farm Raspberry,99.0,4.7,11.1,4.0,0.0
PECHUGUITA DE POLLO,125.0,26.8,0.4,2.0,0.0
Plain Thin Bagels,257.0,10.0,50.0,1.3,2.4
Skyr Nature,52.1,9.5,3.5,0.0,0.0
Sauce Barbecue star 290g,143.2,1.1,34.25,0.2,0.0
Mutti Pastasaus med Parmigiano 400g,67.0,3.1,5.0,3.5,0.0
Tesco Tahini,672.0,25.0,4.5,59.9,7.5
Ancient Grains Probiotic Granola,455.0,9.1,70.9,16.4,19.8
Pringles original,534.0,5.9,56.0,31.0,3.5
Sauce Burger (Goût cheese),384.0,0.65,20.0,33.5,0.0
Reduced Salt Yeast Extract (Marmite),231.0,40.7,15.1,0.5,1.8
Pain de mie grande tranche gourmet céréales,290.0,11.0,47.0,5.3,4.9
Nutritional yeast,332.0,50.6,10.0,4.8,23.2
SKYR Nature,52.0,8.9,4.0,0.0,0.0
Savane chocolat,432.0,5.3,48.0,23.0,5.5
Hamouddds,218.0,10.5,4.5,17.5,0.0
Minute maid orange,42.0,0.7,8.7,0.0,0.0
Muesli de quinoa y chocolate,424.0,9.1,67.0,12.0,6.8
Kiri carré 24p,230.0,9.0,3.5,20.0,0.0
Kafferep,508.0,5.0,61.0,26.0,0.0
Kimchi,42.0,2.0,5.4,0.6,3.4
Thai green curry paste,196.0,2.5,19.0,12.0,0.0
Sea Salt & Crushed Black Peppercorns,485.0,8.1,58.4,23.5,4.0
8.64373E+12,452.0,6.0,71.1,16.0,2.0
Scottish porridge oats,363.0,10.3,60.5,7.0,8.3
Gnocchi,160.0,3.3,34.3,0.5,2.7
Weiße Schokolade,571.0,6.3,52.8,37.1,0.5
Краве масло 80.5%,745.0,0.6,0.6,82.2,0.0
Haricots rouges Cultivés en France d'aucy 250g,96.0,7.2,12.0,0.7,6.5
Boursin® Onctueux Ail & Fines Herbes,290.0,6.5,3.0,28.0,0.0
Pois Chiches Très peu de jus 1/2,119.0,6.0,15.0,2.2,7.7
Couscous sachet cuisson,361.0,13.0,72.0,1.8,3.7
Chapelure dorée,360.0,9.5,79.5,1.6,4.5
Galettes boulghour de blé,222.0,8.5,28.0,7.4,4.8
Pain de mie longue conservation,283.0,9.0,50.2,4.3,3.7
Dolce pizza prosciutto,205.0,12.0,27.0,5.0,2.1
Saveur Barbecue,405.0,18.9,56.3,9.7,8.5
Madeleines Longues Marbrées chocolat,442.0,6.3,54.0,22.0,1.6
Le Bio Orange,34.0,0.5,8.2,0.0,0.5
Emmental Râpé Fondant,369.0,27.0,1.0,29.0,1.2
Salade de quinoa aux légumes,178.0,4.5,22.0,7.3,3.1
Lait Bio Demi-Écrémé sans lactose,46.0,3.3,4.8,1.5,0.0
Elle & vire creme fraiche epaisse entiere 30%mg poche 324g,292.0,2.3,3.1,30.0,0.0
Tropicana Multivitamines 1 L,48.0,0.0,12.0,0.0,0.0
E/ Blütenzarte Kölln Flocken 100% Vollkorn-Hafer,361.0,14.0,56.0,6.7,11.0
Vermicelles de Riz,134.0,2.24,30.7,0.64,0.64
Pain de mie,273.0,7.8,51.0,3.7,2.4
Paulaner Spezi,37.0,0.0,9.2,0.0,0.0
Quaker Flocons d'avoine,374.0,11.0,60.0,8.0,9.0
Cold Milled Flaxseed,526.0,23.0,6.5,41.0,20.0
Clarks Original Maple Syrup 180Ml,269.0,0.5,67.0,0.5,0.0
"Cully & sully, Chicken Vegetable Soup",68.0,1.9,4.7,4.3,1.3
LOTUS DINOSAURUS Original Chocolat 225g (4x3p),496.0,5.8,65.0,23.0,2.7
Lait Demi écrème Uht Jaouda,45.0,3.1,4.9,1.5,0.0
Double Concentré de Tomates,84.0,3.9,15.9,0.6,3.8
"Le Gourmand Soja, Poivre et Persil",173.0,20.0,10.4,4.8,4.3
Napoletana,67.0,1.4,6.2,3.7,1.8
Tortitas de maíz con chocolate negro,477.0,6.15,64.6,20.9,3.38
Rebuenas,484.61538459999997,6.538461538,70.38461538,20.76923077,5.0
Miel de Flores,333.0,0.5,83.0,0.0,0.0
Tomate frito receta artesana,201.0,1.6,14.3,15.0,0.0
Salzreduzierte Sojasauce,89.0,9.7,6.4,0.0,0.0
SMOOZY,9.0,9.0,83.0,1.2,0.0
220G TAGADA DOYPACK HARIBO,363.0,2.6,88.0,0.5,0.0
pains au lait x8,349.0,10.4,54.0,11.0,4.6
So Simple Original Family Pack Porridge,370.0,11.0,59.0,7.7,9.0
Apple Cider Vinegar,18.0,0.5,0.5,0.5,0.0
Appletiser,46.0,0.0,10.8,0.0,0.0
Leader Chips saveur Sel,575.2,6.6,52.4,37.7,0.0
Heinz Mayonesa,633.4,0.8,30.0,70.0,0.0
Organic Coconut Milk,178.0,2.0,2.4,18.0,0.0
Tomate triturado,28.0,0.8,5.5,0.0,0.0
AMORA Mayonnaise 5 Ingrédients Tube 175g,692.0,1.2,0.5,76.0,0.5
Jambon Simplement Bio - Conservation sans nitrite,118.0,21.0,0.7,3.5,0.0
Rafiaa,0.0,0.0,0.0,0.0,0.0
Yogur natural,62.0,3.7,4.1,3.4,0.0
50G RICOLA CITRON MELISSE,238.0,0.0,97.0,0.0,0.0
Medium Egg Noodles,159.0,5.92,30.4,1.1,1.99
Nido,498.0,24.1,41.6,26.1,0.0
Pistacho tostado sal,617.0,24.8,14.6,51.1,10.0
Cocktail Natural,651.0,20.4,14.6,58.8,9.0
unsweetened Almond milk,16.0,0.5,0.0,1.5,0.2
Pesto Basilico Limone,442.0,2.9,13.0,41.0,4.9
Belépi,424.0,5.83,68.26,14.2,0.0
Wasa tartine croustillante sensation aux graines de chia & touche de sel 245g,339.0,10.0,58.0,3.0,20.0
BREAKSTA Tiffany,0.0,0.0,0.0,0.0,0.0
Ultra doux,0.0,0.0,0.0,0.0,0.0
Filets de maquereaux aux vin blanc et aux aromates,154.0,13.0,0.5,11.0,0.0
Gervita nature,134.0,6.9,3.7,10.2,0.0
Tube caramel beurre salé,385.0,1.8,63.0,14.0,0.0
Quaker Cruesli Chocolat noisette,446.0,7.4,62.0,16.0,10.0
Penne au Poulet et au Pesto,186.0,8.0,20.0,7.9,1.2
Nature sans sucres,41.0,4.6,0.0,2.4,0.0
Le Chili Con Carne et son riz blanc,118.0,6.33,16.0,3.3,3.67
Truite Fumée de France,155.0,22.0,0.5,7.4,0.0
Spaghetti au Quinoa Tomate,366.0,11.0,74.0,1.9,4.5
Tropicana 100% oranges pressées avec pulpe 1 L,42.0,0.8,8.6,0.0,0.8
Pan tostado integral,375.0,12.0,69.0,4.0,7.5
Framboise délicate,90.0,3.8,12.1,2.8,0.0
Weetabix Avena Suave Oatibix,370.0,11.0,59.0,8.0,9.0
Frusli Juicy Blueberries Chewy Cereal Bars 6 x (180g),385.0,5.6999998092650985,72.90000153,6.9000000953674006,4.9
Creamy Original Flavour,239.0,0.0,8.0,23.0,0.0
Miel,321.0,0.5,79.3,0.1,0.0
Concentré de tomates,119.0,3.9,22.3,0.4,5.1
Penne Rigate,359.0,13.0,71.0,2.0,3.0
Capellini (Spagetti) Nr. 1,359.0,13.0,71.0,2.0,3.0
Mantequilla,742.0,0.6,0.4,82.0,0.0
Mini Bites Quinoa & Chía,479.0,8.2,58.0,22.0,8.3
Caldo de verduras,5.0,0.5,0.5,0.6,0.5
FRITADA PISTO,92.0,1.3,10.4,4.7,0.0
Amora Mayonnaise De Dijon Bocal 235g,700.0,1.29,2.15,75.3,0.645
Maïs doux,82.0,2.5,14.0,1.4,0.0
Cacao & Almond Oat Bars,436.0,7.4,55.8,19.2,5.2
Finest Wholemeal Loaf,220.0,11.0,36.9,1.7,6.3
Jus joker multifruit,47.0,0.0,11.0,0.0,0.0
Leerdammer L'Original 8 tranches,352.0,26.0,0.1,27.5,0.0
Hipro fruit citron,53.0,9.3,3.7,0.1,0.0
Chocolate Nutrition Shake,44.1,8.82,1.18,0.735,0.294
Huile d'olive vierge extra origine Espagne extraite à froid bio,800.0,0.0,0.0,93.3,0.0
Spreadable Lighter,519.0,0.6,0.7,57.0,0.5
Puffed Wheat,376.0,14.5,69.6,2.4,9.2
Sliced Malt Loaf,304.0,7.9,63.0,1.8,3.2
Super thick organic kerned yogurt,57.0,10.0,3.5,0.5,0.0
Flocons d’avoine,372.0,13.2,58.7,7.0,10.0
L'extra craquante nature,526.0,5.9,47.0,34.0,4.5
White Sourdough Bread,230.0,8.5,44.2,1.5,3.0
HiPRO Saveur Coco,56.0,9.4,3.7,0.4,0.0
Cashew Butter + Pure Vanilla Bean Dark Chocolate,601.0,9.1,38.0,44.0,8.1
Skin Hair Nails,0.0,0.0,0.0,0.0,0.0
Bertolli light,346.0,0.5,1.2,38.0,0.0
Amora Moutarde Forte Verre 185g,144.0,7.6,2.6,10.0,3.8
Kefir - Mango & Passion Fruit,66.0,3.5,9.2,1.6,0.0
Wholewheat Fusilli,344.0,13.0,65.0,1.88,7.38
Rafii,0.0,0.0,0.0,0.0,0.0
Doritos cheese,480.0,6.8,61.0,22.0,5.5
the ORIGINAL CRACKER,487.0,7.67,60.0,23.0,3.33
Philadelphia original,0.0,0.0,0.0,6.1,0.0
"Water, Bottled",0.0,0.0,0.0,0.0,0.0
Rough Oatcakes,454.0,9.8,55.4,19.2,10.0
Mais klein,77.0,2.9,11.0,1.8,2.8
Muesli Bars Chocolate,343.0,7.6,68.0,9.0,6.2
Dunkle Ganze Mandel,574.0,10.3,43.1,38.0,9.1
Cake aux Fruits - Tranché,396.0,4.4,59.0,15.0,1.8
Galettes Pur Beurre,513.0,6.0,63.0,26.0,1.4
"Evian Mineralwasser, PET, 1.5L",0.0,0.0,0.0,0.0,0.0
Oasis Pomme-Cassis-Framboise,31.0,0.0,7.5,0.0,0.0
Pain campagnard Gerblé sans gluten,242.0,4.0,42.0,4.7,7.7
Biscottes au blé complet x36 tranches de 300g,386.0,13.0,65.0,6.0,10.0
cordon bleu le gaulois,214.0,15.0,13.0,11.0,1.6
Yaourt au Lait Entier saveur Vanille,97.0,3.3,14.0,3.1,0.0
ST HUBERT OMEGA 3 sans sel,468.0,0.0,0.0,52.0,0.0
Le Palet pur beurre,517.0,6.8,65.0,26.0,0.0
Breizh Surimi saveur crabe x 10 sachets soit 30 bâtonnets,121.0,7.5,12.0,4.8,0.0
Les craquantes blé complet,396.0,12.0,65.0,4.3,11.0
Boisson avoine,49.0,0.5,7.2,1.2,0.8
Muesli CroustillantNoix,453.0,9.7,64.0,17.0,5.9
Confiture Abricots,241.0,0.5,59.0,0.1,1.1
"Kerrgold extra XXL, ungesalzen",589.0,0.5,0.5,65.0,0.0
Celebrations,495.0,5.6,62.0,24.0,0.0
Light fat spread,456.0,1.3,2.0,49.2,0.0
Tasty Wholemeal 400g,221.0,10.0,37.9,1.72,6.9
Tunnock's  Caramel Wafer Biscuits imp,448.0,3.6,69.2,17.4,2.5
0% fat greek style yogurt,60.0,6.4,7.7,0.4,0.4
Céréales Frosties,375.0,4.5,87.0,0.6,2.0
Majonez Dekoracyjny,704.0,1.5,2.9,76.3,0.0
Cornichons,15.95,2.2,1.09,0.31,0.0
la hollandaise 16p cheddar,270.0,10.0,7.0,23.0,0.0
Maïs Doux,69.0,3.2,11.0,0.6,0.0
Wafers Cocoa,517.0,6.7,62.0,26.2,0.0
Pizzasauce Aromatica,36.0,1.6,5.4,0.5,0.0
Hogaza Masa Madre y Cereales,245.0,11.0,38.0,3.8,8.2
Mantequilla sin sal,743.0,0.5,0.8,82.0,0.0
Protein Bar Cookie & Cream Flavour,368.0,50.0,26.0,10.6,0.0
Veganer Schinken-Spicker Grillgemüse,122.0,2.25,3.88,9.25,7.4
Skyr Icelandic Style Strawberry Yogurt,68.0,8.5,7.5,0.2,0.0
Gourmet Sea Salt Savoury crackers,479.0,7.7,67.0,19.6,1.7
Half & Half Medium,248.0,10.0,43.6,2.8,4.2
Confiture de framboise,248.0,0.47,61.3,0.16,0.0
Fawakih,51.0,1.0,11.5,0.1,0.0
Tesco wholemeal bread,230.0,10.2,40.3,1.75,6.25
Vinaigre,1.0,0.0,0.1,0.0,0.0
Love Corn Salt & Vinegat,426.0,7.9,67.0,12.7,9.4
Pudding,76.0,10.0,5.5,1.5,0.0
Keralan Coconut Curry,238.0,3.0,7.1,21.0,2.3
Cappelletti Jambon Cru,282.0,13.0,40.0,7.0,3.5
Hovis white,245.0,8.7,47.2,1.7,2.9
HERTA Lardons nature conservation sans nitrite - 2x75g,239.0,17.0,0.0,19.0,0.0
Poulet citron,447.0,10.0,65.7,15.7,2.86
Cream crackers,448.0,9.8,70.9,13.2,3.4
Chick Peas,121.0,7.5,15.2,2.1,6.0
Activia,64.0,2.7,9.9,1.2,1.5
Blueberry & Honey Porridge Oat Bars,427.0,8.0,50.0,20.0,15.0
AMORA MUST Miforte 415g,271.0,5.9,2.6,25.0,2.6
Biscuit filled with hazelnut spread with cocoa,515.0,7.9,64.0,24.8,0.0
Pechuga de pavo finas lonchas,78.0,17.8,0.6,0.5,0.0
Original Classic Wholegrain Rice,163.0,3.7,31.0,2.5,1.9
Curry de pois chiches aux épices douces d'aucy 380g,89.0,3.5,9.3,3.5,3.2
Slightly Salted Butter,747.0,0.6,0.7,82.0,0.0
Coco Pops,386.0,6.3,84.0,1.9,3.8
Gnocchi 390g,193.0,5.1,36.0,2.7,2.0
Tajin With Lime,6.8,0.2,0.6,0.4,0.3
Feta AOP,276.0,15.4,1.8,23.0,0.0
Nuts Royal,646.0,20.4,6.4,58.0,8.5
Danone skyr 140 g x 2 nature,57.0,10.0,3.9,0.2,0.0
Chipster,472.0,4.3,66.0,20.0,4.0
Allumettes de Jambon,113.0,18.7,1.87,3.73,0.0
Rôti de Porc - 100 % filet*,152.0,11.5,0.625,1.5,0.0
sucre Roux en morceaux,400.0,0.0,100.0,0.0,0.0
Sucre,400.0,0.0,100.0,0.0,0.0
Soja cuisine semi-épais bio,190.0,3.3,2.9,18.0,1.4
Biscottes complètes sans sucres ajoutés x36,374.0,16.0,61.0,5.1,11.0
Les Crozets au Sarrasin,366.0,13.0,70.0,3.0,3.5
Dessert végétal Noisette-Amande 4 x 100 g,102.0,3.4,14.8,3.1,0.0
ST HUBERT OMEGA doux 510 g Offre Découverte,468.0,0.0,0.0,52.0,0.0
La bûche légère -30% M.G,205.0,23.0,1.2,12.0,0.0
"Sharwood's Poppadoms, Plain",435.0,17.6,42.4,20.0,9.41
hula hoops original,503.0,3.4,66.0,24.0,2.3
Ritz Crackers Original 200 g,485.0,7.8,61.0,23.0,3.3
Frylight Sunflower Oil Spray 190ml,0.0,0.0,0.0,0.0,0.0
Tesco Organic Porridge Oats 750G,370.0,12.0,59.6,7.5,8.4
Full Fat Greek Style Yogurt,102.0,4.0,4.2,7.6,0.5
Berry Delight Fruit & Nut Bar,380.0,6.7,57.0,12.0,8.7
"Higgidy Spinach,Feta & Roasted Pepper Quiche 400G",230.0,7.3,21.0,13.0,2.2
Peter’s Yard Sourdough Crispbreads,382.0,12.0,77.0,4.5,7.1
Besbassa,0.0,0.0,0.0,0.0,0.0
"Chocolat Noir 72%, Collection Pure",540.0,6.8,33.0,43.0,11.0
Shredded Wheat 16s imp,362.0,12.0,68.0,2.2,12.0
NESTLE DESSERT Lait,554.0,6.9,52.9,34.1,3.7
BelVita - Petit déjeuner Tartiné,458.0,7.23,66.3,16.3,4.82
Sauce Arrabiata,288.0,2.2,7.1,27.0,0.0
Fusilli No. 34,351.0,14.0,69.0,1.5,2.9
Polpa Tomates concassées fines,26.0,1.2,3.9,0.2,0.0
Lasagne,359.0,13.0,71.0,2.0,3.0
Nature valley crunchy,479.0,10.2,59.8,20.7,6.6
Leche Semi desnatada,46.0,3.2,4.7,1.6,0.0
"Gullon Cuordi Cereale Tradizionale, Alto Contenuto Di Fibra",455.0,7.9,57.0,19.0,12.0
Multigrain Hoops Cereal,380.0,9.33,75.0,2.67,9.0
Saint Albray gourmand & crémeux,365.0,17.0,0.5,33.0,0.0
Hummus Natur,307.0,8.0,15.1,22.7,4.9
Spinach Ricotta Tortelloni,203.0,7.93,32.4,4.13,2.13
JOKER LE FRUIT OSP PET,42.0,0.6,8.7,0.0,0.0
Vegetable Stock Pot,100.0,6.2,6.4,5.3,1.3
Tomi Sweet Ketchup,84.0,1.1,20.0,0.0,0.0
SUPER NOODLES Chicken flavour,146.0,2.93,19.8,6.27,1.13
Seriously Good Light Mayonnaise,267.0,0.6,8.0,26.0,0.0
GIRASOLI RICOTTA EPINARD,244.0,8.1,29.0,10.0,2.9
Proper corn sea salt,439.0,8.6,56.6,17.4,10.9
Raw garlic and dill sauerkraut,20.0,1.2,2.0,0.5,2.4
Multigrain Farmhouse,260.0,9.7,43.3,4.2,5.0
Crunchy Variety,473.0,8.7,61.5,19.8,7.0
Seeded Bloomer,282.0,9.4,42.7,7.1,4.8
La Moussaka Boeuf & Aubergines avec une touche de menthe douce,128.0,6.7,6.7,8.0,1.3
Sainsbury's Italian Passata,31.0,1.5,4.2,0.8,0.5
Avocado & Lemon Mayo,717.0,1.8,0.3,78.7,0.1
Single Estate Venezuelan Dark clChocolate,599.0,8.0,34.5,45.7,8.8
بريك,499.0,6.3,64.0,24.3,2.3
Cottage Cheese,97.0,11.0,2.0,5.0,0.0
FETA AOP GRECQUE,271.0,16.0,0.0,23.0,0.0
Confiture 70% d'abricot,166.0,0.6,40.0,0.5,1.4
Kéfir coco,53.2,0.52,7.2,2.52,0.0
Creamfields low fat cottage cheese,56.0,8.9,3.1,0.9,0.0
Lindt excellence mint intense,535.0,6.0,52.0,32.0,0.0
HERTA TARTE EN OR Pâte Feuilletée sans huile de palme 230g,392.6,5.9,43.0,20.0,1.5
Truite fumée,168.0,20.1,0.0,9.7,0.0
Kinder DUO,524.0,7.2,59.8,28.1,0.0
HERTA KNACKI Saucisses 100% pur porc x10 - 350g,259.8,12.0,1.2,23.0,0.0
Aldi Slightly Salted Rice Cake,381.0,8.9,77.2,3.2,4.1
Joyfuel Chocolat au Lait & Cookie Dough,375.0,37.0,32.0,15.0,3.5
Slow-roast tomato sourdough,231.0,7.4,43.0,2.1,4.6
Salade Roma,196.0,6.88,19.1,9.69,2.91
Allinsons Bread Flour,348.0,12.0,70.0,1.7,3.3
Doritos,471.0,6.5,64.0,20.0,6.8
Vaselene,0.0,0.0,0.0,0.0,0.0
8 Wholemeal Tortilla Wraps,284.0,9.35,48.4,4.68,8.06
Pain de seigle complet Epeautre et épeautre vert,200.0,5.3,36.0,1.7,9.7
Benco,377.0,4.8,80.0,2.3,6.7
Bitter orange fine shred marmalade,240.0,0.3,59.0,0.1,0.6
Légère & épaisse 15%,169.0,2.5,6.0,15.0,0.0
Pain Extra Moelleux Nature Sans Sucres Ajoutés,281.0,8.0,49.0,5.2,3.5
"Muesli fibres - Son de blé, Figues, Pruneaux",344.0,12.0,53.0,6.0,15.0
St Jacques fondue de poireaux & Riz Basmati,144.0,5.8,16.0,6.2,0.6
Petits pains grilles,408.0,10.0,66.0,10.0,6.9
Fromage tartinable Nature,252.0,5.9,3.0,24.0,0.0
GrandLait - Demi-écrémé,47.0,3.3,4.8,1.6,0.0
biscottes braisées,370.0,14.0,59.0,5.6,14.0
Yaourt saveur myrtille sauvage,91.0,3.5,13.1,2.6,0.0
Bouillon cube légumes dégraissé,210.0,3.8,45.0,0.9,3.2
Milka chocolate Hazelnuts,551.0,7.19,52.1,34.1,2.99
Robinsons Orange Squash,7.0,0.0,0.6,0.0,0.0
"Linwoods cold milled flaxseed, sunflower, pumpkin & chia seeds & goji berries",523.0,22.0,11.0,40.0,18.0
Crunchy Nut Granola,484.0,8.22,57.8,22.2,0.0
Flahavans Microwave Quick Porridge Oats,370.0,11.3,63.3,5.67,8.33
Duval sirop de menthe 750 ML,264.0,0.01,66.12,0.5,0.0
"Ovomaltine - Vitamin & Mineral Bars, 5 ct 100g (3.5oz)",89.0,2.0,13.5,2.8,0.0
Pépito Croc sablé goût choco,514.0,5.71,62.9,26.2,2.86
Digestive fibra 23%,416.0,5.0,48.0,18.0,23.0
Galletas María Dorada,443.0,7.0,71.0,14.0,2.2
Sriracha Sauce Hot Chilli Sauce,131.0,2.1,28.0,0.26,0.0
YumYum Beef,76.1,1.37,8.95,3.68,0.0
So soja à la grecque nature,53.0,5.7,1.4,3.3,0.0
Greek Style Natural Yoghurt,101.0,3.9,4.2,7.5,0.5
Tartine p'tit dej nature ssa 410 gr,278.0,9.6,48.0,4.4,3.9
"Mirinda orange 1,5",35.0,0.0,9.0,0.0,0.0
Chocolate negro 85%,576.0,12.0,22.0,46.0,15.0
Soft & Sliced 5 Bagels Plain,259.0,10.6,49.0,1.7,2.7
Guacamole Original,144.0,1.1,1.6,16.0,6.9
Frischei-Waffeln,453.0,7.1,53.2,23.3,1.0
Fast Action Dried Yeast,0.0,0.0,0.0,0.0,0.0
Ilkgün,0.0,0.0,0.0,0.0,0.0
Oat No Sugars plant based,37.0,0.9,4.8,1.3,1.2
Bio gyömbér shot,39.0,0.5,7.9,0.5,0.0
Cheerios Aveia,381.0,10.4,65.7,6.3,10.3
Lunch bowl Maïs & quinoa 250g,122.0,4.6,17.0,3.1,3.8
Cadbury DAIRY MILK Cadbury DAIRY MILK THE CLASSIC,607.0,10.0,24.0,50.0,13.0
Beurre doux traditionnel,743.0,0.7,0.6,82.0,0.0
Breaktime,523.0,7.69,61.5,30.8,2.31
Whole almonds,595.0,21.2,9.1,49.9,12.5
Barbeque,0.0,0.0,0.0,0.0,0.0
Special K Granola con avena Dark chocolate,469.0,9.3,65.0,17.0,9.5
Oreo Protein Bar,388.0,35.0,33.3,16.7,2.0
White Sourdough Bloomer,238.0,7.1,49.0,1.1,2.0
Bahlsen,504.0,7.5,60.7,25.0,3.21
Nappés intenses Eclats de fèves de cacao,509.0,8.5,58.0,25.0,9.0
Apa,0.0,0.0,0.0,0.0,0.0
Plant Based Salted Butter,713.0,0.5,0.5,79.0,0.0
AMINE,0.0,0.0,0.0,0.0,0.0
Oats 'N Honey Granola Bars,452.0,7.14,69.0,16.7,4.76
Fischstäbchen,181.0,11.9,15.2,7.9,0.0
Lait demi ecreme,47.0,3.3,4.8,1.6,0.0
Biscuit saveur vanille citron,449.0,21.0,58.0,14.0,3.4
Amande intense,61.0,1.2,4.5,4.0,0.0
Muesli crisp 4 noix,479.0,10.6,55.6,21.7,9.5
Tablette BIO dégustation Chocolat noir - 100g,575.0,8.1,38.0,42.0,9.3
Mousse au chocolat à L'ANCIENNE,348.0,8.1,21.0,25.0,0.0
pain des fleurs sarrasin,385.0,13.0,74.8,2.8,4.4
yaourt au lait entier nature,78.75,4.875,5.125,4.25,0.0
Chocolat noir 85% cacao,561.0,11.0,24.0,43.0,17.0
nestle,512.0,6.7,60.5,26.4,2.5
Délices au Caramel,505.0,5.3,58.0,28.0,0.0
Céréales Special K Kellogg's Nature,375.0,9.0,79.0,1.5,4.5
Tailor Original Tikka Masala,138.0,2.6,9.93,9.33,2.0
Coca-Cola Zero Sugar 25cl,0.3,0.0,0.0,0.0,0.0
Mais,107.0,3.3,23.1,0.2,0.0
Tortitas de arroz,363.0,8.5,75.0,2.8,1.7
Pan de molde 12 cereales y semillas,263.0,11.0,38.0,6.1,6.3
Choc Shot,0.0,0.0,0.0,0.0,0.0
Velouté de légumes,30.0,0.7,2.8,1.4,1.6
BOUILLON KUB LEGUMES - 25% DE SEL,283.0,2.5,49.2,10.8,1.5
Galletas Digestive Chocolate,463.0,6.0,63.0,20.0,3.6
Cauliflower Hashbrown,202.0,2.0,21.1,11.6,2.5
Cuire & rôtir,315.0,0.0,0.0,35.0,0.0
Aïn saïss,0.0,0.0,0.0,0.0,0.0
6 White Pittas,254.0,9.47,50.7,0.877,3.68
"Alpro® Barista Mandeldrink, 1 L, UHT",24.0,0.5,2.6,1.2,0.3
Traditional Genovese Pesto,498.0,6.4,1.9,52.1,2.1
Really Nutty Muesli,371.0,9.3,61.0,8.1,7.8
Naked oven chips,130.0,2.1,23.0,2.9,2.3
"Ultimate Granola Økologisk, 400 g",466.0,11.0,56.0,21.0,7.4
Grainéa granola noix,467.0,14.0,51.0,21.0,8.9
Super Firm Tofu,118.0,11.9,1.8,6.8,1.1
lindt,535.0,7.0,51.0,32.0,0.0
The wholemeal Rustic Bloomer,224.0,10.8,38.6,1.35,7.3
Hachis parmentier emmental,144.0,7.6,10.0,7.9,1.2
Green & Blacks Smooth Mint,546.0,5.7,51.0,34.0,6.7
Protein Chocolate Flavour Pudding,77.0,10.0,6.6,1.5,0.0
Manchego & Green Olive,473.0,7.3,57.2,22.3,7.0
Mermelada de fresa,194.0,0.5,47.0,0.0,0.0
Beurre bio cacahuètes crunchy,622.0,26.0,13.0,50.0,8.3
Zéro Menthe,5.0,0.0,2.5,0.0,0.0
"Butternut squash, tomato & basil Falafel",205.0,6.7,21.2,8.6,7.5
Special k,390.0,8.0,83.0,1.4,6.6
Chocca chocolate spread,610.0,19.0,26.0,47.0,5.6
Chickpeas in Water,148.0,8.4,18.3,3.0,7.1
Becel Classic,315.0,0.49,0.49,35.0,0.0
dried mango,330.0,2.5,76.2,1.2,2.4
Marlboro Gold,0.0,0.0,0.0,0.0,0.0
Old Fashioned Oats,375.0,12.5,0.0,7.5,10.0
COCOA,0.0,0.0,0.0,0.0,0.0
Organic Creamy Peanut Butter,562.0,25.0,21.9,46.9,9.38
Saumon fumé,174.0,20.2,0.0,10.4,0.0
lightly salted Rice Cakes,357.0,8.57,74.3,2.86,2.86
Confiture extra fraise bio,242.0,0.3,59.0,0.1,0.0
Datteln,297.0,2.1,68.0,0.5,7.4
Nudeln Bio-Organic Vollkorn-Spaghetti,343.0,13.0,65.0,1.9,7.0
Lulu La Barquette Fraise,353.0,3.8,78.0,2.4,1.7
Sardines à la tomate,181.0,17.0,3.1,11.0,0.0
Panzani - bc - tomacouli nature 500g (big),27.0,1.2,4.5,0.1,1.6
Pepito lu pépite choco,440.0,5.2,51.0,24.0,3.1
Croco,345.0,5.7,79.0,0.5,0.0
L'Emmental Français Extra fin,369.0,28.0,0.5,30.0,0.0
Macaroni sauce tomate et boulettes au bœuf,154.0,7.0,18.0,5.7,1.3
Les Crozets Nature,365.0,13.0,70.0,3.0,3.0
"Beurre d'Isigny doux, extra -fin",743.0,0.7,0.5,82.0,0.0
SOJA Sans sucres ajoutés**,41.0,3.8,1.4,2.1,0.6
MADELEINE,474.0,6.4,55.0,25.0,0.0
La Grande Galette pur beurre,512.0,7.5,63.3,25.1,0.0
8 Navettes au beurre frais et à la crème fraîche,347.0,8.7,50.0,12.0,0.0
Lentilles façon petit salé,135.0,8.0,17.0,2.3,7.2
Studentenfutter,507.0,13.0,36.0,33.0,0.0
Korma spice paste,229.0,3.1,14.9,15.5,6.0
5 Banana Lunchbox Loaves,317.0,8.33,56.7,4.67,5.0
Malt Lunchbox Loaf,306.0,3.5,63.0,1.5,9.0
Cocoa Oat Protein Flapjack Chocolate Flavour Topped,454.0,18.0,44.0,22.0,4.0
"Alpro Joghurtalternative auf Sojabasis, Natur mit Hafer, 500 g",55.0,3.8,3.0,2.0,2.3
Brassé Ananas,107.0,3.5,18.0,2.8,0.0
Moutarde star 360 g,158.7,7.44,7.07,11.19,0.0
Pure Life,0.0,0.0,0.0,0.0,0.0
"Onken Mango, Papaya & Passionfruit - 450 G",97.0,3.8,13.0,2.7,0.0
Queso untar light formato familiar,154.0,5.9,4.4,12.0,0.3
Macine mb 350g int. eu,482.0,6.0,68.0,20.0,2.8
Sweet & saltynut,143.0,3.7,12.9,7.8,3.3
Disfruta Frutas Y Vitaminas Brik imp,25.0,0.2,5.6,0.1,0.0
Garbanzo cocido,90.0,5.5,9.5,2.2,4.7
Zumo pura naranja,44.0,0.7,9.9,0.1,0.6
Magnesium citrate 200 mg,0.0,0.0,0.0,0.0,0.0
Salsa original,277.0,0.7,9.0,27.0,0.0
Gâche tranchée,365.0,7.2,51.0,14.0,0.0
Totas,526.0,5.6,54.8,31.0,2.6
Heinz tomato ketchup imp,44.0,1.6,5.4,0.1,0.0
Special mexican style rice,150.0,2.4,28.5,2.32,0.0
100% Cacao maigre En poudre,335.0,24.0,20.0,11.0,30.0
Novalac lait 1er age,0.0,0.0,0.0,0.0,0.0
Walnuts,701.0,14.7,3.3,68.5,6.3
Brilliant Broth Chicken Ramen,62.0,3.3,2.1,4.5,1.3
Chocolate Fudge Brownie,218.0,3.7,25.0,11.0,1.74
Moufid 7mr,0.0,0.0,0.0,0.0,0.0
Fromage tranches pour sandwich,266.0,8.0,9.0,22.0,0.0
Morceaux de Thon nature,106.0,25.0,0.0,0.7,0.0
Smoozy,84.0,2.2,14.2,2.0,0.0
Chocolate 95%,580.0,11.0,12.0,52.0,0.0
Vanilla Gut-Loving Prebiotic* Yoghurt,86.0,4.9,8.1,3.2,0.0
STARBUCKS Signature chocolat 70% 300g,381.0,14.6,38.6,13.2,12.3
Skyr mangue passion,87.85714286,8.928571428571429,8.785714286000001,1.928571429,0.0
Cheese leerdammer original,352.0,26.0,0.1,28.0,0.0
Natural Tahini,663.0,24.0,2.2,60.0,9.3
Pâte à tartiner praliné,252.0,4.4,32.0,13.0,3.9
Soft Pittas,256.0,11.0,47.5,2.06,2.06
Fruit Slices APPLE,374.0,5.3,71.1,7.1,6.5
Pâte feuilletée,378.0,6.1,41.0,19.0,1.4
Bio-Erdnussmus,630.0,28.0,7.1,52.0,11.0
miredina,403.0,4.3,55.0,19.0,1.7
blue dragon wholewheat noodles,165.0,7.0,30.0,0.7,4.8
EXTRA VIRGIN OLIVE OIL,820.0,0.0,0.0,91.3,0.0
beurre jaouda 1kg,0.0,0.0,0.0,82.0,0.0
Pain de mie american sandwich 7 céréales sans sucres ajoutés 550g,278.0,9.0,42.0,6.5,7.6
Ramen,440.0,10.8,57.9,1.7800000000000002e-05,5.0
Flourless Sprouted Grain Bread,235.0,11.8,44.1,1.47,8.82
Coconut Water,18.2,0.0,4.55,0.0,0.0
Choco Duo,574.0,2.1,59.1,36.3,0.9
Flakes fruit & fibre,372.0,7.5,72.0,3.75,10.5
Agavesirap,300.0,0.1,75.0,0.1,0.5
Pom'Potes Pomme,69.0,0.5,13.0,0.6,1.2
Activia bifidus saveur vanille sans arome artificiel 125 g x 4,93.0,3.6,12.6,3.1,0.0
Mouliné de 10 légumes,37.0,0.7,5.4,1.1,1.2
Lulu L'Ourson Chocolat,392.0,5.1,59.0,15.0,1.8
Boursin Ail & Fines Herbes,385.0,8.5,3.0,37.0,0.0
Lentilles préparées 1/4,93.0,6.6,14.0,0.5,3.1
Rôti de Porc - 25% de sel*,122.0,24.0,0.9,2.5,0.0
Orangina zéro,4.0,0.1,0.7,0.1,0.0
Beurre Tendre Demi Sel,745.0,0.7,1.0,82.0,0.0
Sablés Miel 🍯 Saveur Citron🍋& Sarrasin,472.0,7.9,67.0,18.0,5.0
Sardines huile olive,204.0,24.0,0.0,12.0,0.0
Corn flakes,383.0,6.9,85.0,1.2,2.5
Special K Red Berries,390.0,8.0,83.0,1.4,6.6
White thick bread,234.0,8.8,44.6,1.6,2.4
4 Seed Sensations Bread,278.0,10.0,42.0,6.6,5.3
Organic Tamari Soy Sauce,70.0,12.0,5.0,0.2,0.6
Wholegrain Rice,153.0,3.92,30.2,1.44,1.84
Sweet And Salted Popcorn,507.0,5.93,58.5,26.3,5.93
Gunpowder Thé Vert Nature,0.0,0.0,0.0,0.0,0.0
LOTUS BISCOFF Speculoos Original Pocket Format Familial - 248g (16x2p),484.0,4.9,72.6,19.0,1.3
Pescada,464.0,18.0,0.2,43.5,0.0
"RICORE Original, Café & Chicorée, Recharge 180g",141.0,2.7,9.1,0.5,45.3
NESQUIK Poudre Cacaotée boîte 500g,386.0,5.1,78.9,3.6,7.7
BelVita Chocolate Chips,440.0,7.78,66.7,14.2,6.89
Sauce tomate basilic,64.0,1.6,7.6,2.6,1.9
Digestive Classic,464.0,6.0,70.0,17.0,3.0
Atún en tomate,214.0,19.0,1.9,14.0,0.0
Sauce soja sucrée,265.0,4.3,57.0,0.0,0.0
Spécialité Moutarde Fine Mi-Forte,290.0,3.9,9.3,27.0,0.0
Pain de mie Bio petites tranches complet & levain sans sucres ajoutés 280g,261.0,10.0,42.0,4.6,5.9
Lightly Salted Corn Cakes,384.0,7.0,85.0,1.4,1.7
Light Coconut Milk,62.0,0.5,1.4,6.2,0.0
organic GREEK YOGURT plain,58.8,10.6,4.12,0.0,0.0
Cereales rellenos de leche,447.0,10.0,67.0,14.5,3.3
Proper porker 6 british pork sausages,295.0,19.0,4.3,22.3,1.4
Green Pesto Sauce,312.0,4.3,8.4,28.4,3.0
Vanilla meal replacement,80.0,4.0,6.8,3.8,1.2
Oulmes,0.0,0.0,0.0,0.0,0.0
Whitworths Soft Dates 300g,267.0,2.33,58.7,0.667,7.67
Red Lentil & Beetroot Fusilli,180.0,13.0,46.0,1.3,7.7
Pan de Molde Semillas & Pipas,291.0,11.0,38.0,9.3,5.7
Heinz tomato ketchup,102.0,1.2,23.2,0.1,0.0
SKYR ICELANDIC STYLE,62.0,11.0,4.0,0.2,0.0
Knoppers Einzelpack,546.0,9.2,51.6,32.8,0.0
Red Kidney Beans in Water imp,109.0,6.9,16.2,0.5,6.2
Aldi Very Berry muesli,355.0,8.0,65.1,5.2,7.7
Dark chocolate nuts & sea salt,522.0,17.0,24.0,37.5,13.0
sucre granulé,0.0,0.0,0.0,0.0,0.0
Tableta chocolate negro 85%,631.0,9.1,20.0,55.0,12.0
"Not Milk 1,8",44.0,0.7,5.6,1.8,1.0
Hipro saveur mangue,60.0,8.3,5.5,0.5,0.0
Starbucks signature chocolat,392.0,8.6,62.3,8.9,12.4
Bisto chicken gravy,400.0,2.2,61.6,15.6,2.1
حليب,189.0,6.0,6.0,16.0,0.0
Zohor,900.0,0.0,0.0,100.0,0.0
Müesli Croustillant Fraise,431.0,9.8,68.0,12.0,7.1
Lentil Chips,478.0,9.6,60.4,21.4,2.5
Lindt lait extra fin,545.0,7.0,56.0,32.0,0.0
Soft White Pittas,251.0,9.5,49.0,0.9,3.5
Rice krispies,389.0,7.0,86.0,1.2,2.9
fromage,230.0,10.5,6.5,18.0,0.0
PiCK UP ! Choco x6,511.0,6.9,61.0,26.0,2.8
Fourré FIGUES,358.0,4.6,67.0,11.0,5.6
Jordan's Super Berry Granola,420.0,11.0,64.0,12.0,6.7
"Apă minerală naturală, natural carbogazoasă",0.0,0.0,0.0,0.0,0.0
Activia selection,98.0,3.2,14.0,3.2,0.0
FONDU Khayrat 64p,0.0,0.0,0.0,0.0,0.0
Eau mineral 33cl aman,0.0,0.0,0.0,0.0,0.0
curry cauliflower bites,222.0,7.8,17.0,12.0,9.6
Nutty Super Wholefood Salad,148.0,6.9,12.7,7.6,5.6
"Spicy tomato, lentil and red pepper soup",65.0,3.7,8.8,1.3,1.8
Schoko Reis Waffeln,486.0,7.3,57.0,24.0,6.5
Rice Cakes Milk Chocolate & Coconut,488.0,6.9,58.1,24.6,0.0
Ananas en tranches au sirop léger,56.0,0.5,13.0,0.5,1.0
"NESCAFÉ NES, Café Soluble, Boîte de 25 Sticks (2g chacun)",118.0,7.8,3.1,0.2,34.1
lait demi écrémé,430.0,31.0,45.0,14.0,0.0
Farine de blé complète - T150,337.0,10.7,63.9,2.2,9.5
Miel l'apiculteur de nos terroirs,0.0,0.0,0.0,0.0,0.0
PET 50CL OASIS TROPICAL,28.0,0.1,6.6,0.0,0.0
Kéfir biologique,44.0,3.4,4.1,1.5,0.0
caprice-des-dieux,333.0,15.0,0.8,30.0,0.0
Poisson à l'andalouse riz safrané et courgettes grillées,104.0,7.5,9.7,3.7,1.0
Original COCA-COLA,42.0,0.0,10.6,0.0,0.0
Tartelettes chocolat caramel,493.0,6.67,64.0,23.3,2.0
saveur pêche ici tea,13.0,0.0,3.1,0.0,0.0
Galette céréales et légumes du soleil,140.0,3.4,17.0,5.8,3.3
Tablette dégustation chocolat noir 85% - 100g,607.0,11.0,22.0,49.0,14.0
Taboulé oriental Pointe de menthe,179.0,4.4,25.0,6.3,2.2
SOJA NATURE SANS SUCRES,32.0,3.3,0.5,1.8,0.0
St hubert bio 490 g doux sans huile de palme,495.0,0.0,0.0,55.0,0.0
Chips Craquante Sel Brets,540.0,6.1,50.0,34.0,4.9
Pruneaux d'Agen dénoyautés,232.0,1.6,50.0,0.2,7.9
Biscottes complètes,387.0,13.0,64.0,6.1,11.0
Rich & creamy coconut milk,165.0,0.5,2.9,17.0,0.5
Smoky Ham Free Slices,101.0,13.5,1.7,2.5,8.5
Fairtrade Instant Hot Chocolate,379.0,12.4,72.3,3.4,0.0
Meridian 100% Crunchy Almond Butter,650.0,25.0,6.5,56.0,12.0
"Alpro Sojadrink Original fresh mit Calcium, 1 L, 11",39.0,3.0,2.5,1.8,0.5
Tisane Bien être Bonne Nuit - 20 Sachets,4.0,0.0,0.0,0.0,0.0
Fawakih mchmach khokh,55.0,1.5,12.1,0.01,0.0
Crème chantilly,552.0,4.0,68.0,32.0,0.0
Hanuta 10er-Pack,541.0,7.73,54.1,31.8,0.0
Crackers integrales,430.0,11.0,64.9,12.6,6.5
Onduladas campesinas,549.0,6.0,53.5,34.5,0.0
Muesli Crunchy Chocolate,434.0,8.4,61.0,16.0,6.0
Tomate frito con aceite de oliva,77.0,1.5,9.5,3.5,0.0
Knorr Soupe Déshydratée Forestière Champignons & Oignons 3 Portions,392.0,7.6,59.0,13.0,1.9
Moutarde Douce Fine & Douce,222.0,5.3,5.8,19.0,1.8
Cocktail Tropical Multivitaminé,0.0,0.5,11.0,0.5,0.0
Lait de Coco 200 ml AYAM,199.0,2.1,2.7,20.0,0.0
Carbonara Buldak Spicy Ramen Artificial Spicy Chicken Flavor,423.0,6.15,64.6,15.4,2.31
Flan parfum vanille,37.0,0.0,9.16,0.0,0.0
Organic Chocolate Stars,405.0,6.6,82.0,4.5,3.5
Simply Chicken 10 Chipolatas,130.0,19.3,5.61,2.98,0.0
Fennel Seed Tarallini,475.0,9.4,63.0,20.0,3.8
Biggy tasty,291.0,1.8,26.7,19.7,0.0
Pan tostado 100% integral bajo en sal y en azúcares,388.0,17.7,61.0,5.7,10.9
Danone,0.0,0.0,0.0,0.0,0.0
Pain de table Bio aux graines de lin & tournesol 400g,320.0,9.6,43.0,11.0,5.3
St hubert omega 3 bio 230 g doux,495.0,0.0,0.0,55.0,0.0
Peach Slices in Juices,53.0,0.4,12.0,0.0,0.4
"Dried prunes, pitted and ready to eat",168.0,2.3,36.5,0.3,5.2
CARAMEL,520.0,5.4,56.0,29.0,0.0
6 carb lite wraps,230.0,13.8,29.2,6.4,12.0
Elmlea Double,295.0,1.8,3.2,31.0,0.0
Petits flocons d'avoine complète,376.0,11.0,60.0,7.9,10.0
Original Gut-Loving Prebiotic* Yoghurt,80.0,4.8,7.2,3.1,1.7
Black beans in water,106.0,7.1,13.8,0.8,7.7
Panzani sauce provencale nat 210g f12,55.0,1.5,7.7,1.7,1.3
Lightest,86.7,10.7,5.0,2.67,0.333
Biscottes blé complet Sans sucres* et sans sel ajoutés,383.0,14.0,69.0,3.5,9.9
Sweet & Salty Popped Crisps,448.0,6.7,75.0,14.0,4.6
Smooth Almond Butter,631.0,29.6,6.6,52.2,8.3
Chipsfrisch ungarisch,533.0,6.0,49.0,33.0,4.5
Ketchup Zero,83.0,1.7,17.8,0.0,0.0
Crispy Minis imp,374.0,11.0,69.0,3.9,9.8
"sweet potato pakora with red pepper, cumin and chilli",198.0,6.0,17.0,10.0,6.8
GOLDEN VEGETAB,151.0,3.2,29.0,2.2,1.2
Barraani,180.0,0.5,44.5,0.1,0.5
Gourmet Raspberry Yogurt,101.0,4.6,11.4,4.2,0.0
Margarina con sal,531.0,0.5,0.5,59.0,0.0
Noir 85%,594.0,9.4,19.0,49.0,19.0
"Plant Butter, spreadable",713.0,0.5,0.5,79.0,0.0
Matin Chocolat,436.0,10.0,61.0,15.0,8.3
Organic Gluten Free Mesa Sunrise,400.0,10.0,80.0,3.3,10.0
Mandorle intere,645.0,24.2,5.4,56.0,11.2
MACARONI CHEESE WITH BACON,172.08412999200004,7.5,15.0,8.8,2.0
Confiture extra Framboise Bio,239.0,0.5,57.0,0.1,2.8
Véritable petit beurre🧈,440.0,8.0,72.0,12.0,0.8
Roquefort Société,365.0,19.0,0.8,31.7,0.0
Flageolets préparés 1/2,98.0,6.5,13.0,0.8,6.2
Le Tranché Fin - Dégustation - 25% de sel*,115.0,22.0,0.5,2.8,0.0
Fraise,76.0,0.5,13.0,0.0,14.0
Le palmier,508.0,7.0,62.0,25.0,3.3
Ramen soja caramel,163.0,5.3,32.0,1.2,1.7
Fourrés goût citron,488.0,7.4,68.0,20.0,3.1
Lait Demi Ecrémé Pâturages,47.0,3.3,4.8,1.6,0.0
Pain de mie Grand Mie complet,251.0,9.1,42.0,3.9,6.8
Petits pains grillés au blé complet,379.0,12.0,65.0,6.0,8.3
SIROP D'AGAVE BIO 250mL,46.95,0.02,76.9,0.0,0.0
Pâte à tartiner noisettes cacao,541.0,8.3,55.0,32.0,0.0
FITNESS CHOC Barres Céréale 6x23.5g,382.0,7.7,65.5,9.1,7.7
La Crème Semi-Epaisse Si Légère 4%MG,76.0,2.9,6.3,4.3,0.2
THONON Eau Minérale Naturelle 1.5L,0.0,0.0,0.0,0.0,0.0
Spaghetti au Quinoa Persil Ail,381.0,12.0,76.0,2.2,4.7
Bâton surimi,115.0,8.1,11.0,4.3,0.0
Noir Dégustation 74% cacao,560.0,10.0,34.0,40.0,12.0
Nicaragua grand cru waslala 75%,593.0,9.5,32.0,45.0,9.7
Chocolat instantané Façon Bistrot,387.0,8.4,67.0,6.8,11.0
Bananenchips,528.0,1.9,59.0,31.0,0.0
Cornichons aigres-doux Recette Paysanne,30.0,0.9,4.9,0.2,0.0
Original HP Sauce,0.0,0.9,28.3,0.1,0.0
All Bran Original,334.0,14.0,48.0,3.5,27.0
Oxo Beef,265.0,17.4,35.7,4.9,4.2
Granary Medium,256.0,10.3,46.4,2.5,3.61
PROTEIN Crunch,375.0,20.0,64.0,2.8,7.1
Wholegrain Low fat rice cakes imp,397.0,8.82,88.2,2.8,0.0
Organic Lemon Curd Yoghurt,115.0,4.1,16.0,4.0,0.0
Tropicana Multivitamines format familial 1.5 L,47.0,0.5,11.0,0.0,0.6
Fanta orange 1.5l,48.0,0.0,11.7,0.0,0.0
Dessert 72%,507.0,8.0,33.2,37.6,0.0
tentation croque lait aux noisettes suprêmes,577.0,10.5,44.5,39.7,0.0
Organic végétarian pesto,451.0,4.3,6.4,45.0,0.0
Vegan Basil Pesto,342.0,2.8,9.6,32.0,2.4
mushroom & mascarpone tortelloni,310.0,9.6,42.4,11.2,2.4
REGAÑA,448.0,11.8,65.0,15.0,3.7
Cappuccino Classique,420.0,4.8,75.0,12.0,0.0
Passata Sieved Tomatoes,27.9,1.69,4.3,0.174,1.1
Arla Skyr Fat Free Vanilla,73.0,8.6,8.6,0.2,0.0
Pan de molde espelta 100% integral natural,240.0,12.0,35.0,4.1,7.4
Tast of - Basmati Microwave Rice,132.0,3.12,27.6,0.72,1.44
Galleta dorada,480.0,6.3,70.0,19.0,0.0
Boisson à l'avoine,48.0,1.1,7.2,1.5,0.8
TOPS,0.0,0.1,0.1,0.1,0.0
Digestive,464.0,6.0,70.0,17.0,3.6
Tortilla Chips,499.0,5.5,64.9,23.5,2.9
Wholegrain Crackerbread,380.0,12.5,70.2,3.6,8.5
KP Dry Roasted Peanuts,597.0,30.0,7.33,46.7,9.0
La Vache Qui Rit Edam,288.0,9.0,5.5,25.5,0.0
Sauce chiltepin,197.0,2.8,6.0,18.0,0.0
Basmati rice,134.0,2.64,26.4,1.84,1.04
Sablés Pavot Coco,456.0,9.0,64.0,17.0,5.4
Magnesio + Vitaminas B1 B6 B12 sabor Naranja,0.0,0.0,0.0,0.0,0.0
Classic Strawberry,252.0,0.1,60.7,0.2,1.0
Olive Oil,900.0,0.0,0.0,100.0,0.0
Choco Tablet Zero sin Azúcares,451.0,6.6,60.0,24.0,6.3
Stamford Street Co Soft Cheese,202.0,4.3,3.3,19.0,0.5
Хомогенизирано пълномаслено краве мляко 3.5%,64.0,3.3,4.7,3.5,0.0
Erdnussbutter  creamy,651.0,30.7,14.7,51.3,0.0
Sweet chilli sauce,206.0,0.4,49.6,0.4,0.1
Finnebrogue Artisan Naked Bacon 6 Smoked Back Bacon Rashers,237.0,28.0,1.1,13.0,0.01
White Champion Bloomer,250.0,8.6,45.9,2.7,4.0
HERTA Blanc Poulet sel réduit sans nitrite x4 140g,105.6,21.0,0.9,2.0,0.0
Extra Dark 85% Cocoa,588.0,10.5,21.2,48.1,0.0
Donut,438.0,5.2,53.0,22.8,0.8
HERTA Allumettes Fumées conservation sans nitrite - 2x75g,239.0,17.0,0.0,19.0,0.0
Skyr vanille 4 x 100 g,78.0,7.8,10.9,0.5,0.0
Sea Shells hasselpähkinäkonvehdit,570.0,6.9,48.1,38.4,2.8
Confiture abricot,105.0,0.8,25.6,0.5,11.2
Yogur proteínas stracciatella 0%,56.0,9.6,3.3,0.5,0.0
Becel Vital,252.0,0.5,0.5,28.0,0.0
Melly,352.67,4.28,40.01,19.5,1.77
Sourdough,233.0,8.9,44.0,1.6,3.0
Bio-Haferfrink ohne Zuckerzusatz,37.0,0.4,5.6,1.2,1.0
chocolate negro,522.0,8.4,40.0,34.0,11.0
Digestive sin azúcares,430.0,6.2,68.0,16.0,6.5
chergui sghir lait,33.0,2.2,3.9,1.1,0.0
saveur fruit rouge ice tea,25.0,0.0,0.0,0.0,0.0
Super Seeded,304.0,12.0,38.2,10.3,5.0
Greek Style Yogurt Unsweetened,124.0,4.1,5.4,9.6,0.4
Puglian Extra Virgin Olive Oil,822.0,0.0,0.0,91.3,0.0
British Butter Unsalted,745.0,0.6,0.6,82.2,0.0
Chèvre frais,160.0,10.0,3.0,12.0,0.0
Sardines | In Extra Virgin Olive Oil,230.0,20.6,1.7,15.6,0.0
Chocolat Noir Amande et Écorces d'Orange,573.0,6.0,45.3,39.4,6.7
14 Gaufrettes saveur Cacao,512.0,5.6,62.0,26.0,3.1
Yaourt vanille de Madagascar,95.0,2.9,12.9,3.2,0.0
Vollkornbrot,207.0,6.8,36.0,1.7,10.0
Cafe,0.0,0.0,0.0,0.0,0.0
"Schweppes agrumes aux saveurs d'orange,🍊de pamplemousse, de citron vert & de mandarine",24.0,0.0,5.8,0.0,0.0
Camembert Le Rustique,268.0,21.0,1.0,20.0,0.0
FLEUR DE SEL,0.0,0.0,0.0,0.0,0.0
Soja vanille,50.0,3.4,3.9,2.1,1.1
Brioche tressée pépites de chocolat,373.0,8.3,49.0,16.0,0.0
Thon Blanc au Naturel,149.0,26.0,0.0,5.0,0.0
Muesli avoine amandes chocolat,456.0,8.7,65.0,17.0,6.8
Yaourt chèvre nature,77.0,4.1,4.2,4.9,0.0
Bouillon cube Volaille,208.0,5.3,41.0,2.3,0.8
"Süßes, Mon Chéri",455.0,3.0,52.8,20.3,0.0
Exquisa der Sahnige,238.0,5.5,3.0,22.5,0.0
Eau de source de montagne,0.1,0.1,0.1,1.1,0.1
Country Crisp chocolat au lait,449.0,8.89,66.7,15.6,5.11
Country Crisp Fruits & Noix,443.0,9.6,63.0,16.0,6.1
Anglesey sea salt crisps,532.0,5.1,57.2,30.7,3.5
LOTUS Gaufre de Liège Chocolat 363g (7x1p),457.0,5.2,54.0,24.0,1.9
diet coke 500ml,0.4,0.0,0.0,0.0,0.0
Chocolat Dessert Noir 55%,525.0,5.2,48.5,34.5,0.0
NECTAR Pêche,45.0,0.3,12.0,0.0,0.0
MAGGI Bouillon KUB Volaille Réduit en sel de -25% 120g,271.0,5.7,40.3,9.6,0.5
Milka Choco Mini Stars,510.755258,7.1,63.0,25.0,2.0
Choco wafer,535.0,6.7,56.0,31.0,2.8
Girandole Torsades N° 34,359.0,13.0,71.0,2.0,3.0
Pan Bauletto al Grano Duro,258.0,8.7,45.0,3.9,5.0
ColaCao Turbo Instant Cocoa Drink,389.0,5.5,82.0,3.0,0.0
Great Mayonnaise,554.0,0.8,2.2,61.0,0.0
Pelotazos,520.0,5.4,61.4,27.8,1.4
Quaker Cruesli Frutta Secca,462.0,8.5,57.0,19.0,10.0
Eat Natural Bar Peanut&Chocolate 45g,510.0,22.8,32.4,30.5,7.3
Pain Carré Doré 525g,279.0,9.8,48.0,4.2,5.2
Lait fermenté,48.0,3.0,5.0,1.8,0.0
Activia muesli graines de chia framboise,114.0,5.9,15.7,2.6,1.91
"Raisin, Nut & Honey Granola",418.0,9.11,66.2,11.1,6.22
Lentil Soup,45.0,2.4,8.5,0.2,0.8
الشركي,74.0,2.1,14.0,1.1,0.0
Reduced Fat Soft Cheese,141.0,6.9,3.0,11.0,0.0
Fromage edam,324.0,26.0,0.0,24.0,0.0
Vegetable Stock Cubes,7.0,0.0,0.6,0.5,0.1
KIDDYLICIOUS Veggie Straws - saveur Légumes - 48g (4x12g),513.0,2.6,53.0,30.0,2.9
British Cold Pressed Rapeseed Oil,826.0,0.5,0.5,92.0,0.5
Barquillos Chocolate Zero sin azúcares,434.0,4.4,68.0,22.0,3.4
Bite size wheat shreds,367.0,12.7,68.3,2.0,12.0
Dark Soy Sauce,111.0,2.2,25.0,0.5,0.6
High Protein Granola Cranberry & Almond,434.0,24.9,44.1,16.3,5.9
Jambon Le Supérieur -25% de Sel,115.0,22.0,0.5,2.8,0.0
Multifloral Manuka honey,336.0,0.3,83.1,0.3,0.0
céréales Chocapic,388.0,8.8,73.6,4.8,7.5
Pâte à tartiner amandes lait cacao,533.0,6.5,57.0,31.0,0.0
Céréales Muesli croustillant au chocolat noir 500G,395.0,9.0,61.0,11.0,8.1
Lunch bowl Légumes & boulgour 250g,130.0,4.7,22.0,2.0,2.4
Sweet & Salty Nut,464.0,9.5,50.0,22.9,10.1
Strawberry Milk Product,65.0,10.0,6.0,0.3,0.0
Wheat and rye bread,223.0,7.2,45.1,0.5,4.8
Penne,479.0,24.0,46.0,21.0,5.0
Mini cheddars,509.0,10.4,51.3,28.7,2.61
Barres de céréales fraises et framboises x 6,368.0,5.0,75.0,6.0,4.0
Sainsbury's San Francisco Style Sourdough,273.0,8.4,44.1,1.3,2.3
maggi,384.0,8.14,59.6,12.6,0.0
hassan,0.0,0.0,0.0,0.0,0.0
filets de sardines sans peau sans arêtes à l'huile végétale,249.0,19.8,6.3,16.1,3.0
Organic Houmous ~ With added extra virgin olive oil,298.0,6.4,9.5,25.1,4.0
Oatcakes - Organic,446.0,9.6,58.1,17.6,8.6
Multigrain Crackers,478.0,8.8,60.8,20.8,6.2
Mélange de noix et pistaches,598.0,22.8,19.2,46.1,7.6
Petit écolier tendre coeur au lait,513.0,6.3,61.0,27.0,2.0
Confiture abricots,165.0,0.4,40.0,0.1,1.1
Apricot Jam,245.0,0.5,59.0,0.1,1.1
Badoit rouge,0.0,0.0,0.0,0.0,0.0
Candy'Up Goût Chocolat🍫,62.0,3.2,10.0,0.9,0.6
Tartines de Pain multi-céréales,410.0,14.0,69.0,7.5,5.3
Salad Sauce | Dijonnaise | Without Oil,52.0,1.6,4.2,1.8,4.8
"Vinaigrette légèrevinaigre balsamique tomates et tomates séchée",318.0,0.6,5.5,32.0,0.0
Vinaigrette Balsamique Ciboulette - Echalotes,304.0,0.3,2.4,32.0,0.0
Soja myrtille,76.0,3.7,10.5,2.1,0.0
Tzatziki,182.0,5.7,3.3,16.0,1.0
Tartines Craquantes Sarrasin,388.0,13.4,75.2,2.7,4.5
Chocolat noir 72% cacao,548.0,10.0,33.0,39.0,12.0
Sauce Bourguignonne,403.0,0.9,7.6,36.7,0.0
Chocolat Noir 95% Togo,648.0,8.9,11.0,60.0,14.0
Maltesers 175g,503.0,8.24,61.8,25.2,0.0
Five Bean Salad,124.0,7.1,18.8,0.9,6.2
Original Seeded Batch,284.0,10.3,41.7,7.6,4.0
Gingerbread men biscuits,436.0,0.7,67.0,14.0,4.1
Tesco Red Pesto 190G,364.0,4.0,5.4,35.7,2.5
Caprice,477.0,7.4,67.0,19.0,4.3
Raib du bled,93.0,3.9,12.4,3.3,0.0
Ferrero collection,623.0,7.2,38.3,48.6,0.0
Trancetto cacao,369.0,5.1,57.0,13.0,0.0
Horno Al punto de sal,442.0,5.9,73.0,13.0,6.2
Muesli Crunchy Fruta,427.0,6.3,66.0,14.0,6.0
Yogur Proteínas Arándanos 0%,53.0,8.3,5.0,0.5,0.0
Tabasco rouge 60ml,16.0,0.9,1.5,0.6,0.0
Abbott's Village Bakery Grainy Wholemeal,241.0,9.9,40.2,2.7,6.9
Feta (plant based),305.0,0.0,11.0,29.0,0.0
Tesco Finest Oat And Barley Loaf 800G,257.0,9.09,48.0,2.27,4.09
brilliant beetroot,39.0,1.0,8.5,0.1,0.0
Khayrat tranches.M,271.0,12.0,0.0,21.6,0.0
Muesli crunchy,457.0,9.1,62.0,18.0,6.4
Unpasteurised Miso Paste,176.0,10.8,15.7,6.7,4.9
Snack de Pan con pipas,521.0,11.4,49.2,30.2,3.4
Avena Barista Edition,61.0,1.1,7.1,3.0,0.8
Yaourt ferme Vanille,100.0,3.8,15.5,3.0,0.0
Sour Cream & Onion Potato Chips,432.0,6.7,69.0,13.0,4.8
Ginger Turmeric Shot,32.0,0.5,5.8,0.5,0.2
Belladonna Löslicher Kaffee Entkoffeiniert,0.0,0.0,0.0,0.0,0.0
Poêlée Paysanne 750g,67.0,1.7,7.4,2.7,3.3
Becel VITAL (OMEGA 3),265.0,0.5,0.5,30.0,0.0
Raibi,0.0,0.0,0.0,0.0,0.0
Creme de amendoim,640.0,21.4,11.0,58.3,5.8
8 Crêpes Chocolat,466.0,6.56,59.4,21.9,2.5
Nouilles aux oeufs,162.0,5.7,31.0,1.4,1.6
Carte D'Or Glace Crème Glacée Café 900ml,117.0,1.7,17.0,4.7,0.5
Skyr sur lit auw fruits rouges,84.0,7.8,12.2,0.5,0.0
Queso Gouda,345.0,23.4,0.0,27.9,0.0
Le yaourt nature,78.0,4.1999998089999995,8.0,3.2999999523163,0.0
Savoury Crackers,465.0,7.6,67.3,18.0,2.1
Filets de maquereaux,154.0,13.0,0.8,11.0,0.0
Velouté de 12 legumes,42.0,0.7,5.2,1.9,0.7
Crousti' Avoine nature,398.0,10.0,63.0,9.8,9.4
Major,442.0,5.8,69.1,17.7,0.0
Fruit & Fibre,366.0,8.8,67.8,4.7,8.7
Clorets,306.0,0.1,76.0,0.0,0.0
"Wholegrain Rice, Quinoa, Pumpkin & Sunflower Seeds",167.0,5.1,22.7,3.4,2.8
Ready Salted Grab Bag Crisps,518.0,6.44,53.3,31.1,4.0
Gut Health Strawberry,90.0,3.9,12.1,2.8,0.0
Burgers nature géant sans additifs,275.0,9.7,47.0,4.5,3.8
Eau st Antonin,0.0,0.0,0.0,0.0,0.0
Pâte à tartiner saveur noisette,528.0,2.2,67.0,28.0,1.7
Croustillant chocolat,433.0,9.8,62.0,14.0,9.8
Garlic & Herbs,142.0,7.2,5.3,10.0,0.4
Granola aux fruits,395.0,11.3,62.9,8.4,10.3
Yaourt brassé sans sucre,66.0,3.0,6.7,3.0,0.0
All Natural Avocado Oil Mayo,755.0,1.9,0.4,82.8,0.0
Danao frz limon hh,38.0,0.5,89.0,0.02,0.0
Erdnüsse geröstet & gesalzen,619.0,24.0,11.0,51.0,8.2
Tempeh Organic,173.0,22.0,1.9,7.9,6.6
Choco Tom gaufrettes,0.0,7.12,57.6,28.96,9.45
Sea salt lentil chips,486.0,10.0,63.6,20.7,0.7140000000000001
Biscotte blé complet,386.0,14.0,62.0,6.0,11.0
Chicken and Lentil with Butternut Squash,44.0,3.1,4.0,1.4,1.7
100% peanut butter crunchy,605.0,27.2,12.2,47.7,9.2
ptit dan up 2.50dh SpongeBob,52.0,3.0,8.4,1.0,0.0
Almond Breeze Unsweetened Low Fat Milk Alternative,13.0,0.5,0.2,2.2,0.0
Tomatoes - Cherry Tomatoes Italian,32.0,1.5,4.9,0.0,2.3
Passierte Tomaten,41.0,2.1,6.6,0.2,1.3
Golden Hills Butter,748.0,0.6,0.7,82.5,0.0
Baked beans,92.0,4.6,13.5,0.7,6.2
Sablés beurré nantais,462.0,6.9,70.0,17.0,2.6
Grany Fraise 🍓 & Framboise,411.0,5.56,66.7,13.3,0.8
Lentilles préparées Cultivés en France d'aucy 265g,70.0,5.3,9.6,0.5,3.0
Conserverie Parmentier sardines,229.0,23.5,0.0,15.0,0.0
Pesto basilico,328.0,4.2,7.3,31.0,1.6
Volvic Zest Citron,4.0,0.0,0.9,0.0,0.0
Laus nature,508.0,6.1,53.0,30.0,4.3
3D's Bugles goût nature,519.0,5.4,55.0,31.0,0.7
Sucre Poudre,400.0,0.0,100.0,0.0,0.0
"Gerblé - Choco Hazelnut Filled Cake, 200g (7.1oz)",477.0,7.4,60.0,22.0,4.7
Grilletine Briochée x18,443.0,14.0,66.0,13.0,3.3
Epeautre sans sucres ajoutés - Bio,58.0,0.8,11.0,1.2,0.0
Galette Épeautre Son d'Avoine,370.0,17.0,64.0,2.9,9.8
CROQ'SOJA Curry et Pavot,169.0,14.0,8.1,8.1,3.6
Emincés de boeuf sauce poivre & pommes de terre,143.0,6.43,12.1,7.5,1.0
Poudre sucralose,0.0,0.0,0.0,0.0,0.0
Pain d'Épices au Miel,297.0,3.0,66.0,1.1,5.7
Biscottes 6 cereales,412.0,12.0,60.0,7.3,6.0
Bouillon Cube Poule,305.0,6.3,26.0,19.0,1.0
Tofu fumesse,256.0,15.0,5.3,19.0,0.0
Granulated Sugar,400.0,0.0,100.0,0.0,0.0
Double Concentrate Orange Squash No Added Sugar,1.0,0.0,0.0,0.0,0.0
Henderson's Relish,44.0,0.7,7.4,0.1,0.0
Blackcurrant Squash,18.0,0.0,4.3,0.0,0.0
popped potato snacks,436.0,6.5,68.0,14.0,4.7
Thé noir glacé saveur pêche intense,19.0,0.0,4.3,0.0,0.0
Aquarius Orange,19.0,0.0,4.5,0.0,0.0
Cube de bouillon déshydraté saveur poulet,210.0,9.0,16.0,15.5,10.0
Milk,45.0,3.0,4.8,1.5,0.0
Saida eau minérale,0.0,0.0,0.0,0.0,0.0
HERTA Pâte à Pizza Fine et Ronde 265g,287.5,8.7,49.0,5.3,1.0
Oreo,476.0,5.3,68.0,20.0,2.7
Mascarpone,403.0,4.5,4.0,41.0,0.0
Original Oreo,472.0,5.6,67.0,19.0,2.9
SIMON LIFE,20.0,0.1,4.8,0.0,0.0
Maíz dulce,76.0,2.8,10.5,1.7,3.7
Piquitos con salvado,378.0,11.5,72.4,3.4,5.7
Tiras de pechuga de pollo al horno,107.0,23.4,0.6,1.2,0.0
Lomo embuchado,199.0,38.0,0.5,5.0,0.0
Les classiques - Velouté de 9 légumes,32.0,0.6,5.6,0.6,0.9
Takis Fuego 90g,492.0,5.6,53.0,27.0,8.6
6.11113E+12,100.1,3.5,15.0,2.9,0.0
Raib banan sghir,76.0,2.5,13.0,1.6,0.0
Panzani - spf - sauce bolognaise pur boeuf 400g,84.0,4.8,6.5,4.0,1.5
Amora Croq'Vert Cornichons Extra-Fins Bocal 370g,14.0,0.7,2.2,0.5,2.7
Cacahuètes grillées sans sel ajouté.,622.0,27.0,9.7,51.0,8.6
"Quinoa croquant, amandes et noisettes",217.0,7.2,22.0,10.0,4.5
Ananasstücke,56.0,0.5,13.0,0.5,1.0
Hash Browns,204.0,2.6,26.0,9.9,2.8
Tuna,99.0,23.5,0.1,0.5,0.1
Filet de maquereaux grillés nature,233.0,20.0,0.0,17.0,0.0
Skyr sur lit aux myrtilles,80.0,7.8,11.1,0.5,0.0
Jus de pomme,45.0,0.5,10.0,0.1,0.0
Red and white quinoa,174.0,6.4,27.6,3.36,4.32
Special k Red berries imp,390.0,8.0,83.0,1.4,6.6
Bagels,263.0,9.2,50.9,1.8,3.5
Chicoree nature,0.0,0.0,0.0,0.0,0.0
Clotted Cream Ice Cream,230.0,3.1,21.0,15.0,0.2
Le Petit Beurre,481.0,6.4,64.0,21.2,2.4
Super Seeded Cob,326.0,13.4,36.4,12.7,6.0
Rilettes de thon,275.0,17.0,1.5,22.0,1.5
Pringles Salt & Vinegar,518.0,6.0,54.0,30.0,3.9
Mini Espinacas Zanahoria,233.0,10.7,16.5,14.7,4.2
Le Jambon Supérieur sans couenne sans nitrite,106.0,20.0,0.8,2.7,0.0
Wholegrain Wheat Bisks,359.0,12.7,67.8,2.3,8.0
Jelly Snakes,326.0,3.1,77.0,0.2,0.0
campo verde slice,266.0,10.0,7.0,22.0,0.0
Riz aromatisé au citron et romarin,160.0,3.2,31.0,2.2,1.0
fromage blanc nature,225.0,6.0,4.0,20.0,0.0
Protein Peanuts & Dark Chocolate,510.0,22.8,32.4,30.5,7.3
Day BREAK,0.0,0.0,0.0,0.0,0.0
Miel liquide,302.0,0.4,75.1,0.1,0.1
Jus de pomme pur jus,47.0,0.1,11.0,0.1,0.0
Miel d'Acacia avec Rayon,0.0,0.0,0.0,0.0,0.0
Deluxe Really Nutty Muesli,383.0,9.4,61.2,9.5,7.5
Apple Juice,45.3,0.133,10.4,0.133,0.333
Lait Entier,65.0,3.3,4.8,3.6,0.0
Maxi Jac' Nature,272.0,8.7,48.0,4.5,2.5
Haricots Verts extra-fins 1/4,20.0,1.4,2.3,0.1,2.4
"Tendres carrés de blé aux aubergine, poivron,  basilic",191.0,14.0,19.0,6.0,2.5
Madeleine,447.0,6.6,46.0,26.0,1.2
Ice tea saveur pêche,13.0,0.0,3.1,0.0,0.0
Soja cuisine fluide,175.0,3.1,4.3,16.0,0.7
Grana padano rape 12 mois aop lc 100g,398.0,33.0,0.0,29.0,0.0
Sardines à l’huile d’olive,223.0,22.0,0.0,15.0,0.0
Douceur de brebis nature,132.0,4.8,5.4,10.0,0.0
Le Filet de Poulet et ses Pommes de Terre à la Sarladaise,157.0,10.0,14.0,6.5,1.3
St hubert omega 3 255g demi sel,468.0,0.0,0.0,52.0,0.0
Purée cacahuète,622.0,28.0,12.8,48.8,7.6
le Breizh Surimi,121.0,7.5,12.0,4.8,0.5
Fromage de Chèvre fouetté nature,248.0,6.8,1.3,24.0,0.0
Riz Complet,351.0,7.9,72.0,2.8,3.9
POULAIN NOIR EXTRA 200G,508.0,4.9,55.0,28.0,7.0
Pâte à tartiner noisettes grillées,476.0,5.6,53.0,34.0,2.8
Vegan,635.0,0.0,0.5,70.0,2.4
quaker golden syrup,375.0,13.2,64.9,5.79,6.32
Snack a Jacks Caramel Rice Cakes,387.0,6.1,86.4,1.7,11.2
Jacobs Savours Salt And Black Pepper Bakes,470.0,9.1,66.7,17.6,4.0
Mild & Creamy Mozzarella Grated,296.0,22.7,3.0,21.5,0.0
Pataks On the Side Lime Pickle,187.0,2.3,2.5,16.9,0.0
Divine Rice Traditional,137.0,3.4,19.0,5.6,0.0
Cocoa Delight Raw Fruit & Nut Bars,363.0,7.63,50.0,12.9,8.68
Dark Extreme,603.0,9.3,16.0,52.0,0.0
NESTLE DESSERT Cacao en Poudre boîte 250g,387.0,18.1,17.3,21.0,28.0
Original Pack Familiar,280.0,4.5,2.7,27.5,0.1
Galbani mozzarella - maxi 250g,238.0,17.0,2.0,18.0,0.0
Pâtes spaghettoni n°7 500g,359.0,13.0,71.0,2.0,3.0
Gran cereale croccante con riso,443.0,7.6,63.0,16.0,9.2
deko Nutella small,539.0,6.3,57.5,30.9,0.0
Chocolate 85% Cacao 0% Azúcares Añadidos,568.0,11.0,19.0,49.0,0.0
Mini cracker!,465.0,6.0,64.0,20.0,2.3
Café,3.0,0.0,0.0,0.0,0.0
Yogo,0.0,0.0,0.0,0.0,0.0
Fish sauce imp,73.0,6.6,11.6,0.5,0.0
Brown Rice,175.0,4.0,35.3,1.51,2.32
Sauce Piquante,0.0,3.1,9.1,4.0,0.0
Raïb,76.0,1.0,13.0,1.6,0.0
Coca cola zero sugar,0.303,0.0,0.0,0.0,0.0
Muesli Crunchy 4 noix,458.0,10.0,61.0,18.0,6.1
Leche Desnatada Proteínas y Calcio,44.0,6.0,4.6,0.2,0.0
Biscuits à l'orange Orange et au graines de Chia,452.0,8.6,65.0,16.0,6.6
elviva,0.0,0.0,0.0,0.0,0.0
Le Petit Pot de Crème au Chocolat,179.0,4.7,17.6,9.9,1.6
Cashews roasted & salted,621.0,21.3,22.0,48.8,0.0
Crème dessert chocolat,117.0,3.1,18.0,3.4,1.0
Boulettes de pois chiches Patate douce Curcuma,312.0,6.7,26.0,19.0,6.2
Mini light,210.0,25.0,0.05,12.0,0.0
Gervais fromage à la créme,255.0,6.0,6.0,23.0,0.0
Buttersoft,720.0,0.0,5.0,79.0,5.0
High Fibre Bran,350.0,13.8,54.0,4.0,22.0
Tesco Oat Drink,47.0,0.5,7.6,1.5,0.7
Spelt Sourdough Bread,241.0,9.4,46.0,1.2,4.3
"Gerblé - Organic Muesli Fig Apricot Spelt Cookie, 132g (4.7oz)",452.0,7.6,63.0,17.0,8.2
Confiture de myrtille 70%,173.0,0.5,40.0,0.5,3.7
Noir,533.0,4.6,54.0,32.0,5.3
Fresh Root Ginger 7x Shots,47.0,0.8,9.9,0.5,0.0
brufen,0.0,0.0,0.0,0.0,0.0
"Becel Classic, reich an Omega 3",350.0,0.5,0.5,39.0,0.0
Green Lentils in Water,102.0,7.2,15.1,0.5,4.0
Tartines croquantes,460.0,15.0,48.0,21.0,9.3
Petits chocos 🍫,250.0,3.5,31.5,12.0,2.5
Original Roast Crunchy Peanut Butter,623.0,26.6,12.2,50.4,7.6
Purée de pommes de terre en flocons,345.0,7.5,73.6,0.8,7.0
Barre granola goût chocolat et enrobage crème de cacao,478.0,8.4,60.0,24.0,3.5
raib salim vani,74.0,3.0,8.8,3.0,0.0
Céréales complètes au chocolat noir intense,460.0,9.6,58.0,19.0,9.1
Gnocchi a poeler extra fromage 285g,230.0,8.3,30.0,8.1,1.8
Mozzarella light,165.0,20.0,1.44,8.48,0.4
Pétillante Saveur Citron vert,0.0,0.0,0.0,0.0,0.0
Chocolat au lait du Pays Alpin,539.0,6.5,57.0,31.0,2.3
Haricots Verts extra-fins 4/4,20.0,1.4,2.3,0.1,2.4
Matière grasse laitière à tartiner,157.0,0.0,5.6,15.0,0.0
Camembert lepetit 250g 21%,265.0,19.0,0.5,21.0,0.0
Tablette de chocolat noir 100g,572.0,8.8,35.0,41.0,14.0
Thon entier à l’huile d’olive,253.0,25.0,0.0,17.0,0.0
Sardines marinade citron basilic sans huile,158.0,22.0,1.2,7.2,0.0
Yaourt nature 4 x 125 g,50.0,3.9,4.3,1.9,0.0
Huile vierge extra biologique,900.0,0.0,0.0,100.0,0.0
Paysan Breton - Beurre moulé demi-sel,726.0,0.8,0.6,80.0,0.0
Pâte à tartiner bio - 40% noisettes - Chocolat Noir,616.0,9.5,32.0,49.0,6.0
Biscottes sans sel x 34,405.0,11.9,74.8,5.1,3.9
Riz basmati,356.0,8.8,76.0,0.7,1.9
Pains grillés  Blé complet,388.0,11.0,73.0,4.3,6.8
Tartines craquantes Multicéréales,378.0,9.6,79.0,1.6,4.7
SAINT ANTONIN Eau Minérale Naturelle Naturelle 1 L,0.0,0.0,0.0,0.0,0.0
BUTTER Meggle Butter - Meggle Feine Süßrahmbutter 250g 2.29€ 1kg 9.16€,730.0,0.7,0.6,82.0,0.0
Chilli Heatwave Tortilla Chips,497.0,6.1,59.3,24.9,5.6
Golden Organic Corn Flakes,369.0,8.0,80.0,0.8,0.0
Tesco Three Bean Chilli Soup,43.0,3.3,6.0,0.1,2.2
Italian Organic Tomato Ketchup,92.0,2.2,20.0,0.3,1.4
Granola Crunchy Honing - Miel,436.0,9.2,65.0,14.0,6.6
Soba classic,206.0,5.9,25.8,8.3,0.0
Daya fraise sghira,80.0,2.3,15.0,1.2,0.0
Daya mini ananas,74.0,2.1,14.0,1.1,0.0
VINAIGRE DE CIDRE DE POMME,0.0,0.0,0.0,0.0,0.0
Pepsi 1L,42.0,0.0,11.0,0.0,0.0
Dunkle Schweizer Schokolade mit Chili-Extrakt,542.0,6.0,51.0,33.0,0.0
Bouillon de volaille dégraissé,212.0,5.7,31.5,7.0,0.5
Fette biscottate,387.0,13.0,62.0,5.9,13.0
Pain campagnard avec du sarrasin et de levain,262.0,4.1,51.0,3.1,6.8
Acqua naturale naturale,0.0,0.0,0.0,0.0,0.0
Fette biscottate Integrali 315 gr,386.0,13.6,60.2,7.95,12.5
Pan de molde 35% avena,266.0,13.4,34.2,6.84,6.05
Bouillon Légumes,336.0,4.6,40.0,17.0,0.5
Sasanki,529.0,6.5,63.9,26.6,4.0
6 Free Range Eggs,131.0,12.6,0.1,9.0,0.0
Taco Mixed Beans,69.2,5.05,13.1,0.606,5.0
Double Concentrate Apple & Blackcurrant Squash No Added Sugar,18.0,0.0,2.400000095,0.0,0.0
Aiguebelle mini,0.0,0.0,0.0,0.0,0.0
cafe de cereales,359.0,5.0,80.9,0.0,7.7
PET 1.25L COCA COLA CHERRY,43.0,0.0,10.7,0.0,0.0
Coco pops,386.0,6.3,84.0,1.9,3.8
Salsa de soja,66.0,7.3,6.3,0.0,0.0
"Alpro Fermentiertes Sojaprodukt, Erdbeere, Skyr style 400g",84.0,5.2,8.5,3.0,1.2
Protein Blueberry,71.0,10.0,6.4,0.2,0.0
Black Pepper Savoury Crackers,499.0,8.2,62.5,23.4,0.0
NESQUIK Poudre cacaotée boîte 1Kg + 20% offert,386.0,5.1,78.9,3.6,7.7
Lightly sea salted,505.0,6.2,57.1,27.5,2.0
Bonne Maman Strawberry Intense,162.0,0.5,39.0,0.1,1.6
The Great Tiger Bloomer,243.0,8.28,46.9,1.72,3.45
Naked Bacon,257.0,29.4,1.0,15.1,0.1
Worcester sauce,90.0,1.0,21.6,0.0,0.0
HIGH PROTEIN Quark,67.0,12.4,3.2,0.5,0.03
Battered Chunky Fish Fingers,234.0,9.1,43.9,1.7,3.2
Fjord nature 125 g x 4,118.0,3.1,3.9,10.0,0.0
Pain de mie 7 céréales et graines,280.0,8.7,44.0,6.5,5.3
Pure Vegetable Oil,893.0,0.0,0.0,93.3,0.0
Oatgurt greek style,145.0,3.3,10.0,10.0,0.9
Honey Roast Crunch,450.0,11.0,63.0,15.0,8.8
Granola chocolat noir - faible en sucre,460.0,11.1,65.4,13.3,16.9
Huel Ready-To-Drink - Banana,80.0,4.0,6.7,3.8,1.4
Skyr sans lactose à la myrtille et à la framboise,57.0,9.8,4.1,0.2,0.0
Salt & Vinegar flavoured rice cakes,417.0,6.94,75.0,8.33,2.78
Schinkenspicker Schnittlauch,149.0,2.75,13.1,11.4,8.88
Perle de lait,111.0,3.2,3.7,8.9,0.0
Manuka Honey,350.0,0.1,86.9,0.1,0.5
Barbecue lentil chips,469.0,10.0,61.4,20.0,2.86
Crem,0.0,0.0,0.0,0.0,0.0
Leerdammer original 16 tranches 400g,352.0,26.0,0.1,27.5,0.0
Tortillas de avena 51%,287.0,15.0,40.0,6.0,5.4
Lays,513.0,6.2,55.0,29.0,5.2
Polpa Finely Chopped Italian Tomatoes,22.0,1.1,3.8,0.1,0.8
Bran flakes M&S,359.0,12.0,64.0,2.5,16.0
Spring Water,0.0,0.0,0.0,0.0,0.0
شاي,0.0,0.0,0.0,0.0,0.0
Campagnard Sans gluten et sans lactose,240.0,4.2,40.0,4.3,12.0
le blanc nature 900g araai,234.7,4.9,4.9,23.5,0.0
vamos,451.0,4.5,70.6,14.6,0.0
stic,0.0,0.0,0.0,0.0,0.0
Lentil Dhal Soup,57.0,2.4,6.3,1.7009999999999998,3.21
Pineapple juice. Saft Ananas Saft,50.0,0.4,11.5,0.0,0.2
Pom'potes sans sucres ajoutés,56.0,0.5,11.0,0.5,1.3
Panzani spaghetti 500g,361.0,12.0,72.0,2.0,3.6
Cracotte framboise,375.0,5.0,80.0,4.9,1.8
Lait concentré sucré en tube Format Économique ♦,328.0,8.0,56.0,8.0,1.0
Milk Hazelnut,576.0,7.2,55.2,37.2,3.2
Bonduelle taboule poulet roti 300g,177.0,6.5,19.0,8.0,2.5
Ultra-Concentré Réglisse Anis,26.0,1.8,2.7,0.9,0.0
St Amand Eau Minérale Naturelle 1L5,0.0,0.0,0.0,0.0,0.0
Filets de maquereaux Escabèche,224.0,11.0,2.3,19.0,0.0
Sablés bio chocolat noir intense,477.0,7.0,62.0,21.0,5.8
Petits Muffins Chocolat,464.0,5.07,50.7,26.1,2.9
le Brie.as,347.0,17.0,0.5,31.0,0.0
Biscuits Farine de Blé et Graines de Sésame,484.0,9.4,62.0,21.0,4.6
Son d'Avoine Bio,353.0,16.0,50.0,6.5,15.0
Yaourt à la GRECQUE NATURE,107.0,3.2,4.4,8.5,0.0
Paëlla royale aux petites gambas et au safran,98.0,5.4,13.0,2.5,0.8
20 madeleines longues aux œufs frais,445.0,6.1,55.0,22.0,0.0
Flakes de sarrasin,391.0,15.0,72.0,3.5,5.6
Matin léger sans lactose 0% MG,34.0,3.3,4.8,0.2,0.0
La Gâche Tranchée,348.0,8.5,50.0,12.0,0.0
mousse au chocolat,323.0,7.5,15.0,25.0,3.8
Cioccolato Nocciole intere,569.0,8.9,45.0,38.0,0.0
Cream of Chicken soup,53.0,1.6,4.9,3.0,0.1
Napolina Extra Virgin Olive Oil 500Ml,823.0,0.0,0.0,91.4,0.0
Innocent jus tutti frutti 900ml,44.2,0.0,11.0,0.0,0.0
Strawberries & Bananas,48.0,0.53,12.1,0.05,1.1
Marrakech orange 1l,50.0,0.7,11.0,0.0,1.2
Crunchy Maple Syrup,458.0,7.9,64.6,17.1,6.0
Rostoy melocotón 1l,55.0,0.3,13.3,0.0,0.0
Agua mineral grande,0.0,0.0,0.0,0.0,0.0
Buldak Original,379.0,8.57,60.7,11.4,1.43
raw fruit & nut bar,368.0,6.6,56.0,11.0,9.5
Danpak Spreadable Lighter,516.0,0.2,0.2,57.0,0.0
What The Cluck Vegan Chicken Style Chunks,142.0,21.0,2.9,3.6,6.2
Thon a huile végétale,363.0,20.3,1.26,32.8,0.0
Rosemary & sea salt Flatbreads,432.0,8.8,63.2,14.4,7.2
Blackcurrant Flavored Drink with Nata de Coco,50.0,0.0,12.0,0.0,0.5
Dolca chocolate negro,515.0,5.7,58.4,27.2,6.9
gnocchi di patate,159.0,5.0,33.0,0.4,1.6
Sea Salted popcorn,440.0,9.0,57.0,17.0,11.0
Colman's Tartar Sauce,297.0,1.0,17.0,25.0,0.0
Huile d'olive vierge extra - Il Biologico,828.0,0.0,0.0,92.0,0.0
Krit crackers,466.0,7.602,65.0,19.0,0.0
Fiorentina Sourdough Pizza,230.0,8.8,29.0,8.4,1.8
Greek Feta,277.0,16.7,1.67,23.0,0.0
Lightly salted tortilla chips,474.0,6.8,62.2,20.7,5.9
Biscuits caramel épeautre,437.0,9.2,62.0,15.0,8.5
NESTLE DESSERT Noir Bio 170g,566.0,6.2,46.5,37.9,6.7
Butter beans in water,108.0,6.9,14.8,0.7,7.3
Real mayonnaise,680.0,1.0,3.400000095,74.0,0.0
muesli superfruits,357.0,11.0,60.0,6.0,9.6
Coconut Classic,97.0,0.8,4.9,8.1,0.5
Sucre arome fleur d’oranger,0.0,0.0,0.0,0.0,0.0
Donut milky,441.0,5.46,51.79,23.59,0.0
Chips saveur beurre salé,522.0,6.3,53.0,31.0,4.8
Tomato purée,85.0,5.0,13.5,0.5,4.0
Almond Butter + Puffed Quinoa Dark Chocolate,597.0,10.3,36.7,43.3,9.33
Aranciata Rossa (orange sanguine),38.0,0.1,8.9,0.0,0.0
Boursin végétal ail & herbes,260.0,2.0,12.5,21.5,4.0
Crispy skinny fries,146.0,2.3,22.0,5.0,2.8
Pain de mie complet Grandes Tranches,259.0,9.2,42.0,4.7,6.4
Cool Sour Cream & Chive,392.0,9.28,80.4,3.09,2.06
Pampers complete clean aloe Vera,0.0,0.0,0.0,0.0,0.0
Burger rústico,253.0,11.0,40.0,4.8,8.0
Yaos,127.0,3.9,4.4,9.9,0.0
"1,5L SCHWEPPES INDIAN TONIC PE",19.0,0.0,4.4,0.0,0.0
Caramelised Onion & Balsamic Vinegar Pea & Bean Sticks,448.0,9.6,59.1,17.2,9.1
hala,900.0,0.0,0.0,100.0,0.0
Sticky Toffee Oat Boosts,407.0,6.5,44.0,19.0,16.0
Soft Bakes Blueberry,388.0,5.4,63.0,12.0,7.5
gervais le petit suisse,136.0,9.1,3.6,9.5,0.0
Coca-Cola Original 0.5,42.0,0.0,10.6,0.0,0.0
YAOURT GREC,102.0,2.2,15.4,3.5,0.0
Lentilles,88.0,6.6,13.0,0.5,3.8
Natural yogurt,81.0,5.1,6.6,3.8,0.5
Extra virgin olive oil,823.0,0.5,0.5,91.5,0.5
Smoky Roasted Red Pepper Houmous,213.0,5.9,9.5,16.1,3.2
Greek Yogurt Nonfat Plain,52.9,9.41,3.53,0.0,0.0
Müsli Multifrucht,346.0,9.1,60.8,5.3,9.4
Pur jus citron bio,28.0,0.5,1.7,0.5,0.0
Palets Bretons au beurre,505.0,6.6,63.5,25.9,0.0
"Fromage blanc 3,2% MG",75.0,7.7,3.9,3.2,0.0
Paradizniki suseni lidl,138.0,7.0,20.0,0.7,6.0
Lait Demi-Ecreme 1L,350.0,12.0,67.0,2.2,7.0
Tomapizza,47.0,1.5,6.5,1.4,1.2
Volvic zest citron,4.0,0.0,0.9,0.0,0.0
Miel de fleurs Crémeux Pot Plastique 500g,0.0,0.0,0.0,0.0,0.0
"Bonne Maman - Madeleine Milk Chocolate, 300g (10.6oz)",458.0,6.1,47.0,27.0,0.0
"Bonne Maman - Le petit Quatre-Quarts pur beurre, 300g (10 sachets fraîcheur)",433.0,6.0,46.7,24.0,1.67
Sandwich le méga - Poulet rôti oeuf x3,273.1835564,9.6,30.0,12.0,3.5
Penne au saumon et crème d'épinards,135.0,6.6,16.0,4.7,0.9
Pj pomme pet 1l,48.0,0.0,12.0,0.0,0.0
Galettes au riz complet BIO 130g,386.0,8.4,80.6,2.7,2.8
Sirop de grenadine,337.0,0.0,83.2,0.0,0.0
Monster Munch - Produit soufflé à base de pomme de terre goût salé,482.0,4.4,66.0,22.0,2.4
Le Léger 20%MG Doux Barquette,214.0,0.3,8.1,20.0,0.0
Chips Paysanne,530.0,6.0,51.0,34.0,4.0
La madeleine coque chocolat noir,461.0,5.3,50.0,26.0,2.8
Бял шоколад,534.0,4.2,65.0,28.0,0.0
Bio Vollmilch-Schokolade,564.0,7.2,52.7,35.7,0.1
Coop Irresistible Super Seeded Farmhouse,284.0,11.0,40.0,7.5,6.9
Vegetable Soup,47.0,1.1,8.3,0.8,0.9
Green Giant Sweetcorn,77.4,2.4,12.6,1.2,3.0
Italian Finely Chopped Tomatoes,25.0,1.4,4.0,0.2,0.9
Tunnocks Teacakes 6pk al anhar,442.0,4.17,62.1,19.2,2.5
Sensational Soya & Linseed Bread,241.0,12.0,34.0,5.1,6.6
"Pur jus de 6 fruits pressés myrtille, cassis, pomme, cranberry",45.3,0.333,11.3,0.333,0.333
Céréales Extra Pepites Kellogg's Choco Noisettes,497.0,8.0,57.0,25.0,5.8
Sesame oil,900.0,0.0,0.0,100.0,0.0
& Mollica Black Olive Grissini,416.0,9.6,68.0,11.0,3.2
Gaufres de Liège perles de sucre,442.0,5.11,55.6,22.2,0.889
Manteiga Açoriana,742.0,0.5,0.5,82.0,0.0
Daya,75.0,2.3,14.0,1.2,0.0
saif banane jaouda 250gr,76.0,2.3,13.7,1.4,0.0
Pufuleti,379.0,12.0,69.0,5.3,3.7
Classic extra virgin oil,828.0,0.0,0.0,92.0,0.0
La Buena María Original,437.0,7.6,76.0,11.0,2.1
Ita Isabel Tu?czyk w Pomid. 80gW&quot;,155.0,17.0,2.7,8.5,0.0
Barritas de trigo y arroz integral con chocolate con leche,345.0,6.5,54.0,9.9,7.4
Finas lonchas,102.0,11.3,7.1,3.2,0.0
Chicken stock cube,315.0,22.5,22.5,22.5,22.5
Vegetable Flavour,0.0,9.1,63.0,19.0,3.9
Noix du Bresil,683.0,16.0,4.0,66.0,0.0
Protein Bar,369.0,50.0,25.3,10.9,0.0
"Tartine p,tit dej",287.0,9.0,49.0,4.9,5.3
LOTUS BISCOFF Speculoos Original Pocket - 186g (12x2p),484.0,4.9,72.6,19.0,1.3
Petites madeleines aux œufs saint Michel,469.0,6.2,52.0,26.0,1.2
Biscottes sans sucres ajoutés,400.0,11.0,75.0,4.5,8.7
Bravo crem,259.0,3.3,7.4,24.0,0.0
Cocoa powder,368.0,19.5,11.1,21.0,28.3
Wraps de Blé Nature,299.0,9.1,53.2,5.2,1.0
Соленые огурцы Augurken Cornichons zoetzuur/aigres-doux,33.0,1.0,7.1,0.1,1.5
Buko - Der Sahnige,252.0,4.5,3.0,25.0,0.0
Boulgour tradition,349.0,14.0,64.0,2.4,11.0
Invigorate,53.0,1.3,11.0,0.11,0.93
Pain de mie complet sans croûte,264.0,11.0,42.0,4.3,6.5
"Hazelnut, Caramelised Cashew & Pistachio Milk Chocolate",591.0,9.5,39.8,42.8,4.5
Red pepper houmous,223.0,5.9,11.0,16.3,4.5
Cheerios,359.0,12.8,74.4,6.41,10.3
Biscotti Pan di Stelle,485.0,7.8,64.0,21.0,4.2
Root Vegetables,523.0,6.7,40.1,35.1,10.1
Concentré de Tomates,96.0,4.2,17.0,0.2,0.0
KEFIR YOGURT Passion Fruit Mango and Papaya,77.0,4.8,6.5,3.4,0.0
All purpose,0.0,0.0,0.0,0.0,0.0
Crunchy cream,547.0,3.7,59.4,32.4,1.6
Magarine 30%fett,251.0,0.5,0.5,28.0,0.0
Cheese Twists,527.0,12.1,53.5,28.7,3.3
HERTA LE BON PARIS Jambon à l'étouffée sans nitrite x6 -210g,109.2,21.0,0.9,2.4,0.0
Corn Cakes,390.0,7.9,87.8,0.8,0.4
SO Organic Tomato Ketchup,98.0,1.2,22.1,0.5,1.3
Quadro l'original,527.0,6.6,56.0,30.0,3.2
Riz au curry et légumes,167.0,3.3,30.0,3.4,1.4
Danone assil saveur coco,0.0,0.0,0.0,0.0,0.0
Rainbow Salmon Poke,161.0,5.65,25.1,4.24,0.7070000000000001
Takis Fuego,486.0,5.2,51.0,27.0,8.5
Copos tostados de trigo integral y arroz con chocolate,397.0,8.6,71.0,6.6,9.1
High protein mango,51.0,7.4,4.3,0.2,0.5
Tortilla Wraps Vollkorn,290.0,9.4,52.0,4.4,2.8
Jamila Maxi,70.0,1.6,11.4,1.3,0.0
Tabasco -  Red Pepper Hot Sauce,16.0,1.0,1.6,0.7,1.3
Triscuit Cracker,429.0,10.7,71.4,12.5,10.7
Panda Brand Oyster Flavoured Sauce,113.0,1.2,27.0,0.5,0.0
Big Mac,228.0,11.6,18.1,11.6,1.64
Œufs frais plein air,140.0,13.0,0.5,9.8,0.0
Roasted Cashew-Peanut-Mix Honey & Salt,533.0,14.7,43.2,32.4,5.0
IAURT CREMOS în stil GRECESC,123.0,3.7,4.5,10.0,0.0
Sardines huile d olive vierge,227.0,23.0,0.0,15.0,0.0
Menier Pâtissier Tablette,521.0,7.1,52.7,29.3,8.7
Lentilles Vapeur,116.0,8.7,16.0,0.4,6.8
Sirop citron vert et menthe,143.0,0.2,31.2,0.0,0.0
HERTA bacon 15T - 150g,110.1,21.0,0.0,2.9,0.0
Sélégerme,355.0,37.0,27.0,7.0,18.0
"Gerblé - Sesame Chocolate Cookie, 200g (7.1oz)",471.0,10.0,60.0,20.0,5.6
Barre amande,420.0,7.9,67.0,13.0,4.1
PUR ARABICA DES PETITS PRODUCTEURS l'original,0.0,0.0,0.0,0.0,0.0
Boisson Amande,29.0,0.5,4.6,1.2,0.0
Huile d'olive Bio BO 75cl,900.0,0.0,0.0,100.0,0.0
Petits pains grillés au blé complet 400g,408.0,10.0,66.0,10.0,6.9
Boisson soja nature,40.0,3.8,1.4,2.1,0.6
Filets de maquereaux au naturel,229.0,19.0,0.0,17.0,0.0
Formule boost,465.0,21.0,32.0,27.0,7.3
Framboise Passion,82.0,3.7,11.8,2.1,0.0
Tarama Extra,483.0,8.1,7.8,46.5,0.6
La Tajine de Boeuf et ses Légumes du Soleil,118.0,5.0,12.0,5.2,1.7
Parmentier de Poisson à la Ciboulette,121.0,6.5,11.0,5.4,1.1
Purée de Pois Cassés,104.0,6.5,12.0,2.4,4.7
Blé tendre cuisson 10 min Ebly 1kg,135.0,4.7,26.9,0.5,2.2
Petits Pains Grillés Au blé complet,414.0,12.0,68.0,6.3,6.3
Muffins complets,209.0,12.4,33.0,1.5,6.8
Frites Crousti' Express La classique,257.0,4.0,28.0,13.0,6.0
Ginger Nuts,461.0,5.8,71.3,16.5,2.3
Knorr All Purpose Seasoning Aromat,146.0,13.0,16.0,3.5,0.6
WALKERS  SALTED,517.0,6.4,52.0,31.0,3.9
Lime & Coriander Chutney Poppadoms,487.0,6.4,58.2,25.0,2.0
Creamy superfast oats,368.0,11.5,58.0,8.5,11.5
Country Crisp 4 Noix,465.0,11.0,58.6,20.0,6.1
Silken tofu,56.0,7.1,0.6,2.6,0.9
Cheddars Original Biscuits,533.0,10.6,46.8,33.0,2.8
Fanta orange,48.0,0.0,11.8,0.0,0.0
Crunchy Cranberry & Raspberry - Santé,422.0,3.7,72.0,13.0,2.6
Muștar de Masă,91.0,4.0,8.3,4.6,0.0
Daya mini Avocat,74.3,2.1,14.0,1.1,1.0
Conikos fromage,494.1,4.5,59.0,26.1,2.8
Yaourt ferme,100.0,3.8,15.5,3.0,0.0
Le Bon Paris Au Torchon conservation Sans Nitrite,105.0,20.0,0.5,2.5,0.5
NESTLE NESQUIK BIO Céréales 375g,374.0,9.1,75.2,2.1,8.7
Passata verace,35.0,1.2,6.3,0.1,1.1
Boisson avoine naturel,52.0,0.9,8.2,1.6,0.0
Pan Goccioli,334.0,8.3,46.0,12.0,4.8
Edulcorante de Mesa a Base de Ciclamato y Sacarina,29.0,0.9,2.1,0.0,8.3
Gazpacho fresco,75.0,0.6,2.5,7.0,0.9
Soft White Bread,234.0,9.4,41.9,2.2,4.7
La brandade de Morue parmentière gratinée,148.0,8.2,9.9,8.1,0.0
Paxo Sage & Onion Stuffing Mix,122.0,3.78,22.4,1.56,2.22
Petits Pois et Carottes 1/2,59.0,3.6,7.6,0.7,4.2
Brassé abricot mchmach,107.0,3.5,18.0,2.8,0.0
Poudre de cacao,323.0,23.1,11.8,11.7,0.0
Hummus con pimiento del piquillo asado,313.0,5.7,10.7,26.0,6.3
Milk Roll Sliced White Bread,248.0,9.4,45.0,2.8,2.4
Cruesli miel et noisettes,460.0,7.5,63.0,18.0,9.4
Poulain Bio 34 % de cacao,366.0,7.8,69.0,3.7,12.0
Panier de Yoplait - Fruits rouges,91.0,3.2999999523163,12.5,2.2999999523163,0.0
Ketchup Lesieur 250 g,114.0,0.9,26.0,0.0,0.0
State Baked Pretzels Sour Cream & Chive Flavour,414.0,10.0,71.0,9.2,3.7
Wholewheat Penne,145.0,5.7,27.4,0.6,3.9
kefir,50.0,3.4,4.7,2.0,0.0
Organic cacao nibs,633.0,13.0,15.0,56.0,10.0
Le Parmentier de Boeuf Charolais purée à la crème fraîche,137.0,9.2,9.7,6.5,1.2
Saint Moret bio,238.0,6.2,3.7,22.0,0.0
St Hubert Oméga 3 demi sel,468.0,0.0,0.0,52.0,0.0
Healthier Oil for Cooking (Red Palm Fruit & Rapeseed Oil),828.0,0.0,0.0,92.0,0.0
Lemon juice,20.0,0.5,15.0,0.5,0.5
Mangostreifen getrocknet,330.0,2.67,71.0,1.67,7.67
Nudeln Spaghetti,359.0,12.0,72.0,1.9,3.0
Ain saiss,0.0,0.0,0.0,0.0,0.0
Cannellini Beans,88.1,7.49,13.3,0.596,6.38
Bio et équitable,0.0,0.0,0.0,0.0,0.0
Fluffy Milky,431.0,6.17,49.5,23.13,0.0
Hüttenkäse Original,86.5,12.3,1.5,3.2,0.0
Thon Entier à l'Huile Végétale,0.0,0.0,0.0,0.0,0.0
Nuts & seeds muesli,381.0,11.5,59.8,8.7,8.8
Panecillo 100% integral,235.0,9.2,42.6,1.5,7.2
Gullon zero Snack Choco,454.0,8.0,56.0,24.0,9.2
Ristorante Pizza Mozzarella,244.0,10.0,23.0,12.0,1.6
Pringles classic paprika,519.0,6.5,56.0,29.0,3.9
Smooth Orange with no Bits,40.7,0.8,9.33,0.0,0.0
Sauce tomates cuisinées,51.0,1.4,5.3,2.3,0.0
"H-Vollmilch 3,5 % Fett",64.0,3.32,4.8,3.52,0.0
Yellow Label,4.0,0.5,0.5,0.5,0.0
Breton,507.0,5.5,56.0,29.0,0.0
Sauce soja salée,63.0,9.1,2.1,0.5,1.0
fondiz slices 24p,0.0,0.0,0.0,0.0,0.0
Pistacho tostado 0% sal,616.0,21.6,11.0,52.5,11.4
Hipro façon stracciatella,56.9,9.38,3.5,0.5,0.0
Ghayt Eau de Table,0.0,0.0,0.0,0.0,0.0
Spicy Mexican Rive,159.0,3.8,29.0,3.0,1.5
سيرجيو كبيرة,541.0,1.94,65.0,30.0,0.0
Tropico,30.0,0.0,7.2,8.0,0.0
Browny,348.0,3.84,44.0,17.26,1.3
Chocodays,372.0,8.0,70.0,4.8,7.6
Apă minerală naturală plată,0.0,0.0,0.0,0.0,0.0
Bebida Choco Avena,44.0,1.2,5.1,1.9,1.0
Organic soya drink,32.0,3.2,0.8,1.6,0.6
Wafer Sandwich,0.0,0.0,0.0,0.0,0.0
Greek style live yogurt,117.0,3.2,3.5,10.0,0.5
Californian Pistachios - Roasted & Salted,605.0,26.5,10.3,49.2,7.6
Poivrons grillés,39.0,0.6,6.8,0.5,0.9
Früchte Hafer-Müsli,341.0,8.2,63.8,4.0,8.4
Mackrel Fillets in spicy tomato sauce,165.0,13.3,7.2,9.2,0.0
Maïs doux croquant Bio,77.0,2.4,12.6,1.2,3.0
Mikado chocolat au lait,484.0,6.8,68.0,20.0,3.3
Bolognaise,82.0,4.5,6.9,3.7,1.5
"BN - Cookies - Mini Strawberry x 5, 175g (6.2oz)",431.0,5.3,74.3,12.4,2.4
Tajine de Légumes Grillés 1/2,77.0,1.4,8.3,3.8,1.8
Fruit shoot tropical,23.0,0.0,5.2,0.0,0.0
CHAUSSEE AUX MOINES 450g,305.0,20.0,0.0,25.0,0.0
oasis,34.0,0.1,8.3,0.0,0.0
Tartine demi-sel 100% végétal,495.0,0.0,0.0,55.0,0.0
sucre cassonade,400.0,0.0,100.0,0.0,0.0
Pain d'épices miel,329.0,3.2,75.0,1.0,3.6
Amora Moutarde Mi-Forte Verre de Table 230g,271.0,5.9,2.6,25.0,2.6
Panés de poulet x2,219.0,12.0,17.0,11.0,2.0
St hubert omega 3 750 g doux grand format,468.0,0.0,0.0,52.0,0.0
FITNESS Cerealien,366.0,9.4,72.2,2.1,10.7
Beurre moulé demi sel,726.0,0.8,0.6,80.0,0.0
Eau De Source De Montagne,0.0,0.0,0.0,0.0,0.0
Galleta de mantequilla,441.0,8.0,73.0,12.0,3.3
primfrais,255.0,4.5,3.0,25.0,0.0
10 Œuf frais,140.0,12.0,0.7,9.9,0.0
Chocolat noir aux écorces d'orange,524.0,5.1,52.0,31.0,8.5
Doritos Cool Original 180g,498.0,5.9,58.1,25.5,5.6
Tomato and Chilli,62.0,1.4,6.9,3.0,0.7
The Original Irish Cream,327.0,3.0,25.0,13.0,0.0
Fine cut Oxford marmalade,250.0,0.5,61.0,0.5,0.0
Innocent Smooth Orange Juice,35.0,0.7,7.8,0.5,0.7
100% oranges sans pulpe,35.0,0.7,7.8,0.5,0.7
Double Cream,467.0,1.5,1.6,50.5,0.0
Pure Squeezed Orange Juice Smooth Not From Concentrate,43.0,0.6,10.0,0.0,0.0
Kellogg's Tresor,437.0,7.0,69.0,14.0,3.5
Oat Original,61.0,0.3,7.9,3.1,0.0
Yaourts Brassés aux Fruits fraise,116.0,0.0,18.8,2.7,0.0
Yaourt au lait de chèvre,63.0,4.0,5.0,3.0,0.0
Jibal mangue,96.0,2.7,15.5,2.6,0.0
chocolat NESTLE DESSERT Noir 2X205g,551.0,5.9,50.6,34.6,7.2
Milk Chocolate Large Bar,529.0,5.5,61.2,28.4,2.45
Caramelo,545.0,4.3,56.0,33.0,1.2
Mozzarella mini,233.0,19.0,1.0,17.0,1.0
Tablette Kinder Chocolat Chocolat au Lait x16 -200g,566.0,8.7,53.5,35.0,0.0
Più integrali,452.0,8.0,59.1,18.0,11.0
Nutella Hazelnut Spread With Cocoa,0.0,6.0,57.6,31.6,3.4
Pan de molde integral,248.0,10.0,41.4,4.14,5.86
Cereales de chocolate y avellana,429.0,6.2,69.0,13.0,5.2
Atún Claro en Aceite de Girasol,245.0,21.0,0.9,18.0,0.0
Zumo pura naranja con pulpa,44.0,0.7,9.9,0.1,0.8
Pechuga de pavo bajo en sal finas lonchas,76.0,16.5,1.3,0.5,0.0
Pate d'arachide,634.0,26.0,8.0,53.0,0.0
Demae Ramen - Chicken,0.0,0.0,0.0,0.0,0.0
Spicy Ramen,393.0,9.29,60.7,12.1,2.86
MONT BLANC Chocolat,125.0,3.4,19.0,3.6,1.4
SUPER SMOOTH PORRIDGE,373.0,12.0,57.6,8.7,7.9
Raw Fruit & Nut Bar,377.0,7.0,56.0,12.0,8.4
Super Soft Seeded Wraps,284.0,8.55,48.5,4.84,6.29
Raw Fruit & Nut Bars - Bakewell Tart,398.0,7.9,52.0,15.7,7.7
Unt de masă,587.0,0.5,0.0,65.0,0.0
100% cacao maigre non sucré,330.0,28.0,15.0,11.0,31.0
Crema con avellanas,534.0,2.0,63.0,30.0,2.0
Mineral Water,0.0,0.0,0.0,0.0,0.0
Kelderman Dutch Stone Baked Rye Bread 9 Slices,223.0,7.5,44.0,0.8,0.0
Belvoir Farms Raspberry & Lemon Cordial,17.0,0.0,4.1,0.0,0.0
6 crumpets,99.0,3.3,19.9,0.4,1.3
Red Bull Energydrink,46.0,0.0,11.0,0.0,0.0
2 Tikka Masala Paste Pots,270.0,3.0,7.8,22.9,0.0
Linguine- Pâtes alimentaires de semoule et de blé dur 500G,347.0,13.0,64.0,2.5,8.0
100% peanut butter smooth,607.0,27.3,12.0,47.3,9.33
Lightly Salted Rice Cakes,381.0,8.9,77.2,3.2,4.1
Pancakes,305.0,6.4,42.0,12.0,0.0
Viennois chocolat,155.0,3.1,17.3,8.0,0.0
Sauce crudités nature,287.0,0.9,4.4,29.0,0.0
Activia rhubarb,89.0,3.9,12.0,2.8,0.0
Pâte à tartiner aux noisettes et au cacao,551.0,6.7,53.0,34.0,3.3
Magadascan Vanilla,97.0,1.1,14.0,3.9,0.5
Brioche Chocolat,352.0,5.9,55.0,11.0,5.3
Quality Street,468.0,3.3,67.2,20.2,1.4
Sundried Tomato & Oregano Bread with Sourdough,240.0,7.6,43.6,2.7,5.2
Peanut butter bars,397.0,7.33,36.7,22.7,15.3
HERTA LE BON PARIS Jambon sel réduit x4 - 140g,106.5,21.0,0.0,2.5,0.0
Srop de yacon,197.0,2.1,24.9,0.0,54.0
This isn't pork sausages,204.0,11.0,9.1,14.0,4.3
Hafer Barista,53.0,0.8,5.4,3.0,0.5
50G RICOLA FRAMBOISE MELISSE,239.0,0.0,98.0,0.0,0.0
Special k chocolat au lait,410.0,7.7,81.0,5.0,5.3
CRUMPET THINS,191.0,6.25,38.4,0.938,2.19
ketchup,86.0,1.6,22.0,0.0,0.0
"Beurre de cacahuètes, 350g",595.0,29.0,15.0,45.0,7.9
Irische Butter,746.0,0.6,0.7,82.3,0.0
Skyr à Boire Goût Fruits Rouges,61.0,6.0,8.7,0.2,0.0
crema di arachidi,617.0,25.8,14.0,49.0,8.2
100% integral,223.0,9.1,38.0,2.5,0.0
Veggie Straws,477.0,8.64,59.1,20.9,4.55
Biscuits au Germe de Blé Soja et Orange,457.0,11.0,65.0,16.0,4.4
Natural 100%,250.0,11.0,42.0,3.2,6.1
Tomates Cerises,19.3,0.86,2.49,0.26,1.2
vamos marshmellow white,494.0,5.5,69.6,23.4,0.0
Raw & Unfiltered Honey,286.0,0.0,81.0,0.0,0.0
Baked Beans in Tomato Sauce,80.0,4.2,13.1,0.5,3.6
Scottish Whole Rolled Oats,362.0,10.2,60.5,7.0,8.25
La boule bio,0.0,0.0,0.0,0.0,0.0
Tropical Granola,442.0,9.33,62.2,15.3,8.89
Bouillon de Poule,5.0,0.5,0.5,0.5,0.5
Sablé des FLANDRES,460.0,6.7,75.0,14.0,2.5
Flanby,97.0,2.8,19.6,0.7,0.1
Kango,530.0,5.3,57.0,30.0,3.1
Farine de blé T45,335.0,8.4,70.9,1.1,4.0
Grimbergen Blonde,54.0,0.6,3.7,0.1,0.0
Blanc de Dinde - Doré au Four,102.0,22.0,0.5,1.3,0.0
eau de source,0.0,0.0,0.0,0.0,0.0
Bâtonnets de surimi,119.0,7.5,9.5,5.3,1.6
St Môret Léger 8% MG,132.0,10.0,5.0,8.0,0.0
Biscottes Aixoises,410.0,12.0,72.0,6.0,4.4
Le Beurre De Condé-Sur-Vire Doux,744.0,0.7,0.8,82.0,0.0
Pois chiches,123.0,6.9,16.0,2.1,6.1
Spécial mie Complet,220.0,8.4,36.0,3.1,7.1
Mayonnaise à la moutarde de Dijon,286.0,0.7,8.6,28.0,0.5
Chocolat noir 98 % Équateur,620.0,14.0,13.0,54.0,14.0
Bruschette Chips Pizza Flavour,453.0,9.1,71.0,14.0,3.3
bolognese sauce,45.0,1.3,7.9,0.6,0.0
Nusskernmischung,644.0,20.0,11.0,57.0,5.7
Tofu rosso olives et tomates,237.0,17.0,5.0,16.0,0.0
Clover margerine,587.0,0.7,1.0,64.5,0.0
Mature Lighter,310.0,29.1,0.1,21.5,0.0
Tahini,666.0,26.4,4.1,58.7,8.0
Weetabix Chocolate 24s - Tesco imp,368.0,10.1,67.9,4.0,10.0
Organic black beans,72.0,5.3,8.0,0.6,6.9
Granola Cinnamon & Pecan,490.0,8.6,46.0,29.0,9.1
sprite 500ml,19.2,0.0,4.4,0.0,0.0
Yaourt Jnane,102.0,10.0,14.0,0.10000000149012,0.0
Thon a la sauce tomate,175.0,33.0,0.96,4.4,0.0
Valencia 100% jus orange 1l,50.0,0.7,10.9,0.0,0.0
Pain grille,389.0,12.0,72.0,4.8,4.1
Belvita petit déjeuner,438.0,7.8,66.0,14.0,6.1
Chocolate con leche Oreo,564.0,5.4,56.0,34.0,1.4
соус оливковый барилла на банете,77.0,1.9,6.2,4.5,2.1
Buongrano Integrale,447.0,9.41,63.5,16.5,82.4
Rosti,190.0,2.0,26.0,8.0,3.0
fanta tops pomme 1.5l,0.7,0.0,0.0,0.0,0.0
Cardella Spaghetti,352.0,11.2,0.0,0.16,0.0
sweet chilli sauce imp,230.0,0.6,55.1,0.7,0.0
Puck,325.0,7.5,2.5,32.5,0.0
Atún Gran Sabor Isabel,198.0,27.0,0.0,10.0,0.0
Leerdammer L'Original 16 tranches,352.0,26.0,0.10000000149012,27.5,0.0
Sauce Tomate aux légumes grillés,51.0,1.3,5.5,2.3,1.3
Beta3 Oatbran,364.0,16.0,48.2,7.6,19.4
Protein Knäcke Kürbiskern,461.0,33.0,31.0,21.0,7.8
HAZELNUT CHOCOLATE SPREAD,561.0,6.1,50.2,36.5,3.2
Passionfruit & Mango Mochi Ice Cream,215.0,1.25,31.2,9.06,0.0
Galletas de canela,468.0,6.4,71.0,17.0,2.9
Colin d'Alaska MSC - 7 Céréales & Graines,196.0,13.0,19.0,7.2,1.6
Pack Sucre en Poudre 650g,400.0,0.0,100.0,0.0,0.0
Krisprolls Complets Sans sucres ajoutés,400.0,13.0,68.0,6.6,8.3
Tesco Soft Cheese 50% less fat,157.0,9.7,4.9,11.0,0.0
Crisp rice,385.0,7.9,84.8,1.3,1.6
The vert de chine,1.0,0.1,0.2,0.0,0.0
Cacao & Orange 5 Raw Fruit & Nut Bars,426.0,9.14,60.3,14.3,8.29
Cannellini Beans In Water,90.0,5.9,12.0,0.6,5.8
Salted dark chocolate almonds,566.0,12.0,31.0,43.0,7.6
Leka Cream,0.0,3.6,60.6,30.2,0.0
Flan pâtissier,125.0,3.0,25.0,1.5,0.1
Huile d'Olive Vierge Extra Sans Résidus de Pesticides,900.0,0.0,0.0,100.0,0.0
Pain complet au sarrasin,224.0,7.5,33.0,3.6,15.0
Mackerel fillets,163.0,14.4,3.65,10.2,0.0
Soya Blueberry soijajogurtti,72.0,3.6,9.9,1.8,1.0
Crema Balsamico Classic,228.0,0.6,54.0,0.0,0.0
"Mature Cheddar, Strength 3",416.0,25.4,0.1,34.9,0.0
Sourdough Crumpets,173.0,5.64,34.5,0.545,2.73
Omega-3 Fish Fingers,191.0,11.6,17.1,8.2,1.2
Sauce basilic aux tomates fraîches de saison,62.0,1.6,8.0,2.3,1.3
Muesli Crunchy fruits rouges,453.0,9.3,61.0,17.4,7.5
Velouté Vanille,0.0,0.0,11.4,2.85,0.0
Taste of Gorgeous Green,99.0,6.1,12.6,1.7,4.5
Almendra sin piel,619.0,22.8,6.9,54.0,10.6
Tomato Sauce for Bolognese,49.0,1.6,5.3,2.1,0.0
ICE PULPA CITRON,35.9,0.0,8.8,0.0,0.0
Plant Chef Soya Alternative To Plain Yogurt,42.0,4.7,0.0,2.3,1.1
vegetable fusion gyoza,173.1481481,9.259259259,27.592592592592602,3.5185185189999997,2.592592593
Korean Kimchi,15.0,1.5,0.8,0.5,2.9
Granola Bar Vanilla & White Cream,476.0,12.0,58.0,23.0,3.6
Tofu cuisiné pesto et graines de courges,199.0,14.0,6.3,12.0,4.0
Raspberry & Apple Soft Oaty Bars,411.0,7.5,55.0,15.0,13.0
Matin Miel,445.0,9.3,64.0,15.0,8.6
Oh my crisp ! - Noix,440.0,9.0,47.0,20.0,18.0
excelo,541.0,6.3,57.5,31.5,3.4
vache qui rit 64p,0.0,0.0,0.0,0.0,0.0
Sainsburys Basmati Rice,142.0,3.04,29.5,1.2,0.88
Chia Seeds,422.0,23.89999961853,2.400000095,27.70000076,0.0
Power Cakes Flapjack & Waffle Mix Buttermilk,349.0,23.8,58.7,3.97,7.94
Peeled Tomatoes in tomato juice,29.0,1.3,4.1,0.4,1.2
Tomatenpuree,94.0,4.7,15.7,0.5,5.04
28 bâtonnets de surimi,122.0,8.0,9.6,5.5,0.0
Ahornsirup,268.0,0.0,67.0,0.0,0.0
Crème fraîche gastronomique,291.0,2.3,2.9,30.0,0.0
Sablés sésame & pavot,490.0,8.6,59.0,23.0,6.5
Sablés Myrtilles Germes de riz,54.0,0.9,7.9,2.0,0.5
Financiers amandes,435.0,8.1,50.0,22.0,2.2
Sel de mer fin,0.0,0.0,0.0,0.0,0.0
L'original - Jus de pomme pétillant,46.0,0.0,11.5,0.0,0.0
Toetilla Chips Nature,472.0,6.6,64.0,20.0,4.0
Pâte à tartiner 18.5% Bio - 350g,538.0,7.6,53.0,32.0,3.8
Sardines sans arêtes au naturel,0.0,0.0,0.0,0.0,0.0
Vrai Fromage blanc 500g,76.0,7.2,3.7,3.6,0.0
Sauce Alger,457.0,1.5,20.0,41.0,1.0
Huile de noix 2 Flaschen,900.0,0.0,0.0,100.0,0.0
Truite Fumée des Pyrénées,155.0,22.0,0.5,7.3,0.0
Matin léger,43.0,3.3,4.8,1.2,0.0
Mélange japonais,413.0,9.6,72.0,8.7,3.9
Noix de cajou grillées sans sel,621.0,21.0,25.0,47.0,4.5
Nuts'n Berries,479.0,11.0,44.0,27.0,0.0
So Simple Apple And Blueberry imp,378.0,8.61,69.4,6.11,7.22
Chicken Stock cubes 8 x,7.0,0.1,0.5,0.5,0.5
Lime & Coriander Basmati Rice,134.0,2.48,23.4,3.04,1.12
Smooth Cashew Butter,659.0,21.0,19.0,56.0,4.3
Jus d'orange avec pulpe,36.0,0.7,7.8,0.0,0.85
Innocent jus ananas & fruit de la passion 900ml,43.0,0.38,10.0,0.01,0.45
Céréales Extra Pepites Kellogg's Chocolat au lait,484.0,7.0,62.0,22.0,4.9
Fromage fondu à tartiner,253.0,9.0,7.0,21.0,0.0
Le Nature,63.4,3.3,5.0,3.4,0.0
Oreo Enrobed White imp,507.0,4.88,63.4,24.4,1.46
Cacao puro en polvo desgrasado,375.0,26.0,16.0,16.0,32.0
Confitura de fresas 0% azúcares añadidos,42.0,0.4,12.6,0.2,1.8
Pan 5 semillas,274.0,11.0,45.3,4.6,5.1
Yogur Proteínas con Mango y Maracuyá 0%,56.0,8.3,5.8,0.2,0.0
Amora Moutarde Douce Verre 190g,198.0,5.2,5.7,16.0,2.1
Authentic Greek Yoghurt 0% FAT,62.0,10.0,4.9,0.2,0.5
Chocolate Salted Caramel Flavour Vitamin & Protein Bar,373.0,37.1,28.9,15.1,4.73
Essential waitrose wholewheat biscuits,358.0,12.0,68.0,2.0,10.0
COFFEE MATE AVELLANA,0.0,0.933,36.6,9.93,0.0
El Bellar the Best Selling Moroccan Green Tea 200G,0.0,0.0,0.0,0.0,0.0
Sourdough Crispbread,367.0,13.0,69.0,2.8,8.1
Muszynianka 1.5,0.0,0.0,0.0,0.0,0.0
Zest Défense,40.0,0.0,10.0,0.0,0.0
Énergie Chérie,43.0,0.18,10.0,0.01,0.0
Yaourt à boire sucré aromatisé,65.0,3.0,10.4,0.8,0.0
"Le petit suisse gervais nature 9,5% 60 g x 6",143.0,9.3,4.5,9.5,0.0
CHOPPED TOMATOES IN TOMATO JUICE,19.0,0.9,3.1,0.5,0.5
Pepsi Zéro Sleek 33 cl,0.4,0.0,0.0,0.0,0.0
Jolay,438.0,4.0,57.64,21.29,0.0
Fish fingers,218.0,12.0,21.0,9.4,0.9
Grec,102.0,2.1,13.3,4.5,0.0
Leader chips,586.3,6.6,54.8,37.8,0.0
Simply Granola,440.0,12.0,66.0,12.6,7.3
Olive Spread,413.0,0.1,0.5,45.5,0.5
Patak's Korma Paste Pots,228.0,3.0,14.8,15.4,0.0
Eau minérale salveta citron,1.0,0.0,0.0,0.0,0.0
Postre de chocolate proteínas,81.0,8.4,8.7,1.1,1.3
Steak végétal,221.0,17.0,13.0,10.0,5.4
Leche de coco,165.0,0.5,2.9,17.0,0.5
Frosted wheats,364.0,10.0,72.0,2.0,9.0
Délicimo,161.0,5.3,21.0,6.3,0.0
Burata,254.0,10.0,1.8,23.0,0.0
OUF! La pâte à tartiner Cacao Cacahuètes,256.0,7.3,33.0,9.5,4.7
MultiGraines,245.0,11.3,48.5,0.71,6.7
Harrys brioche tranchee farine complete sans additif 485g,336.0,8.5,47.0,11.0,7.5
Bio agave syrup,300.0,0.1,76.0,0.1,0.1
Cashew Crush Raw Fruit & Nut Bars,418.0,10.0,53.4,23.4,7.2
Smoked Humous,240.0,5.8,8.8,19.2,5.0
جودة شكلاط كراميل,0.0,0.0,0.0,0.0,0.0
Good Mayonaise imp,644.0,0.8,3.0,70.0,0.0
Tofu smoked,138.0,14.0,1.9,8.0,1.0
Barres céréales FRAISE,356.0,6.6,64.0,6.0,10.0
Kettle Chips Sweet Chilli and Sour Cream,509.0,7.5,53.9,28.3,4.7
Croustillant fruits rouges,426.0,9.3,66.0,12.0,9.2
Filet de poulet rôti,112.0,23.0,0.5,2.0,0.0
Jben chergui *2,188.8,8.4,2.8,16.0,0.0
Light &free,54.0,6.4,6.6,0.1,0.0
Sabor casero,384.0,0.5,5.2,41.0,0.0
Filets de sardines sans peau sans arêtes,182.0,26.6,0.6,8.1,3.0
Yogurt,54.0,10.3,3.0,0.0,0.0
Nescafe spécial Filtre Bio,0.0,0.0,0.0,0.0,0.0
Flocons d avoine,378.0,13.5,59.4,9.0,9.1
Red Kidney Beans in Water,93.0,7.2,11.0,0.6,6.9
almendra,0.0,0.0,0.0,0.0,0.0
Biscotti allo yogurt Dolcesenza,427.0,8.5,71.0,15.0,4.0
Wholegrain Microwaveable Rice,166.0,3.44,32.4,1.84,3.6
Lait 1/2 ecreme uht bq 1l merci!,47.0,3.5,5.4,1.7,0.5
Heinz Tomato and Chilli Sauce,53.0,1.7,5.0,2.6,0.0
Ovomaltine Crunchy Cream,547.0,3.7,59.4,32.4,1.6
Propolis,0.0,0.0,0.0,0.0,0.0
Nouilles aux crevettes,45.7,2.04,4.64,1.96,0.7140000000000001
Krisprolls froment,421.0,13.0,66.0,10.0,6.7
Miel pops loops,396.0,9.3,76.0,4.4,7.5
Toast crock' céréales complètes,359.0,9.9,67.0,3.1,13.0
Choco crousti,430.0,11.0,61.0,14.0,11.0
High Protein Chocolate Rice Puddibg,93.0,7.7,10.2,2.3,0.2
Vitamin B12,201.0,0.5,16.0,0.5,0.0
Pitted Prunes,237.0,2.2,52.4,0.5,6.9
Protein Power Soup Garden Pea & Spinach,50.0,3.7,4.6,1.2,3.7
Coca Cola 2L,42.0,0.0,10.6,0.0,0.0
6.11125E+12,112.0,2.42,16.95,3.85,0.0
Bonne maman pate a tartiner noisettes et cacao,551.0,6.7,53.0,34.0,3.3
Pany,542.0,6.09,63.4,29.3,0.0
Dolcy chocobar gold,0.0,0.0,0.0,0.0,0.0
Good Seed Bread,250.0,14.3,46.4,5.36,10.7
Crunchy Oats & Honey,467.0,8.7,64.3,18.1,6.4
Filets de maquereaux moutarde,183.0,13.0,0.9,14.0,0.0
"Danone fromage blanc 3,2% de mg 825 x 1",75.0,7.7,3.9,3.2,0.0
Activia bifidus saveur noix de coco sans arome artificiel 125 gx 4,93.0,3.6,12.6,3.1,0.0
Le Torchon - Cuit à l'Etouffée  - 25% de sel*,115.0,22.0,0.5,2.8,0.0
La Motte Beurre doux pasteurisé 82 % de mat. gr. eurre doux pasteurisé 82 % de mat. gr.,745.0,0.7,1.0,82.0,0.0
"Blé, riz rouge, quinoa",159.0,4.9,26.0,2.9,4.8
Soja Douceur,49.0,3.9,3.0,2.2,0.8
Nouilles poulet teriyaki,84.0,1.6,10.0,4.1,0.0005
Avoine citron 🍋 graines de chia,447.0,9.4,62.0,16.0,8.5
Dolce Pizza - Regina,179.0,10.0,25.0,3.7,2.9
Sandwich mega viennois poulet rôti oeuf,294.0,9.8,30.0,14.0,2.8
4 Muffins Complet,243.0,11.0,40.0,2.8,6.7
Yaourt Nature BIO,69.0,3.6,5.5,3.6,0.0
Léa Nature - Pomme Vanille bourbon,55.0,0.0,13.0,0.0,1.5
Muesli croustillant chocolat 500 g,219.0,4.7,33.0,6.6,3.9
La bûche de chèvre Maxi Format,291.0,20.0,1.0,23.0,0.0
70% équateur,582.0,6.7,37.0,43.0,10.0
Sunflower oil,828.0,0.0,0.0,92.0,0.0
Country crisp bio Chocolat Noir,451.0,8.0,65.6,16.1,6.0
Quorn Pieces,98.7,13.3,2.53,3.07,3.87
Pipers Anglesey sea salt crisps,532.0,5.1,57.2,30.7,3.5
Innocent Strawberries and bananas,48.0,0.527,10.7,0.0533,1.07
Thé earl grey,0.0,0.0,0.0,0.0,0.0
Bebida energética,47.0,0.0,12.0,0.0,0.0
Almond And apricot with a yoghurt coating fruit and nut bar,476.0,6.6,49.8,26.6,5.0
Dégustation - Chocolat Noir 72% Cacao,590.0,8.0,32.0,39.0,11.0
Les Grandes 34% Hazelnut Dark,587.0,8.0,41.0,42.0,0.0
KUB OR,178.0,4.8,20.7,8.3,0.6
Huile d'olive vierge extra Bio Delicato,823.0,0.0,0.0,91.0,0.0
Peanut Butter Creamy,644.0,24.0,11.0,54.0,6.0
Salinis,482.0,0.9,72.0,21.0,0.7
Leche entera,63.0,3.1,4.6,3.6,0.0
Zumo Juver Disfruta Melocot. 1L,21.0,0.4,4.4,0.1,0.5
Knorr Soupe Liquide Légumes du Potager 45cl,54.0,0.8,7.5,2.1,1.0
Thon entier au naturel albacore,100.0,25.0,0.0,1.0,0.0
Kokosnussöl,900.0,0.0,0.0,100.0,0.0
Porridge Oats 1.5kg,363.0,10.3,60.5,7.0,8.3
Eau de coco,25.0,0.0,5.0,0.417,0.0
Ferme vanille,105.0,4.0,14.5,2.5,6.0
Cannelloni beans,108.0,7.0,15.2,0.4,8.0
Streichfein ungesalzen,589.0,0.5,0.5,65.0,0.0
Kellogg Bran Flakes,357.0,11.0,66.7,2.33,17.0
Belgian Milk Chocolate,495.0,6.67,61.9,23.8,0.0
Panier de Yoplait Fraise - Framboise,91.0,3.3,12.4,2.3,0.0
حليب لليدين,0.0,0.0,0.0,0.0,0.0
Galletas cereales & fibra,440.0,5.5,65.0,15.0,0.0
Cookies sin gluten y sin lactosa,476.0,4.12,65.9,21.2,1.18
Organic wholemeal digestive biscuits,469.0,7.3,63.0,19.0,6.8
Apfelsaft aus Apfelsaftkonzentrat,44.0,0.1,10.5,0.1,0.0
Houmous Garlic + Red Pepper,345.0,6.0,9.0,31.0,0.0
Chocolat noir,582.0,11.0,21.0,47.0,15.0
White Chocolate Yoghurt,55.3,10.0,3.4,0.2,0.0
Whole Milk Natural Yoghurt,79.0,5.2,6.8,3.3,0.5
Whole Grain Mustard,183.0,7.3000001907349015,8.600000381000001,9.600000381000001,12.0
Dried cranberries,330.0,0.333,77.7,1.0,5.33
Pesto Basilico e Peperoncino 195g,441.0,3.0,13.0,41.0,4.0
Dessert au lait d'amande et au chocolat,140.0,1.0,16.6,7.4,1.6
Ecoleaf Jumbo Roll Kitchen Tow,0.0,0.0,0.0,0.0,0.0
Purée de pommes sans sucres ajoutés,54.0,0.9,12.0,0.0,0.4
Raw Boost,48.0,0.4,10.0,0.3,0.7
Confiture de Framboise 70%,173.0,0.9,40.0,0.5,3.6
Fluffy,430.0,6.15,50.7,22.5,0.68
tortilla chips,479.0,6.3,64.0,20.0,0.0
"Muesli 35 fruits, noix et graines",380.0,8.8,63.0,8.3,8.9
Silvia Duo Cacao,500.0,4.4,71.0,22.0,0.0
Plant Butter,713.0,0.5,0.5,79.0,0.0
La Vache qui rit légère 16 portions,152.0,14.0,6.0,8.0,0.0
BRUT TrueDark Chocolate Bar 80%,558.0,10.2,22.8,43.7,0.0
Plain Wheats,397.0,12.0,78.0,1.7,11.0
Mostarda,75.0,3.8,2.3,5.3,0.0
Muesli croustillant 3 noix,446.0,11.0,64.0,15.0,7.6
Extra Fancy Unsalted Mixed Nuts,600.0,17.6,24.7,52.9,7.05
Thai red,173.0,2.28,12.0,12.0,0.0
HERTA TGM pâte brisée pur beurre 280g,367.4,5.9,43.0,18.0,1.4
Biscuits avoine chocolat,468.0,8.4,61.0,20.0,6.7
Beurre doux bio,743.0,0.7,0.6,82.0,0.0
Salade & Compagnie - Montmartre,199.0,7.9,18.0,10.0,2.0
Lemon curd,330.0,1.9,58.0,10.0,0.0
wheetos,374.0,8.7,77.0,1.9,7.0
Mezze houmous + rainbow veg grain bowl,151.0,4.36,16.0,8.0,3.35
Black Forest Tofu,170.0,19.0,3.8,8.4,0.0
High Protein Milchreis - Klassik,93.0,7.7,10.8,2.1,0.0
Pere si afine Mg,14.0,0.0,3.2,0.0,0.0
nesquick,380.0,8.33,77.0,3.67,7.33
biscuit chocolat au lait,200.0,6.0,69.0,33.0,3.0
dubois java timor,0.0,0.0,0.0,0.0,0.0
Eisen + Vitamin C,0.0,0.0,0.0,0.0,0.0
Panettone Classico,359.0,6.8,54.6,12.0,0.0
Snack mix,646.0,22.1,10.4,55.7,7.0
Bevanda Nocciola,36.0,0.5,3.2,1.9,0.0
Madeleines coquilles,439.0,6.0,56.0,21.0,0.9
La brique pur brebis,305.0,17.0,0.0,26.3,0.0
Marmelade Oranges🍊 Amères  Bonne Maman,240.0,0.3,59.0,0.1,0.7
100% Pur jus oranges,41.0,0.6,9.1,0.1,0.6
Le Tranché Fin - Dégustation,115.0,22.0,0.5,2.8,0.0
"Purée lentilles corail, potimarron",89.0,4.5,8.5,3.1,4.4
La Faisselle,76.0,4.3,4.5,4.5,0.0
Etui Bec Verseur Sucre en Poudre Saint Louis Sucre 1kg,400.0,0.0,100.0,0.0,0.0
Galettes riz sésame,390.0,9.2,74.0,5.6,3.9
PastaBox - Tortellini Ricotta Epinards Sauce au parmesan,159.0,6.3,19.0,5.7,2.5
Sel de Guérande IGP,0.0,0.0,0.0,0.0,0.0
Boisson avoine BIO 1l,43.0,0.5,7.2,1.4,0.8
Pain grillé au blé complet - BIO,391.0,11.0,72.0,4.4,6.8
Biscottes aux 6 céréales x36 - 300g,394.0,12.0,67.0,7.2,6.7
Boisson avoine - 1L,43.0,0.5,7.0,1.2,0.8
Pitch,420.0,7.7,54.0,19.0,0.0
"Ker Cadélac - Marble Cake, 500g (17.6oz)",425.0,5.8,48.0,23.0,0.0
Suprêmes soufflés Nature 4x120g,216.0,5.8,14.0,15.0,0.0
Petit beurre tablette Chocolat noir,493.0,7.5,60.0,24.0,4.7
"Petits Filous Fromage Frais, Strawberry & Raspberry",68.0,5.4,10.0,2.4,0.0
Parmentier de canard,152.0,6.0,11.0,8.9,0.0
St Hubert Omega 3 Sans Huile de Palme Demi Sel,468.0,0.0,0.0,52.0,0.0
St hubert 41 500 g doux ss hdp,392.0,1.3,4.4,41.0,0.0
Pâtes farcies aux légumes à la sauce tomate bio,74.0,1.8,12.2,1.7,1.2
Emmental râpé 29% Mat. Gr.,371.0,27.0,0.5,29.0,0.0
Eau Minérale Naturelle des Alpes,0.0,0.0,0.0,0.0,0.0
Miel squeezer,512.0,0.0,80.0,0.0,0.0
Oeufs frais plein air Oméga3 x 12,140.0,13.0,0.5,9.8,0.0
Fruit Sticks,327.0,1.4,76.0,0.4,0.1
Chocolat noir 74% Côte d'Ivoire,592.0,8.2,29.0,46.0,15.0
Tikka Masala,146.0,1.5,11.3,9.9,3.0
Dairy Free Sunflower Spread,492.0,0.5,1.5,54.3,0.0
Vimto Original Cordial NAS 1L,2.0,0.0,0.0,0.0,0.0
heinz ketchup,102.0,1.2,23.2,0.1,0.0
Wholemeal Pitta Tesco,241.0,17.3,42.3,1.25,17.3
Bourbon Creams,486.0,6.43,65.7,21.4,2.86
Coconut Organic,53.0,0.1,10.4,1.2,0.7
Prince goût chocolat,467.0,6.3,69.0,17.0,4.2
Coca-Cola 1 Liter,42.0,0.0,10.6,0.0,0.0
"Sprite Zero 1,5L",1.0,0.0,0.0,0.0,0.0
poms slim 25cl,53.0,0.0,12.9,0.0,0.0
NESTLE LION Barres de Céréales 6x25g,398.0,7.3,62.8,12.2,6.6
Flutes aux 3 graines,502.0,15.0,49.0,26.0,6.0
Soft Bakes Choc Chip,400.0,5.9,60.0,14.0,6.9
Cruschelle,436.0,7.9,66.0,14.0,7.4
CremaNovi,550.0,10.4,42.7,36.0,6.9
coquillette,347.0,13.0,64.0,2.5,8.0
Fajita Mix Smoky BBQ imp,305.0,6.8,64.0,1.4,4.5
Jamón cocido extra,101.0,18.6,0.9,2.5,0.0
Cruesli Chocolate,455.0,8.1,57.1,19.3,10.0
Mint Sauce,120.0,1.8,25.0,0.5,0.0
"Soupe Thai  (Nouilles, champignons et pousses de soja)  د تای سوپ",377.0,10.0,58.0,12.0,2.7
Maille Mini Cornichons Petits Croquants Bocal 210g,13.0,0.6,2.0,0.5,0.5
Sriracha,139.0,2.3,28.0,1.2,2.3
Confiture d'abricots,251.0,0.0,63.0,0.0,1.0
Fried Noodles,475.0,8.75,61.2,21.2,5.0
Siof,0.0,0.0,0.0,0.0,0.0
FUEL 10K Granola Super Berry,430.0,15.9,60.9,12.6,6.1
Frischkäse natur,252.0,4.5,3.0,25.0,0.0
Fondante & gourmande,290.0,9.0,6.0,25.5,0.0
Pesto Rustico - Basilico & Zucchine,194.0,1.9,9.9,15.5,3.5
Tesco Pure Clear Honey 454G,327.0,0.5,81.0,0.0,0.5
Deli Reform Original,630.0,0.0,0.0,70.0,0.0
multiseed wholemeal farmhouse loaf,226.0,10.6,27.7,6.81,5.96
Red Onion & Rosemary Sausages,123.0,16.5,4.0,3.2,6.0
"Pâine cu semințe, feliată",283.0,11.6,37.9,8.0,6.3
Thins - Multiseed Flatbreads,413.0,14.7,57.0,17.5,7.7
Avena con chocolate negro - sin azúcares añadidos,441.0,8.0,57.0,22.0,9.0
Teriyaki,161.0,5.6,21.0,4.8,5.9
Arla B.O.B,41.5,4.55,4.9,0.4,0.0
Dijon mustard,150.0,7.0,10.0,11.0,5.0
Penne Rigate Nudeln,359.0,12.0,72.0,1.9,3.0
Naked Oven Chips,130.0,2.1,23.0,2.9,2.3
Leerdamer,352.0,26.0,0.1,27.5,0.0
Crousti' Avoine Superfruits,418.0,11.0,66.0,10.0,10.0
Mes Carottes râpées à la ciboulette,79.0,1.1,5.6,5.2,2.8
Chergui citron sghir,76.5,2.8,13.0,1.6,0.0
Real Ketchup 485 g,120.0,1.7,27.0,0.0,0.0
Sauce cheezy easy,264.9,2.19,12.3,23.0,0.0
Mayonnaise en tube,653.0,1.2,2.1,71.0,0.0
Organic Baked Beans in rich tomato sauce,81.0,4.6,12.4,0.4,0.0
Home chips,220.0,3.0,33.0,7.8,3.2
Raïbi,72.0,2.3,13.3,1.1,0.0
honey cheerios,377.0,9.33,71.3,4.0,9.0
Skyr bio nature,57.0,10.0,3.9,0.2,0.0
Classic Café Soluble,278.0,25.0,33.0,0.4,22.0
Filet de maqueraux à la sauce tomate,180.1,30.1,0.6,6.4,0.0
Tendrissime,640.0,1.0,1.5,70.0,0.0
Pomegranate and Elderflower Cordial,285.0,0.0,67.5,0.0,0.0
Prinzenrolle,457.0,6.8,65.0,18.0,3.9
Monster Munch crazy original,516.0,4.0,62.0,27.0,4.0
McCain Frites Just au Four Classique,149.0,2.5,25.5,3.5,2.5
Mister Choc façon Spéculos,588.0,3.3,54.5,39.4,1.0
Délice de cacahuètes,574.0,5.0,49.0,41.0,0.0
CHEESE & ONION FLAVOUR BAKED POTATO,436.0,5.91,72.7,12.7,6.36
لانشون,0.0,0.0,0.0,0.0,0.0
Kefir vanilla,75.0,3.85,7.4,3.2,0.0
Pan tostado proteínas bajo en hidratos,409.0,46.5,13.0,21.4,11.3
Picasso el toro,0.0,0.0,0.0,0.0,0.0
LANDOR,227.0,5.0,9.0,19.0,0.0
Barritas de Espelta Sabor Manzana 0%,346.0,6.1,55.0,6.1,24.0
Tasty Summer Fruits,18.0,0.0,4.3,0.0,0.0
High Protein Rice pudding,91.0,7.7,10.2,2.2,0.0
Mouliné de 12 légumes,37.0,0.8,5.4,1.1,1.2
Kokosöl,828.0,0.5,0.5,92.0,0.5
Green Olive and Rosemary Sourdough,242.0,7.2,41.0,4.2,5.8
budino chocolate & caramel desert,81.0,10.0,6.5,1.6,0.4
Coca cola,42.0,0.0,10.6,0.0,0.0
Twix 5x2,493.0,4.6,65.0,24.0,0.0
Be Nuts! Crémeux,614.0,21.0,20.0,49.0,4.4
Activia bien-être  digestif,59.0,3.3,4.1,3.3,0.0
Milled Flaxseed,490.0,21.4,1.3,38.0,28.8
Cheddar slice khayrat,0.0,0.0,0.0,0.0,0.0
raib salim banan,70.2,3.1,12.5,0.0,0.0
Boisson soja nature BIO 1l,40.0,3.9,1.2,2.1,0.5
Mehl Weizenmehl Type 405,338.0,11.0,69.0,1.1,4.0
Jaffa Cakes,381.0,3.6,65.4,11.3,1.7
chapelure,357.0,13.0,70.0,1.6,5.2
Tortitas de Maíz,381.0,7.0,83.6,1.6,0.0
"Mais, Sweetcorn",69.0,2.7,10.0,1.3,2.9
2 panes au cabillaud,215.0,10.6,18.1,10.6,2.1
Salakis Herbes de Provence,293.0,14.6,0.8,25.8,0.0
La Laitière crème aux oeufs,156.0,4.5,19.0,7.6,0.0
Lait entier en poudre,494.0,26.0,39.0,26.0,0.0
Tourtel 27.5 cl Tourtel Twist Lime 0.0 DEGRE ALCOOL,32.0,0.2,7.6,0.0,0.0
Coleslaw 320g,116.0,1.0,6.5,9.0,2.5
Citronnade L'Originale,21.0,0.0,4.9000000953674006,0.0,0.0
Filets de maquereaux marinade au Citron et à l'Olive,233.0,11.0,0.5,21.0,0.4
"Tagliatelles au Poulet 🐔, Champignons🍄Crème",102.0,7.67,12.0,2.4,0.9
Gerble - Miel Châtaigne graines de lin,462.0,9.2,68.0,16.0,5.3
Quinoa et boulgour à l'indienne,145.0,5.4,12.0,6.7,7.5
Doonuts,453.0,5.7,54.0,25.0,1.1
Sandwich le méga poulet rôti mayo légère x3,257.0,9.3,27.0,12.0,3.3
Biscottes nature,389.0,11.0,75.0,3.3,4.8
Pain grillé au blé complet 500g,388.0,11.0,73.0,4.3,6.8
Pitch choco x 8,352.0,5.9,55.0,11.0,0.0
Guacamole Extra,111.0,1.5,5.6,8.3,4.2
Vico Extra Craquantes,526.0,5.9,46.8,34.0,4.5
Caesar Poulet rôti,108.0,4.9,3.9,7.8,1.3
Purée de carottes,61.0,0.9,3.4,4.3,2.3
Sel de Guérande,0.0,0.0,0.0,0.0,0.0
Sauce tomate Basilic Jardin BIO,52.0,1.6,6.2,1.7,2.6
90% cacao noir,622.0,12.0,16.0,54.0,13.0
Poudre cacaotée bio 32% de cacao Max Havelaar,379.0,8.2,73.0,3.6,11.0
Brioch'Burger,310.0,9.5,51.0,7.0,0.0
Pain mie sandwich bio* cereales 500g,309.0,8.8,47.0,8.5,4.4
Ricotta,150.0,7.5,3.0,12.0,0.0
Biscuits craquants saveur citron,442.0,6.5,66.0,19.0,6.3
Plain Flour,357.0,9.9,73.5,1.7,3.8
Utterly Butterly Spread imp,379.0,0.1,0.2,42.0,0.0
Black Treacle,274.0,1.2,67.2,0.0,0.0
Coca Cola zéro,0.3,0.0,0.0,0.0,0.0
Gently baked mango,305.0,2.9,68.0,0.3,9.0
Yoyos Raspberry Multipack 5 x,280.0,1.9,63.0,0.0,10.0
Crosse And Blackwell Branston Pickle 720G,157.0,0.5,34.0,0.7,1.8
Soya Original,39.0,3.0,2.5,1.8,0.5
Crunchy Nut & Almond,469.0,12.0,51.4,23.1,4.57
Oatly! Bio Hafer/Oat,39.0,1.1,7.2,0.5,0.8
Croustilles goût Emmental,543.0,7.3,54.0,33.0,1.9
180G AMAN CARA COTE D OR,525.0,8.6,53.0,30.0,4.8
Parmigiano reggiano,402.0,32.0,0.0,30.0,0.0
Buonicosì,439.0,8.2,61.9,19.3,7.0
Tortillas sans gluten,266.0,1.9,59.2,1.5,3.9
Dinosaurus,478.0,5.7,72.0,18.0,2.5
Cuore di cereale. Biscotti di avena con frutti rossi,435.0,8.0,63.0,15.0,8.0
Florida,13.0,0.0,2.6,0.0,0.0
Jamón serrano,247.8,33.5,1.0,12.2,0.0
Quesco fresco cabra,262.0,12.7,3.4,21.9,12.7
Panecillos cereales y semillas,425.0,13.8,59.8,13.0,6.8
Amora Sauce Samouraï 255g,266.0,0.9,7.1,26.0,0.5
Leerdammer maxi portion,356.0,27.0,0.1,27.5,0.0
Classic Butter Chicken Kit,141.0,2.53,9.0,10.1,2.2
HuLaLa,298.0,0.6,13.0,27.0,0.0
Volvic essentiel bio,2.0,0.0,0.0,0.0,0.0
Boisson orange pasteurisée,43.0,0.0,10.69999981,0.0,0.0
4 Fruity Teacakes,250.0,8.24,45.8,2.9,3.05
Crushed Lime & Mint,17.0,0.0,4.1,0.0,0.0
Yaourt,95.0,2.3,14.7,3.0,0.0
quaker original,364.0,17.3,57.8,5.78,6.89
Aïn saïss citron citron vert,20.3,0.0,0.0,0.0,0.0
Eau de table purifiée,0.0,0.0,0.0,0.0,0.0
CereAlé,500.0,6.6,64.7,23.1,3.3
Malted Wheat Sourdough,235.0,8.6,44.5,1.5,4.7
Yaourt Coco,100.0,3.8,15.5,3.0,0.0
Buko Balance,190.0,7.8,3.3,16.0,0.0
Muesli bio noix & graines,427.0,13.6,50.9,16.8,8.7
Carte D'Or Glace Crème Glacée Crème de Vanille de Madagascar 900ml,104.0,1.3,14.0,4.4,0.5
Coeur de burger - Texas BBQ,224.0,17.0,12.0,11.0,4.6
Energise Super smoothie,53.0,1.5,11.0,0.0,1.4
Huile vierge de noix de coco bio,900.0,0.0,0.0,100.0,0.0
Hand Cooked Crisps,508.0,6.8,55.0,28.0,4.2
Kefir drink mango,65.0,3.3,7.1,2.6,0.0
Flan entremets au Chocolat,91.0,3.7,14.0,2.0,0.8
Forme & nature 440g,385.0,8.3,82.0,1.6,4.8
AMORA Ketchup 5 Ingrédients Flacon Souple 273g,74.0,1.5,15.0,0.5,0.7
Seeded tortilla wraps,290.0,8.87,48.1,5.48,5.48
Karéléa épautre noisette,479.0,8.4,58.0,22.0,7.5
Sauce crudités nature légère,153.0,1.0,5.8,13.9,0.0
4 tr. Jambon SIMPLEMENT BON Sans couenne,115.0,22.0,0.5,2.8,0.5
"Gerble - Organic Chocolate Cookie Flavored w/ Banana, 132g (4.7oz)",459.0,9.0,59.0,19.0,7.8
Barres Céréales Graines et Amandes,537.0,20.0,20.0,39.0,13.0
Multiseed bloomer,265.0,10.9,38.0,6.5,6.0
Pulmes bulles d’orange,0.0,0.0,0.0,0.0,0.0
Hipro Saveur Coco,59.7,8.33,5.5,0.5,0.0
HERTA Allumettes nature conservation sans nitrite - 2x75g,239.0,17.0,0.0,19.0,0.0
Ricola Eucalyptus,237.0,0.0,98.0,0.0,0.0
Céréales Granola Noix & Graines 350G,454.0,13.0,56.0,18.0,7.7
Texas BBQ Sauce,523.0,6.33,56.7,30.0,4.0
Special K Granola Chocolate,469.0,9.33,64.4,17.1,9.56
Multigrain Dino shape,375.0,7.9,78.5,1.8,6.4
100% Nuts Smooth Peanut Butter,631.0,27.3,13.4,50.5,6.6
Salt and vinegar lentil chips,464.0,10.0,60.0,20.0,2.14
Cocoa Orange Oat Boosts,436.0,7.0,43.0,23.0,17.0
Sweet chilli,179.0,0.4,44.0,0.1,0.0
Biscuits fourrés à l'amande,480.0,8.1,67.0,19.0,4.4
Chips saveur Tartiflette,522.0,6.3,52.0,31.0,4.8
Chips de lentilles,456.0,13.0,54.0,19.0,7.3
Yakult original,66.0,1.3,15.4,0.0,0.0
Rich Black Dahl With Black Lentils & Coconut Cream,122.0,5.9,17.2,4.2,4.2
Pulco citron gingembre,121.0,0.2,25.7,0.0,0.0
Barritas de cereales mango,345.0,5.5,60.0,5.5,20.5
Emincés de Poulet - Rôtis au Four,167.0,22.0,0.8,8.4,0.0
Dahmiss 41022,0.0,0.0,0.0,0.0,0.0
Soft Golden Wholemeal Farmhouse,222.0,10.0,36.5,2.3,7.5
guacamole,285.0,7.4,52.1,2.9,10.3
Purified Water,0.0,0.0,0.0,0.0,0.0
Super Nutty Wholefood,179.0,7.4,14.0,9.2,5.1
Protein Waffles buttermilk vanilla,257.0,14.3,37.1,6.43,1.43
Pilos unt sarat,725.0,0.7,0.5,80.0,0.0
"Coleslaw, choux blanc et carottes",109.0,0.9,7.9,7.7,2.4
Gaspacho,37.5,0.6,3.0,2.3,1.1
Société crème,269.0,14.0,1.6,23.0,0.0
Cioccolato al latte,477.0,7.7,67.0,19.0,2.8
"1,5L FRAISE VOLVIC",20.0,0.5,4.9,0.5,0.0
MINI BN Chocolat,482.0,6.4,66.2,20.3,3.8
Petits Pois & Carottes,59.0,3.6,7.6,0.7,4.2
Comté Le Fruité,410.0,26.0,0.5,34.0,0.0
Chocolat noir sans sucres ajoutés,455.0,7.1,40.0,32.0,18.0
Moelleux saveur citron,373.0,5.0,51.0,21.0,2.5
Façon Chili,111.0,7.6,8.9,3.5,6.9
"Bonne Maman - Petits Cakes Fruits, 300g (10.6oz)",407.0,5.33,46.7,21.0,0.0
Le Biscuit De Natty,499.0,7.4,61.0,24.0,4.7
Ravioli boeuf,264.0,9.0,40.0,7.0,2.4
lesieur,658.0,1.0,3.0,71.0,0.0
Paëlla à la Valenciana,140.0,7.6,15.0,5.1,1.6
"Aiguillettes de poulet à la moutarde et au citron, écrasée de pommes de terre et carottes",79.0,6.9,6.2,2.6,1.6
Houmous bio,312.0,7.6,8.0,26.6,0.0
Préparation Abricot Pomme,179.0,0.5,43.0,0.5,0.0
Lasagnes de bœuf à la crème de mozzarella,151.0,7.2,13.0,7.5,0.0
Tartines craquantes quinoa pois chiche,374.0,9.5,80.0,0.9,3.8
Chips nature Ancienne,556.0,5.9,47.0,37.0,5.5
Purethé citron,21.0,0.1,4.9,0.0,0.0
Tranches panées de Colin d'Alaska MSC,173.0,13.0,15.0,6.5,1.0
Fine chapelure de pain,364.0,13.0,72.0,1.8,3.9
Gran Padano AOP,398.0,33.0,0.0,29.0,0.0
Bruschette sour cream,453.0,9.1,71.0,14.0,3.3
Прясно краве мляко 3%,55.4,3.0,4.1,3.0,0.0
Vegane Mühlen Cordon Bleu,209.0,12.0,13.0,11.0,5.0
Gerolsteiner Medium,0.0,0.0,0.0,0.0,0.0
Saltletts Sticks,392.0,12.0,71.0,5.9,3.0
Digestives,0.0,0.0,0.0,0.0,0.0
Organic honey,329.0,0.5,81.5,0.5,0.5
Maldon Salt,0.0,0.0,0.0,0.0,0.0
St Dalfour Mermelada de Frambuesa,218.0,0.6,52.0,0.4,2.2
Premium Ginger Beer,41.0,0.0,10.2,0.0,0.0
Micronised Creatine Powder,0.0,0.0,0.0,0.0,0.0
6 tortilla nature,340.0,7.5,53.8,10.2,1.0
Aquarius Naranja,19.0,0.0,4.5,0.0,0.0
Choco Biscuits,488.0,6.0,67.0,21.0,2.3
Pasta Lentejas Mercadona,334.0,26.0,50.0,1.7,7.6
Acqua minerale naturale frizzante Lete,0.0,0.0,0.0,0.0,0.0
Pan tostado cereales y semillas,422.0,16.0,57.0,13.0,7.8
Maille Vinaigre Balsamique de Modène 25 cl,171.0,1.3,34.0,0.5,0.5
MAGNUM Glace Bâtonnet Amande 8x110ml,245.0,3.6,23.0,15.0,0.0
Œufs,140.0,12.7,0.27,9.83,0.0
Kefir cultured milk drink,59.2,3.52,4.8,2.92,0.0
Petit pot de creme au chocolat,184.0,5.6,18.0,9.9,0.0
Più integrali Ricchi di Fibre Segale,416.0,11.3,61.7,11.5,10.0
Maquereaux à l'huile,142.0,21.3,1.4,5.7,0.0
Extra Virgin Cold-Pressed Avocado Oil,809.0,0.0,0.0,91.4,0.0
Bouillon arome boeuf,210.0,9.0,16.0,15.5,0.0
Edam,321.0,25.4,0.0,24.0,0.0
Beanz No added sugar,65.0,4.6,9.5,0.2,7.2
Mixed Bean Salad in Vinaigrette,104.0,6.3,13.6,0.9,8.2
Vegan hazelnootpasta,560.0,3.4,55.3,35.4,0.48
Original Rye Crispbread,360.0,10.2,69.3,1.4,14.6
Perinaise Peri-Peri Mayonnaise Mild,306.0,0.54,13.0,28.0,0.0
Miel de France crémeux,0.0,0.0,0.0,0.0,0.0
Ambassadeur noir précieux 70% cacao,570.01,7.28,44.36,39.11,5.73
all butter scottish shortbread fingers,528.0,4.4,61.8,29.5,1.3
Anchor,668.0,0.5,0.5,74.0,0.0
Feta,287.0,16.2,0.2,24.6,0.0
Polenta,355.0,6.3,79.0,1.0,2.0
Bio Basmati Reis,358.0,8.6,78.0,1.1,1.0
Dark Chocolate Almond Sea Salt 51%,538.0,6.8,44.0,35.0,0.0
Grahams,433.0,6.67,80.0,10.0,3.33
double concentré de tomates bio,96.0,4.0,17.0,0.2,0.0
Rahik,0.0,0.0,0.0,0.0,0.0
Oat Drink Organic,48.0,1.1,7.2,1.5,0.8
Taste the Difference vanilla ice cream,221.0,3.97,19.3,14.4,1.32
The Pumpkin & Spinach,209.0,3.4,27.0,9.5,2.3
Purée d'Amandes complètes,649.0,24.0,6.2,57.0,11.0
Lentil bites,478.0,8.0,62.1,21.0,0.0
Medium egg Noodles,0.0,0.0,0.0,0.0,0.0
Bio-Erdnussbutter mit knackigen Erdnussstückchen,595.0,29.0,12.0,46.0,8.4
Mousse Chocolate Proteínas,76.0,10.0,5.0,1.6,1.0
Waitrose Belgian Dark Chocolate 72%,547.0,10.6,30.0,39.1,16.1
Biscotte au froment,399.0,11.0,75.0,5.0,4.0
Lentil & Pea Veggie Cakes - Caramelised Onion Chutney Flavour,436.0,25.5,53.2,12.8,10.6
Crema de calabaza y zanahoria,48.0,0.9,4.2,2.8,1.4
Lesieur,900.0,0.0,0.0,100.0,0.0
HERTA KNACKI Saucisses 100% pur porc sans nitrite x6 -210g,265.0,13.0,1.5,23.0,0.0
Sandwichs Choc,375.0,3.81,70.2,8.8,0.0
Crème fraîche entière,293.0,2.3,2.9,30.0,0.0
Bouillon kub bio volaille,240.0,4.4,40.7,6.5,0.7
Wholemeal and Rye Sourdough,218.0,8.1,41.0,1.2,4.8
4 Panini Rolls,271.0,10.4,49.4,3.1,2.0
Wraps proteinés,319.0,18.4,38.5,8.8,6.1
Crunchy Sweet & Salty Peanut Butter,600.0,22.0,17.0,50.0,6.2
Jamón cocido extra 1954,111.0,19.4,0.5,3.5,0.0
Ratatouille cuisinée à la provençale d'aucy 380g,61.0,1.1,5.6,3.2,2.6
Skyr Fraise,75.0,8.5,9.7,0.2,0.0
Sweet chilli crunch,445.0,13.0,59.0,17.0,7.6
Sel et minéraux marins,0.0,0.0,0.0,0.0,0.0
peri peri crunch,418.0,13.0,62.0,14.0,9.0
Wheat & Rye Sourdough Bread,227.0,7.6,45.3,0.8,4.1
Lidl High Protein Greek Yog,65.0,11.0,4.1,0.2,0.5
Very Strong Wholemeal Bread Flour,333.0,13.0,66.7,2.5,11.0
Tomato Frito,73.0,1.1,9.3,3.5,0.0
Tomates cerises mélangées,0.0,0.0,0.0,0.0,0.0
Wraps ble complet,301.0,9.7,44.0,7.6,9.8
immunity power soup butternut squash & chilli,51.0,1.8,5.7,1.8,2.6
CHERGUI Sport,59.0,8.0,5.5,0.7,0.0
fish fingers,208.0,12.0,19.0,9.1,0.8
Wholewheat fusilli,154.0,5.2,29.6,0.9,3.5
Pure Canadian Maple Syrup,281.0,0.5,69.6,0.5,0.5
Gewürzgurken,28.0,0.4,4.9,0.1,1.7
Beurre Gastronomique Doux,206.92,0.01,0.05,22.96,0.0
MINI BROWNIES lidl,458.0,5.4,51.6,26.4,1.0
Raisin & Almond Granola,424.0,9.56,63.1,13.6,6.67
"BRUN - 14 Wafers Vanilla Flavor, 146g (5.2oz)",523.0,7.4,61.0,27.0,1.5
La Paille d'Or aux fraises,363.0,4.2,82.0,1.1,1.9
Pom'Potes (Pomme/Poire),58.0,0.5,12.0,0.5,1.6
Danone le nature 125 g x 16,46.0,4.0,5.3,1.0,0.0
"Nescafé, Gold cappuccino, Cappuccino",54.0,1.2,9.4,1.0,0.7
Lindor noir,617.0,4.7,41.0,47.0,0.0
Haricots Rouges façon Chili 1/2,69.0,4.4,9.9,0.6,3.3
"Tagada, L'originale",363.0,2.6,88.0,0.5,0.0
Quaker Muesli Croustillant Myrtilles & baies de goji,402.0,11.0,65.0,7.9,14.0
Le Palmier,547.0,5.3,56.0,33.0,2.2
Le Jambon Supérieur à l'Étouffé,106.0,20.0,0.5,2.7,0.0
CACOLAC NATURE BOÎTE 25 CL,65.0,3.0,11.0,1.0,0.0
Gaufres caramel bio,423.0,3.4,68.0,15.0,1.4
Pâte à tartiner aux noisettes sans huile de palme 350g,519.0,8.7,59.0,27.0,4.0
Sauce tomate Provencale,47.0,1.6,6.3,1.1,2.5
Pure via 65 morceaux,2.0,0.0,99.0,0.2,0.0
La classique nature,517.0,5.7,45.0,34.0,4.3
Fusilli Blé complet,360.0,13.0,70.0,2.0,6.0
Pain au seigle complet,218.0,5.1,35.0,1.3,11.0
Gourmand & végétal au lait de coco Brassé fraise,89.0,0.4,15.2,2.9,0.0
Nudossi ohne Palmöl,569.0,7.6,52.0,36.0,0.0
Peach Ice Tea,13.0,0.0,3.1,0.0,0.0
Fruit'n Fibre,380.0,8.0,69.0,6.0,9.0
Clotted Cream Shortbread Fingers,0.0,6.4,62.3,25.0,0.0
straight to wok medium noodles,151.0,6.4,27.3,1.4,1.8
Tuc original - Biscuits salé,482.0,8.3,67.0,19.0,2.4
Raffaello fines gaufrettes enrobees de noix de coco fourrees noix de coco avec amande entiere ballotin de 18 pieces,627.0,7.4,38.6,48.3,0.0
Coca-Cola Zero Zero,0.3,0.0,0.0,0.0,0.0
Oatflakes,375.0,12.0,62.0,7.2,6.9
Moment of relaxation,0.0,0.0,0.0,0.0,0.0
0 % finesse Poire,60.0,4.6,10.0,0.2,0.0
Mirinda POMME 1.5l,49.0,0.0,13.0,0.0,0.0
Harissa du Cap-Bon,72.0,2.9,11.0,1.0,2.5
iKaffe,61.0,1.1,7.1,3.0,0.8
Schweizer Kräutertee,26.0,0.0,6.4,0.0,0.0
"NESCAFÉ Cappuccino Noisette, Café soluble, Boîte de 270g",34.0,0.7,5.9,0.8,0.2
Passata,35.0,1.2,6.3,0.1,1.1
Penne Rigate nº 41,351.0,14.0,69.0,1.5,2.9
King Kotes - Corn Fried Barbecue flavoured,420.0,7.1,62.0,16.0,0.0
Wraps Multigrains,312.0,7.3,52.0,7.0,6.4
Cebolla frita,590.0,6.0,40.0,44.0,5.0
Mentos fruit,388.0,0.0,92.0,1.9,0.0
Organic vanilla bean extract,191.0,0.0,0.0,0.0,0.0
Cream of Mushroom  Soup,53.5,1.65,5.35,2.85,0.1
Sandwich Sliced Gherkins,41.0,0.6,9.3,0.2,0.0
Mini Eggs,494.0,4.2,70.0,21.0,1.6
Tortelloni Pesto Basilico,299.0,11.1,33.0,13.2,2.0
Jockey,0.0,0.0,0.0,0.0,0.0
Dried apricots,217.0,2.0,45.0,1.67,8.33
Chocolat noir et caramel Côte d'ivoire 78%,603.0,9.0,24.0,49.0,17.0
Aubergine Parmigiana Fresh Tortelloni,210.0,7.8,25.0,7.8,4.3
Poêlée Méditerranéenne 750g,77.0,2.0,10.0,2.7,2.5
Scottish Shortbread Fingers,515.0,5.6,60.0,27.0,0.0
Lightly Seeded Loaf,257.0,9.32,44.3,3.64,4.55
wafers,513.8888889,6.944444444,63.88888889,26.38888889,5.555555556
Absolute Black Orange & Cocoa Nibs,604.0,13.0,7.0,53.0,17.0
Primevère bio doux,495.0,0.0,0.0,55.0,0.0
Protein Granola Honey and Seeds,448.0,27.9,45.1,16.1,5.6
Muesli avoine chocolat,399.0,11.0,61.0,10.0,9.5
جاري التحميل…,0.0,0.0,0.0,0.0,0.0
Clear Honey,359.0,0.1,88.0,0.6,0.5
"Flaxseed, Sunflower, Pumpkin & Chia Seeds & Goji Berries",518.0,19.0,8.0,37.0,18.0
Pittas Wholemeal,277.0,10.9,48.3,2.7,7.8
Burgers natures,207.0,19.0,4.2,12.0,3.1
Low Sugar Grain-free granola,622.0,15.1,15.2,52.7,16.3
Green machine,42.1,0.0,10.0,0.0,0.0
Savoury Crackers Lightly Salted,466.0,7.6,67.3,18.0,2.1
macaroons,448.0,3.7,53.7,22.9,0.0
Pure via Roux,12.0,0.0,99.0,0.0,0.0
Valencia abtal,49.0,0.1,12.0,0.0,0.0
Rata & Quinoa,99.0,1.9,8.7,5.7,2.5
Infusion Gingembre Citron,4.0,0.5,0.5,0.5,0.0
Bitesize Wheat Shreds,367.0,12.5,68.0,2.2,12.5
Pâte à tartiner aux noisettes 400g,524.0,6.1,58.0,29.0,3.1
Picos camperos de jerez,394.0,11.5,79.9,2.3,3.6
Prime Hydration Ice Pop,5.0,0.0,1.2,0.0,0.0
Nursie,0.0,0.0,0.0,0.0,0.0
Lindahls pro+ stracciatella,63.1,10.1,4.06,0.625,0.0625
"No Milk Hafer 3,5% Fett",53.0,0.8,4.1,3.5,1.1
Muesli Noix,438.0,10.0,61.0,15.0,9.5
ProActiv Olive Oil Spread,314.0,0.5,0.5,35.0,0.0
Gelatina +Proteinas Frutos Silvestres,40.0,10.0,0.0,0.0,0.0
Tomate Ketchup Heinz,102.0,1.2,23.2,0.1,0.0
Le pain,226.0,8.1,40.0,2.1,7.2
Organic Smoked tofu,143.0,14.3,1.4,8.6,0.0
ready salted crisps,518.0,6.4,52.0,31.0,3.9
Organic Unsalted Butter,745.0,0.6,0.6,82.0,0.0
enfants 16p,0.0,0.0,0.0,0.0,0.0
Comté Le Montarlier,410.0,26.0,0.0,34.0,0.0
Schweppes ananas slim 25cl,40.1,0.0,9.7,0.0,0.0
Vinaigre d’alcool colore,0.0,0.0,0.0,0.0,0.0
Bounty,488.0,3.86,59.6,25.6,0.0
Kéfir reina 600g,48.0,3.4,4.7,1.5,0.0
tuc original,480.0,8.2,69.0,19.0,2.1
Almond breeze,24.0,0.5,2.9,1.1,0.0
Honey Wheat,269.0,11.5,53.8,1.92,2.69
APPLE CIDER VINEGAR,0.0,0.0,0.0,0.0,0.0
Kee Chiu Chow Chilli Oil,676.0,3.3,5.0,70.0,0.0
Lightly sea salted hand cooked crisps,520.0,5.7,56.6,29.2,4.1
Peanut Butter Crunch,52.94117647,10.58823529,2.9411764710000003,0.0,1.5
Moroccan Spiced Chicken & Chickpea Soup,60.0,3.4,7.2,1.3,3.0
Halloumi,315.0,20.2,1.8,25.2,0.5
Scottish Strawberry Preserve,270.0,0.3,67.2,0.0,0.0
Višňový džem,236.0,0.2,57.4,0.1,1.0
Sardines à l'huile de tournesol,204.0,21.4,0.0,13.2,0.0
Mozzarella grated,300.0,22.1,2.7,22.3,0.0
Rillettes de Poulet Rôti en cocotte,336.0,16.0,0.5,30.0,0.5
Delikatess Edelsalami,377.0,21.5,0.5,32.0,0.0
Muesli coustillant,451.0,9.9,62.4,16.3,7.7
Chouchou,526.0,15.0,49.0,29.0,0.0
Kong Strong Wild Power Sugar Free,4.0,0.4,0.1,0.1,0.0
Levure de boulanger Briochin,0.0,0.0,0.0,0.0,0.0
Grany chocolat🍫 au lait🐄🥛 noisettes🥜,465.0,6.09,60.9,21.3,3.04
Sablé de Retz Le Véritable,459.0,7.5,76.0,13.0,3.8
Danone velouté nature,70.0,4.3,5.7,3.5,0.0
Minibaby light,210.0,25.0,0.0,12.0,0.0
Miel l'apiculteur,320.0,0.5,80.0,0.5,0.0
Le Supérieur - à l'Etouffée,115.0,22.0,0.5,2.8,0.0
600G HAPPY BOX HARIBO,348.0,4.7,81.0,0.5,0.0
beurre président 1/2 sel,727.0,0.7,1.0,80.0,0.0
Filets de maquereaux grillés,281.0,20.0,1.1,22.0,0.0
"Orge, lentilles vertes, riz rouge au naturel",164.0,4.1,20.0,5.8,7.7
Beurre doux,745.0,0.7,1.0,82.0,0.0
Galettes aux 4 céréales.,379.0,8.0,80.0,2.2,3.5
Sandwich le méga baguette thon oeuf sauce cocktail,260.0,11.0,26.0,12.0,1.9
Tofu nature à cuisiner,145.0,14.0,0.8,9.0,2.5
Fourrés choc',524.0,6.2,58.0,29.0,4.0
Fromage Blanc Nature 0%,47.0,7.3,4.4,0.0,0.0
Emprésuré Caramel,100.0,4.9,18.0,0.9,0.0
Tzatziki Extra,108.0,4.6,3.7,8.2,0.0
Yaourt Nature sucré,88.0,3.0,10.8,3.2,0.1
Corn flakes sans sucres ajoutés,387.0,7.0,86.0,0.9,3.1
Basmati,349.0,8.3,76.0,1.0,1.2
Yaourt à la grecque nature,107.0,3.3,3.3,8.9,0.0
Pain de mie seigle et céréales,255.0,9.4,45.0,3.1,4.8
Tartine & Cuisson,522.0,0.0,0.0,58.0,0.0
Céréales croc'choc,437.0,7.5,68.0,14.0,4.5
Pois cassés à la paysanne Bio - 300 g - Jardin Bio,82.0,4.8,12.0,1.0,3.0
Philadelphia naturell,226.0,5.4,4.3,21.0,4.3
Vegetarischer Schinken-Spicker mit bunter Paprika,161.0,7.4,2.11,13.0,0.0
MARZIPAN DARK CHOCOLATE WITH MARZIPAN,516.1290322580651,6.451612902999999,61.290322580645196,25.80645161,6.451612902999999
Naturell Noe-Ouelle,0.0,0.0,0.0,0.0,0.0
Melts Original,0.0,0.0,0.0,0.0,0.0
Oxo 24 Beef Stock Cubes,271.0,16.7,38.3,5.0,0.0
High Fibre Bran. Tesco.,350.0,13.6,54.0,3.9,22.1
Gazpacho l'original,40.0,0.9,3.5,2.2,1.2
Leffe Blonde 🍺,58.0,0.4,5.4,0.0,0.0
Heidelbeere,70.0,3.7,8.2,2.2,1.0
Dessert végétal citron vert,77.0,3.6,10.1,2.0,0.6
"Alpro Sojadrink, Banane 1L",58.0,3.0,7.3,1.8,0.6
TUC Sour cream & onion,503.0,7.1,64.0,24.0,2.3
Al ambar thé vert en grains,0.0,0.0,0.0,0.0,0.0
nectar orange,45.0,0.0,12.0,0.0,0.0
Chocolate con Leche,538.0,6.3,58.9,30.3,2.0
Les Bouchées Soja et Blé,233.0,22.9,3.2,12.4,8.5
Crackers,446.0,3.3,79.0,12.0,4.4
Acqua minerales naturale sant'anna sorgente Rebruant,0.0,0.0,0.0,0.0,0.0
Galletti mb 350g int. eu,486.0,7.4,65.0,21.0,3.5
Buldak Artificial Spicy Chicken Flavor,407.0,9.29,60.7,14.3,1.43
Mogu litchi,53.0,0.0,13.0,0.0,0.5
Parachnute 100% Pure Coconut Oil,900.0,0.0,0.0,100.0,0.0
Kurkure,557.0,6.0,57.7,33.7,0.0
Coeur de lait,0.0,0.0,0.0,0.0,0.0
Bonne Maman Blackcurrant Conserve,236.0,0.4,57.0,0.0,0.0
JOKER LE BIO MULTIFRUIT 1L,40.0,0.0,9.3,0.0,0.0
Nescafé classic,0.0,0.0,0.0,0.0,0.0
Salmon ahumado en lonchas,174.0,20.2,0.0,10.4,0.0
Skyr nature 450g,53.0,8.7,4.4,0.1,0.5
Quorn sausages,198.0,11.0,11.0,11.0,5.5
Danette chocolat 125 g x 4,122.0,3.3,20.0,3.0,0.0
Comple,243.0,9.41,42.0,2.9,5.8
SAMAR café,0.0,0.0,0.0,0.0,0.0
Chopped Tomatoes in Tomato Juice,20.0,1.3,3.0,0.1,1.1
Half fat crème fraîche,159.0,3.6,4.0,14.3,0.0
Skyr Vanille,77.0,5.1,6.8,3.0,1.1
Mary trini,428.0,5.24,51.0,18.2,0.0
Creamy oat,145.0,0.9,5.8,13.0,0.8
Velouté de potiron & carottes BIO,28.0,0.6,4.2,0.7,1.3
Semi-Skimmed Milk,49.0,3.6,4.8,1.7,0.0
British milk semi skimmed,50.0,3.6,4.8,1.8,0.0
Tortilla Wraps White,294.0,7.42,54.5,4.52,3.71
Creme Joghurt mild Pfirsich maracuja,106.0,2.9,14.6,3.9,0.0
REDUCED FAT SOFT CHEESE,153.0,9.67,3.67,11.0,0.333
"Yaourt au lait de brebis, nature",67.0,5.2,4.8,3.0,0.0
Luscious Berry & Cherry Muesli,363.0,9.6,64.1,6.5,9.2
Milk chocolate caramel seasalt,547.0,7.0,54.3,33.1,0.0
El Princio,483.0,7.0,71.0,19.0,0.0
Harvest Morn Corn Flakes,388.0,7.6,85.7,1.2,1.8
Trident menthol,156.0,0.4,62.0,0.3,1.8
Puree de tomate,0.0,0.0,0.0,0.0,0.0
biscotti cereali g granola e frolla,471.0,9.6,57.9,20.5,8.0
Frita saveur poulet,416.35000610352006,3.900000095,74.69999695,10.10000038,0.0
Vegemince,164.0,19.2,9.9,4.7,2.3
Cous Cous,164.0,6.3,31.3,0.9,3.0
Mayonnaise 5 ingrédients,697.0,1.5,0.5,76.0,0.8
pop chip bbq,435.0,6.47,70.6,14.1,4.71
Crème avec vinaigre balsamique de molène,251.0,0.9,58.9,0.0,0.4
Pan Tostado 100% Integral de Trigo,376.0,16.0,59.4,6.0,10.2
Skyr nature au lait de brebis,77.0,9.2,4.5,2.5,0.0
Energie 1 Protein Shake,332.0,51.7,10.8,5.2,0.0
Skyr sans lactose Cheesecake au citron,59.0,9.5,4.8,0.2,0.0
Soya Vanilla Flavour,69.0,3.5,9.3,1.8,0.7
P'tit nature 5 céréales,449.0,8.3,63.0,16.0,10.0
"Flocons d'avoine, paquet 500g",364.0,14.0,56.0,6.9,11.0
HERTA TARTE EN OR Pâte Feuilletée -30% M.G 230g,344.2,7.4,44.0,15.0,1.8
Fine Dark Cocoa Powder,368.0,20.0,8.9,21.0,28.0
Milka strawberry,575.0,4.6,53.0,38.0,0.0
Rillettes de thon aux olives vertes,265.0,17.0,1.5,21.0,0.9
KEFIR YOGURT Strawberry,75.0,4.7,6.3,3.3,0.0
Blanc de dinde doré au four,102.0,22.0,0.5,1.3,0.0
PET 1.25L FANTA ORANGE,27.0,0.0,6.5,0.0,0.0
Tobigo crousty,526.0,2.5,63.1,29.0,0.0
Thins Rosemary & Sea Salt Flatbreads,400.0,13.9,67.9,6.9,5.2
crunchy peanut butter,621.0,27.8,13.9,48.8,7.4
La galette fourrée,492.0,6.4,68.0,21.0,2.7
Potts' Beef Stock,21.0,2.0,1.7,0.6,0.1
Amber maple syrup,261.0,0.2,65.0,0.0,0.0
HiPro Saveur vanille,76.7,10.2,5.89,0.778,0.0
hawai tropical,0.0,0.0,0.0,0.0,0.0
Both in one tortilla wraps,285.0,8.06,50.3,4.84,4.35
Black chocolate 72% with almonds,578.0,14.0,25.0,44.0,13.0
Crème dessert saveur chocolat noisette,76.7,10.2,6.28,0.889,0.0
Sirop d'érable,360.0,0.0,90.0,0.0,0.0
Kefir Honey Fermented Yoghurt,83.0,3.8,13.5,1.4,0.0
Skyr à boire fruits exotiques,61.0,6.0,8.7,0.2,0.0
Bucovina,0.0,0.0,0.0,0.0,0.0
Brioche tressée nature allegée en sucres sans additifs 450g,351.0,8.7,44.0,14.0,7.0
Carlotti Chocolate Negro 60% cacao,0.0,0.0,0.0,0.0,0.0
6.11103E+12,0.0,0.0,0.0,0.0,0.0
Luxury Hot Cross Buns,282.0,6.79,52.9,4.36,0.0
Cocoa,380.0,19.8,14.7,20.7,27.9
Gluten Free Cheese Oatcakes,484.0,16.0,45.3,25.0,7.0
extra džem od marelice,233.0,0.667,55.3,0.667,1.33
Jalapeños,12.0,0.6,1.6,0.1,0.9
Muesli croustillant Noix et Miel,484.0,11.3,66.1,19.4,8.06
Biscottes goût brioché - Les gourmands Pelletier,173.0,4.8,26.0,5.2,1.3
Kvarg raspberry,56.0,10.0,4.13,0.2,0.0
Danone veloute nature 125 g x 8,72.0,4.3,5.7,3.5,0.0
Crème de Champignons,42.0,0.4,4.5,2.5,0.0
Miel de fleurs liquide,304.0,0.3,82.0,0.0,0.0
200G SCOUBIDOU LUTTI,356.0,3.0,75.0,2.8,0.0
Biscuit muesli avoine Gerblé,455.0,9.4,60.0,18.0,7.7
Haché végétal Façon Bolognaise au soja,139.0,15.0,12.1,4.6,5.6
Couscous Grain Moyen,365.0,12.0,73.0,2.0,3.4
Beurre Doux (82% MG) Gastronomique,743.0,0.7,0.5,82.0,0.0
Avoine cuisine,79.0,0.6,3.5,6.7,1.0
Fourrés Myrtilles,431.0,5.4,67.0,15.0,3.3
Haricots rouges,104.0,8.4,12.0,0.7,7.9
Houmous Pois chiche & sésame,255.0,5.4,10.0,20.0,4.2
Huile d'olive vierge extra Bouteille 1L,900.0,0.0,0.0,100.0,0.0
Eau de source de montagne d'Auvergne,0.0,0.0,0.0,0.0,0.0
Sardines huile olive v.e. Label Rge 135g Cble,204.0,24.0,0.0,12.0,0.0
CankaO - poudre chocolatée,233.0,12.0,7.1,7.9,57.0
ST HUBERT OMEGA 470 g doux,468.0,0.0,0.0,52.0,0.0
St hubert 41 250 g doux ss hdp,392.0,1.3,4.4,41.0,0.0
Purée de courgettes,44.0,1.8,4.5,1.9,1.2
L'écrasé pommes de terre aux 2 carottes,82.0,1.7,12.0,2.9,1.4
Chips Nature l’Originale Nutriscore B,540.0,5.9,50.0,34.0,5.2
100% Pur Jus - Pomme,47.0,0.0,10.0,0.0,0.0
Beurre tendre doux 82% mg,0.0,0.8,0.6,82.0,0.0
Filets maquereau naturel,238.0,19.0,0.0,18.0,0.0
Galette de maïs,394.0,8.2,86.0,1.5,1.6
Huile d'olive vierge extra Assemblage d'huiles d'olive origine UE et non UE,900.0,0.5,0.5,100.0,0.5
Fine gaufre,425.0,7.7,58.0,21.0,6.8
Vita Coco,540.0,0.0,0.05,60.0,0.0
Duplo Einzelriegel,551.0,6.1,56.0,33.0,0.0
PET 50CL COCA COLA ZERO,0.3,0.0,0.0,0.0,0.0
Tikka Masala Mild Curry Sauce,116.0,1.81,10.6,7.05,1.9
Truvia | Sweetener from the Stevia Leaf - Calorie free,0.0,0.0,99.0,0.0,0.0
Frozen Baked Jacket Potatoes,80.0,2.15,16.5,0.25,1.95
pilchards,178.0,14.8,1.0,13.1,1.0
Baileys,314.0,0.0,0.0,0.0,0.0
Wholegrain Basmati & Quinoa Rice,132.0,2.88,24.0,2.08,3.04
Lo Salt,0.0,0.0,0.0,0.0,0.0
Orkney Thick Oatcakes,489.0,9.8,68.0,18.2,6.8
Tesco mackerel in tomato sauce,211.0,16.6,2.0,15.2,0.1
Hummus chips tomato and basil,453.0,9.1,69.0,16.0,3.7
Greek style,134.0,3.8,14.9,6.6,0.0
Barres de Céréales Special K Chocolat au Lait,388.0,7.0,62.0,9.6,14.0
Sweetcorn in Water,80.0,2.8,11.6,1.9,2.9
Fruit & nut muesli,366.0,8.6,62.6,7.4,7.6
Pressed Apple Juice Not From Concentrate,48.7,0.333,11.2,0.0,0.5329999999999999
Furrows Sea Salted imp,524.0,6.7,52.8,30.9,6.2
Biscoff creamy,584.0,2.9,57.0,38.1,0.8
Boisson rafraîchissante au jus d'orange avec sucre et édulcorants,27.0,0.0,6.5,0.0,0.0
Paine grau intreg,223.0,10.8,36.8,1.7,8.7
Albalact unt masa 65%.,587.0,0.2,0.4,65.0,0.0
Finess,60.0,4.6,10.1,0.2,0.0
"Knorr, Mélange à Bouillon (halal) Boeuf",4.0,8.0,0.34,0.01,0.0
Toblerone Dark Chocolate with Honey & Almond Nougat,516.0,5.9,50.0,30.0,8.9
Dairymilk buttons,537.0,6.67,56.7,30.0,3.33
Mignonnette Noir - Orange,550.0,6.0,48.0,34.5,8.9
Mozzarella di latte di Bufala,262.0,13.0,0.7,23.0,0.0
Kinder Schokobons White,577.0,10.3,47.3,38.3,0.0
Linguine n° 7,351.0,14.0,69.0,1.5,2.9
Sun dried dried tomato pesto,484.0,7.3,18.0,42.0,0.0
Amandino Purée d'amandes grillées,643.0,26.5,3.2,56.3,8.9
Tomater Hakkede Økologisk 400g Mutti,25.0,1.2,3.9,0.2,0.0
HEINZ,76.0,1.1,9.3,3.5,0.0
Gustosines,477.0,5.6,62.5,22.1,3.0
Salsa Barbacoa,150.0,1.2,35.5,0.1,0.0
Queso fresco Burgos desnatado 0%,68.0,12.3,4.4,0.2,0.0
Maizena Fleur de Maïs,355.0,0.5,86.0,0.5,1.0
Leerdammer léger,262.0,29.5,0.1,16.0,0.0
Sucre vanillé x 12 sachets,400.0,0.5,99.0,0.5,0.5
Sea Salt & Vinegar Potato Chips,432.0,5.6,70.0,13.0,4.3
Lait demi écrémé,44.0,3.0,4.6,1.5,0.0
Stem Ginger Oat Biscuit Breaks,460.0,8.0,62.0,19.0,6.0
Fish Pie,128.0,7.1,8.3,7.2,0.8
"Kelderman Rye Bread, German Style",191.0,6.1,35.0,1.1,8.2
Mamas Babydream Stillsaft,47.0,0.5,11.0,0.5,0.5
LION BIO Céréales 400g,411.0,8.1,73.9,7.7,7.9
Galletas 0% azúcares añadidos,404.0,8.8,54.4,19.1,7.8
Filets de MAQUEREAUX AU NATUREL,247.0,19.0,0.0,19.0,0.0
Lentilles vertes,327.0,25.1,44.5,1.8,16.4
Madagascan Vanilla,0.0,0.0,0.0,0.0,0.0
Pate à tartiner 25% de noisettes,561.0,9.2,52.0,33.0,0.0
Chickpea Fusilli,345.4,19.9,54.3,5.4,10.3
Wholewheat Noodles,0.0,0.0,0.0,0.0,0.0
Olivenöl,828.0,0.0,0.0,92.0,0.0
MARINARA,80.0,1.6,4.8,5.6,0.8
Chocolat Villars Noir 85% 100g,590.0,7.9,19.0,50.0,14.0
Sirope de agave,309.0,0.0,77.2,0.0,0.0
manifik,0.0,0.0,0.0,0.0,0.0
Tofu Nature,156.0,15.0,3.8,8.3,3.1
Sante gold granola,469.0,9.8,61.0,18.0,6.3
pasta mix,318.0,11.6,65.6,1.1,4.0
High Protein Pfirsich-Orange,65.0,10.0,6.0,0.3,0.0
Granary farmhouse bread,256.0,9.9,46.1,2.6,0.0
Sainsbury tortillas,491.0,5.6,62.7,23.0,5.6
brilliant broth classic ramen,14.0,1.1,2.0,0.5,0.0
avian,0.0,0.0,0.0,0.0,0.0
Borderfields English Pressed Rapeseed Oil,824.0,0.0,0.0,92.0,0.0
Pan di Stelle,483.0,7.5,65.0,20.5,4.0
Croustillant tout chocolat,447.0,9.4,62.0,16.0,8.4
Mackerel in Tomato Sauce,202.0,11.0,4.4,15.0,1.9
Bi Frutas Tropical,21.7,0.03,4.8,0.0,0.0
Crunchy High Protein Muesli Frutos Secos / Frutos de Casca Rija,429.0,29.1,43.3,13.6,8.5
SAUCE SHOP BUFFALO HOT CRAFTED WITH FERMENTED JALA,100.0,1.9,4.2,8.8,0.1
Crimbles Coconut Macarons IMP,442.0,3.8,56.4,21.3,0.0
Eritritol y sucralosa,0.0,0.0,99.5,0.0,0.0
Pate à tartiner aux noisettes 750g,524.0,6.1,58.0,29.0,3.1
NON-ALCOHOLIC BEER,23.6,0.212,5.61,0.0,0.0
Kaonuts,549.0,5.9,54.0,34.0,3.4
Plant based tomato soup,51.0,0.7,7.3,1.9,0.6
Chopped tomatoes in tomato juice,22.0,1.1,3.8,0.1,0.8
In Store Baked Sourdough Bloomer,232.0,9.3,45.5,0.8,2.8
Pain de mie grandes tranches Maïs & Graines 500g,270.0,13.0,37.0,6.9,4.1
Vegane Pommersche fein,220.0,7.1,7.0,17.0,5.1
Greek Style Natural yogurt,115.0,4.5,4.9,8.3,0.0
dried bananas,500.0,2.1,60.0,27.1,3.9
KIRI 80p,0.0,0.0,0.0,0.0,0.0
Panier de Yoplait Abricot Nectarine,90.0,3.3,13.0,2.3,0.0
Vanilla rice pudding,93.0,7.7,10.2,2.3,0.2
Wasa tartine croustillante sensation aux flocons d'avoine & touche de sel 265g,406.0,11.0,63.0,10.0,10.0
Pain de mie american sandwich nature sans sucres ajoutés maxi 825g,283.0,7.4,47.0,6.0,5.5
Tomme de brebis,400.0,22.0,1.5,34.0,0.0
Premium Tropical Muesli,351.0,6.2,69.2,3.7,6.2
Aurinkokuivattuja tomaatteja,131.0,2.3,7.2,9.2,5.0
Schlemmerfilet à la ITALIONO,74.0,10.0,3.8,2.0,0.0
Queso fresco batido Quark,54.0,8.5,4.9,0.5,0.5
Sea Salt Crackers,492.0,7.6,61.8,23.5,1.5
Choco nussa,549.2351815577999,3.7,57.3,33.3,0.0
Le Pâté Hénaff,257.0,17.0,0.5,21.0,0.0
Mayonnaise fine et douce,653.0,0.7,2.6,71.0,0.0
"Sardine huile tournesol et citron PARMENTIER, boîte 1/6",227.0,23.0,0.0,15.0,0.0
Pom'Potes Bio - Pomme Bio,61.0,0.5,12.0,0.6,1.3
Gratinée oignons et croûtons,35.0,0.6,5.0,1.4,0.2
Panzani coquillette 500g,361.0,12.0,72.0,2.0,3.6
Cracotte goût choco-noisette,470.0,6.6,68.0,18.0,3.2
Milka - Riz croustillant,515.0,6.5,61.0,27.0,2.1
Confiture Extra de Myrtilles,241.0,0.3,59.0,0.1,1.5
Excellence Noir Menthe Intense,535.0,6.0,52.0,32.0,0.0
Création Crème Brûlée,585.0,5.6,52.0,39.0,0.0
Volvic Juicy Fraise,20.0,0.5,4.9,0.5,0.0
Macédoine 1/2,43.0,2.2,4.9,0.7,4.3
Lentilles préparées 4/4,93.0,6.6,14.0,0.5,3.1
Riz provencal 320g,132.0,4.0,18.0,4.5,1.5
Blanc de Poulet  - 25% de sel*,103.0,21.0,0.5,1.9,0.0
Longfizz,364.0,2.2,81.0,2.1,0.0
Le Fruit - Orange sans pulpe,42.0,0.6,8.7,0.0,0.0
Les Mini-Beurre Doux,744.0,0.7,0.8,82.0,0.0
biscuits a la cuillere,371.0,8.5,74.0,4.3,0.9
Crêpes bretonnes,424.0,7.0,57.0,19.0,1.4
PET 50CL EAU GAZEUSE PERRIER,0.0,0.0,0.0,0.0,0.0
Bridelight 12 portions gout emmental 3%mg 200g,113.0,13.0,8.5,3.0,0.0
Cancoillotte IGP fabriquée en Franche-Comté,138.0,16.0,0.5,8.0,0.0
Margarine omega 3 50% bq 500g,486.0,0.0,0.0,54.0,0.0
"Beurre de Baratte Grand Cru à la crème maturée non pasteurisée, Doux",730.0,0.7,0.6,82.0,0.0
Muesli floconneux 25% de fruits et noix,352.0,11.0,61.0,5.5,9.0
Aiguillettes de poulet au miel et aux épices semoule,123.0,8.4,17.0,1.5,4.7
Carottes râpées Au jus de citron*,77.0,0.9,6.3,4.8,2.6
Boisson de soja Calcium  Vitamine D,40.0,3.3,2.3,1.8,0.0
Yaourt à la vanille bio,89.0,3.1,12.0,3.2,0.0
"La Paëlla Valenciana, poulet rôti, chorizo et fruits de mer",182.0,11.0,16.0,8.0,1.2
Fromage blanc au lait demi-écrémé,76.0,6.9,4.4,3.3,0.0
Original Avena y Trigo Integral,368.0,9.4,74.8,1.8,7.6
DUO DE QUINOA AUX LEGUMES,145.0,4.8,22.0,3.2,4.4
Chips A L'ancienne Sel de Guérande Brets,556.0,5.9,47.0,37.0,5.5
10 Pains au Lait,348.0,9.0,52.0,9.0,0.0
Pomme Châtaigne,128.0,0.5,30.0,0.3,1.8
Végé' orientales épicées,256.0,29.0,6.1,12.0,2.8
Pepsi Max No Sugar,0.4,0.0,0.0,0.0,0.0
Chicken & Mushroom Flavour Pot Noodle,457.0,10.3,60.0,17.8,2.0
Kellogs Just Right 500g,370.0,7.0,80.0,2.0,4.5
Heinz Tomato Ketchup,102.0,1.2,23.2,0.1,0.0
seriously Good Mayonnaise,644.0,0.8,3.0,70.0,0.0
Hobnobs Milk Chocolate,494.0,7.0,61.4,23.3,5.2
Cravendale Filtered Whole Milk,65.0,3.4,4.7,3.6,0.0
Aubergine Pickle,381.0,2.1,34.5,24.8,0.0
Super smoothie energy 750ml,53.0,1.5,11.0,0.0,1.4
Low Fat Special Flakes Rice & Wholewheat,377.1510516,7.9,84.6,1.8,4.6
caprice,477.0,7.4,67.0,19.0,4.3
Pâte de cacahuète pindakaas,351.0,0.0,0.0,39.0,0.0
Barni lapte,394.0,6.1,58.0,15.0,0.0
Finn Crisp | Multigrain,0.0,11.0,60.0,3.0,18.0
Falafels Pois chiches,187.0,7.5,18.0,7.5,8.7
Le bon Paris à l'Étouffée Sans Nitrite,105.0,20.0,0.5,2.5,0.5
Frischkäse,212.0,5.2,4.5,19.0,0.33
Carbonated Natural Mineral Water,0.0,0.0,0.0,0.0,0.0
Crackers integrali,402.0,11.0,61.0,9.6,14.0
Polpa,26.0,1.2,3.9,0.2,0.0
Acqua minerale naturale,0.0,0.0,0.0,0.0,0.0
Pain campagnard aux graines,270.0,4.5,47.0,5.3,8.5
Pâtes coquillettes 1kg,359.0,13.0,71.0,2.0,3.0
Fiori d'acqua,409.0,11.0,73.0,7.0,5.5
Mini fish,491.0,7.0,65.0,22.0,2.3
Sandwich sabor yogurt,420.0,7.0,65.0,17.0,7.7
Zumo Juver Disfruta Piña Brik 1L,25.0,0.2,5.7,0.1,0.01
Amora Sauce Pommes Frites Flacon Souple 260g,279.0,1.1,12.0,25.0,0.5
Moutarde à l'Ancienne,172.0,6.9,9.3,10.0,0.0
Hovis Granary Thick Bread,255.0,10.2,46.4,2.27,3.64
إفولكي,0.0,0.0,0.0,0.0,0.0
Single Origin - Intense Dark Cacao,620.0,12.5,13.2,54.0,15.6
Plant Shawarma Kebab,141.0,15.0,1.3,7.1,5.0
Lancashire oven bottom muffins,254.0,9.69,47.1,2.46,1.85
PET 1L JOKER LE FRUIT POMME,45.0,0.0,10.0,0.0,0.0
Grissini Artigianali Romarin,442.0,11.0,73.0,11.0,3.5
Piña en su Jugo,55.0,0.4,13.2,0.1,0.5
Lasagna boloñesa,143.0,7.4,14.0,6.1,1.0
Extra Virgin Olive Oil Houmous,328.0,6.4,9.9,28.3,3.8
Pesto Rustico Pomodori secchi,159.0,2.0,8.2,12.5,2.8
Green Pea Penne,185.0,12.0,29.5,0.9,5.5
Golden Syrup,316.0,0.0,79.0,0.0,0.0
Wholemeal seeded farmhouse,263.0,11.4,35.0,6.7,8.4
Organic chickpeas in water,115.0,6.7,13.6,2.2,6.9
Cornichon pikarome,23.0,1.7,4.0,0.1,0.0
Moroccan Style Falafels,231.0,7.6,22.7,10.1,9.6
Eis Mandel,347.0,5.6,29.7,22.5,1.5
Grainéa Muesli pépites croustillantes chocolat noir,446.0,9.6,64.0,15.0,8.3
Wholemeal loaf,254.0,11.7,37.4,5.0,6.4
MAGGI Fond de Veau Dégraissé boîte,316.0,9.0,66.4,1.1,1.0
Spiced Butternut soup,31.0,1.1,2.9,1.4,0.9
whey gold standard,374.0,76.0,7.6,4.6,2.3
Pure Kornkraft Haferbrot,286.0,11.4,20.1,15.1,11.9
12 British Free Range Eggs,131.0,13.0,0.5,9.0,0.5
0% Fat Greek Yogurt,65.0,9.8,6.0,0.2,0.0
Bio Kokonuss mit Reis,23.0,0.1,2.7,1.3,0.1
Fruity Linseed Mix (Semi),512.0,17.5,18.3,37.0,17.8
Barre Céréales CHOCOLAT,405.0,5.1,73.0,9.6,3.3
Patatas Light,464.0,4.4,65.0,20.0,2.8
Mild olive oil,828.0,0.0,0.0,92.0,0.0
Le Petit Chocolat,496.0,6.4,64.0,23.2,2.8
HERTA TARTE EN OR Pâte Brisée sans huile de palme 230g,347.8,6.2,43.0,14.0,5.5
Pasas Sultanas,324.0,3.1,73.0,1.1,4.8
Texas BBQ - Sauce,517.0,6.33,56.7,29.0,3.67
Excellence Noir Suprême Corsé 70% Cacao,535.0,10.0,36.0,36.0,0.0
Chips de légumes,489.0,5.5,39.0,31.0,0.0
grec boire,96.7,2.1,13.2,3.5,0.0
Pizza Quattro Formaggi,257.0,11.0,24.0,13.0,1.6
Puré de patatas en copos instantáneo,349.0,8.3,74.0,0.6,7.4
"Céréales Muesli chocolat & amandes, 400g",449.0,12.0,57.0,17.0,8.5
[Coca-Cola] Carbonated softdrink with cola taste,42.0,0.0,10.6,0.0,0.0
"PET 1,5L OASIS ICE YEA PECHE",19.0,0.0,4.5,0.0,0.0
Jambon de porc Label Rouge Sans Nitrite,113.0,22.0,0.5,2.8,0.0
Skyr Noix de Coco,84.0,8.3,10.1,0.7,0.0
Fiery Goan Curry,186.0,1.9,9.0,15.0,2.6
Ready to Eat Smoked Salmon,185.0,22.3,1.5,9.9,0.4
Wheat & White Mini Wraps,313.0,8.06,51.6,7.1,3.23
Bio-Haferdrink Natur,40.0,0.7,7.3,0.8,0.5
Gewürzketchup Curry,134.0,0.7,31.1,0.3,0.0
Salt & pepper crackers,499.0,9.5,60.3,23.7,3.3
Velouté de 12 légumes,43.3,0.733,5.33,1.93,0.867
Nature Wrap De Blé,296.77,7.9,54.35,5.97,4.35
Morceaux De Maquereaux,126.0,20.3,2.4,3.9,0.0
Pâte à tartiner noisettes  et cacao,550.0,6.3,53.0,34.0,2.8
Tobigo Gusty,436.0,5.4,53.2,22.0,3.29
Campo verde - Fromage,211.0,3.5,11.0,17.0,0.0
Cheese Sauce Mix,403.0,14.5,79.0,3.23,1.61
Pure Vanilla Extract,0.0,0.0,0.0,0.0,0.0
Wholemeal bread,232.0,12.0,36.8,3.0,6.5
CHOLULA HOT SAUCE,0.0,0.0,0.0,0.0,0.0
Cruspies Paprika,561.0,15.0,44.0,35.0,4.8
Crème fraîche entière 30%MG,284.0,2.4,1.9,29.7,0.0
Stéphanie eleveur,140.0,13.0,0.5,9.8,0.0
Tortillas à base de farine de blé,310.0,9.9,51.9,6.5,2.3
myrtilles,0.0,0.0,0.0,0.0,0.0
Bebida de avena calcio,46.0,1.4,8.3,0.8,0.2
Pain de mie au céréales et aux graines,271.0,10.0,42.0,5.8,5.4
Arome MAGGI - Bouteille 1kg,92.0,15.0,7.3,0.5,0.5
"Sauce salade légère 
à la moutarde à l'ancienne",184.0,0.7,6.6,17.0,0.0
Torti Tomates & Épinards,355.0,13.0,71.0,1.5,2.5
Riz pour risotto,352.0,7.4,78.0,0.9,1.1
Riz Méditerranéen de Camargue,352.0,7.4,78.0,0.9,1.1
LULU,370.0,4.8,66.0,9.5,1.2
Courgettes à la Provençale 1/4,62.0,1.8,5.5,3.4,1.3
Haricots rouges Très peu de jus 1/2,108.0,7.7,14.0,0.6,8.0
tartines craquantes riz châtaigne,371.0,6.9,82.0,0.9,3.6
MADELEINE CITRON,418.0,5.9,44.0,24.0,0.0
Vinaigre de cidre - 5% d'acidité,0.0,0.0,0.0,0.0,0.0
Ramen saveur boeuf,160.0,5.2,32.0,0.8,1.9
Oeufs de poules élevées en plein air* *Conformément au mode de production biologique Catégorie A,140.0,13.0,0.5,9.8,0.0
100% pur jus orange sans pulpe,43.0,0.7,10.1,0.5,0.5
Emmental français râpé,362.0,27.0,0.5,28.0,0.5
Carottes,77.0,0.7,5.7,5.4,2.5
Pains au lait format familial,353.0,8.6,55.0,11.0,3.5
L'escalope Cordon Bleu  Dinde,214.0,16.0,14.0,10.0,2.0
Noir amandes entieres,0.0,11.0,41.0,38.0,7.0
St Moret,205.0,8.3,3.0,17.8,0.0
Sojasun citron,77.0,3.7,11.0,2.0,0.3
So Soja! Natural,52.0,4.8,1.6,2.9,0.0
Le Chèvre Typé et Crémeux,276.0,19.0,0.5,22.0,0.0
Quinoa poulet et sésame,175.0,6.9,18.0,6.9,6.5
Chicorée-café soluble,272.0,7.3,40.0,0.34,40.0
Pur Sirop d'Erable,272.0,0.0,66.0,0.5,0.0
Haricots rouges 1/2,105.0,6.5,15.0,0.6,6.6
Emmental français,371.0,27.0,0.5,29.0,0.0
Cacahuètes non salées,621.0,27.0,10.0,51.0,7.1
Cancoillotte Nature,103.33333329999999,8.666666667000001,0.33333333333333304,7.333333333,0.0
Crema De Branza Cu Verdeata,251.0,7.0,4.1,23.0,0.0
Obazda klassisch,328.0,13.0,3.0,29.0,0.0
Beurre de cacahuète crunchy,640.0,24.0,11.0,54.0,6.5
Corny Free Schoko,325.0,6.8,67.6,8.9,5.3
Kalinka Kefir,46.0,3.4,4.1,1.5,0.0
heinz mayo,644.0,0.8,3.0,70.0,0.0
Crisp'n Dry 100% Rapeseed Oil,827.0,0.0,0.0,92.0,0.0
Fruit Creations: Orange & Mango,2.0,0.0,0.0,0.0,0.0
Organic Dark Cooking Chocolate,575.0,9.1,36.0,42.0,10.0
Blueberry & Blackcurrant  Cordial,21.0,0.0,5.2,0.0,0.0
Smooth Orange Juice,40.0,0.8,9.3,0.0,0.0
All-bran choco,392.0,10.0,65.0,8.0,10.0
Natural Yogurt,83.0,5.2,6.8,3.8,0.0
Huile D'Olive Vierge Extra De Crète,821.0,0.0,0.0,91.2,0.0
"Alvalle Gazpacho tomate, menthe & basilic 1 L",30.0,1.0,3.7,1.1,1.1
Kokosnuss,20.0,0.1,2.7,0.8,0.0
Schweppes,19.8,1.0,4.5,0.0,2.0
Peanut butter Crunchy,629.0,26.0,13.0,51.0,6.8
Protein Chocolate Flavoured Shake,51.0,5.7,4.9,0.9,0.0
Le lemon,51.0,0.1,12.5,0.01,0.0
Couacous Dari,350.0,12.0,72.0,2.0,3.3
NESQUIK Gout EXTRA CHOCO Poudre Cacaotée boîte 600g,376.0,7.0,70.7,4.5,10.6
Flavour Cheese,504.0,8.3,64.0,23.0,2.2
Lindor Latte,623.0,5.0,44.0,47.0,0.0
acqua minerale,0.0,0.0,0.0,0.0,0.0
Chocapic,388.0,8.8,73.6,4.8,7.5
Galleta María,408.0,7.0,75.0,11.0,4.5
Cereales con achicoria,357.0,4.9,80.0,0.0,9.2
Cocktail Mezcla,498.0,14.8,41.0,28.8,7.9
Faux Gras,261.0,4.5,9.5,22.0,3.4
Knorr Bouillon de Poule Bio 60g,334.0,4.5,42.0,17.0,1.0
Maille Vinaigrette Légère Huile d'Olive(12%)Pointe d'Olive Noire 36 cl,290.0,0.5,4.0,30.0,0.5
Crème de coco onctueuse,244.0,2.7,4.4,24.0,0.0
Ferrero T3 Rocher fergulf,603.0,8.2,44.4,42.7,0.0
TAM,145.0,29.61,0.17,16.2,0.0
frubes,91.0,3.7,12.0,2.7,0.0
Meggle Streichzart - ungesalzen,589.0,0.6,0.5,65.0,0.0
West Country Butter with Sea Salt Crystals,744.0,0.8,0.6,81.5,0.0
Luxury Chocolate Drink,389.0,5.0,80.6,3.5,0.0
Thick White Super Soft Loaf,249.0,9.0,45.3,2.7,0.0
Milo,181.1,30.1,0.6,6.4,0.0
6 Soft White Rolls Sliced,266.0,9.7,46.6,3.9,2.4
Biere bud,12.0,0.4,2.5,0.0,0.0
Thé vert glacé saveur citron vert & menthe,19.0,0.0,4.4,0.0,0.0
Tomato ketchup -50 % de sucres et sel,64.0,1.4,12.0,0.1,0.0
Belgian Dark Chocolate,486.0,6.19,61.9,22.9,5.24
Tuna Chunks,109.0,24.9,0.0,1.0,0.0
Oats,368.0,11.5,58.0,8.5,11.5
Gold corn flakes miel,378.0,5.6,83.0,1.6,4.6
Green Cordial Plump Summer Raspberry,19.0,0.0,4.5,0.0,0.0
Italian chopped tomatoes in tomato juice,21.0,0.9,2.8,0.5,0.9
Trip CBD Infused Elderflower Mint,8.0,0.0,1.9,0.0,0.0
Drink Happy Vanille,115.0,2.4,11.8,12.0,0.0
Mellow Yellow Rapeseed oil,818.0,0.5,1.0,90.9,0.0
Knoppers Nussriegel Einzelpackung,531.0,8.4,52.2,31.6,0.0
Garlic & Coriander Naan Bread,251.0,8.1,43.3,4.5,2.4
Almette,258.0,5.6,3.0,25.0,0.0
Wholemeal Spelt Flour,339.0,11.0,62.0,2.9,11.0
Sprite Goût Original,33.0,0.0,7.9,0.0,0.0
Innocent smoothie for kids,50.0,0.5,12.0,0.5,0.6
Pizzeria stromboli spicy salami,263.0,11.9,29.4,10.5,1.52
Flocons d'avoine - Grainéa,372.0,14.0,59.0,7.0,10.0
Pain de mie au ble complet,273.0,8.4,46.0,5.1,4.6
A la provençale,50.0,1.4,7.0,1.5,1.5
Strawberries & Cream Ice Cream,240.0,4.0,21.9,15.0,0.2
Red Fruit Benefit,377.0,8.4,79.6,1.4,6.2
Beurre de cacahuètes Bio,599.0,26.1,14.8,49.1,8.6
Lben Pasteurisé,42.0,3.1,4.5,1.3,0.0
High Protein Chocolate Mousse,74.0,10.0,4.5,1.5,1.0
"Прясно краве мляко 3,7%",65.0,3.1,4.7,3.7,0.0
Happy Hippy 74% Cocoa Organic Orange & Geranium Dark Chocolate,587.0,10.0,33.0,44.0,10.0
quesitos light,151.0,11.5,6.0,9.0,0.0
Harrys pain de mie 100% mie complet sans croute sans sucres ajoutés,241.0,8.5,39.0,4.0,7.4
Organic Vanilla Ice Cream,199.0,4.0,17.8,12.3,0.5
ALMOMD MILK,56.0,0.5,10.0,1.5,0.5
Крема сирене класик,217.0,5.8,3.5,20.0,0.0
Pan integral sin azucares añadidos,233.0,10.0,39.0,2.0,5.0
Concombre fromage blc 320g,86.0,1.0,3.0,7.5,1.0
Date Syrup,301.0,2.7,71.0,0.6,0.0
Jben jaouda*2,235.0,8.0,3.5,21.0,0.0
CRUMPET,168.0,6.0,34.0,0.7,2.1
Rillettes de thon,275.0,17.0,1.5,22.0,1.5
Fêta AOP brebis-chèvre,261.0,18.0,2.3,20.0,0.0
Super-Beet Kimchi,22.0,1.0,1.7,0.3,4.0
Sunflower and Pumpkin Soft Farmhouse,291.0,12.2,32.1,10.6,9.0
Garlic and Coriander Naan Bread,247.0,6.1,44.0,4.8,2.8
HERTA LE BON PARIS Jambon sel réduit sans nitrite x6-210g,112.8,22.0,0.8,2.4,0.0
Yeo Valley organic natural yoghurt,72.0,4.2,4.9,3.8,0.0
Hobnobs,472.0,7.4,61.8,20.2,6.5
Leerdammer Original - mild-nussig,352.0,26.0,0.1,27.5,0.0
Glaces Amande,332.0,4.6,32.0,20.0,0.0
Kiri 72p,230.0,9.0,3.5,20.0,0.0
Spread without Palm Oil,545.0,0.1,0.7,60.0,0.7
Томаты Протёртые,36.0,1.6,5.1,0.5,0.0
Cleaning Paste,0.0,0.0,0.0,0.0,0.0
Special flakes nature,373.0,8.7,76.0,2.1,7.5
Salt & Vinegar (crunch),440.0,16.0,50.0,17.0,12.0
Granola Triple Nut,440.0,9.0,47.0,20.0,18.0
Grainéa,381.0,8.5,80.0,1.6,5.5
Galettes de maïs bio,372.0,7.6,82.1,0.9,2.6
Choco Leibniz - Dark,507.0,6.4,59.0,26.0,5.2
Chergui créme de cuisson,0.0,0.0,0.0,0.0,0.0
Delikatess-Mayonnaise mit 80 % Rapsöl,709.0,0.9,2.0,78.0,0.5
fun,433.18,4.74,64.27,17.46,1.63
Scottish Porridge Oats,386.0,10.5,63.4,8.5,6.7
Torsades au blé complet,337.0,11.0,65.0,2.0,7.5
Hazelnut Spread with Cocoa,541.0,5.41,59.5,29.7,2.7
Vegetable oil,825.0,0.5,0.5,91.7,0.5
ZERO CALORIE COLA,0.0,0.0,0.0,0.0,0.0
THE ORIGINAL grape-nuts CEREAL,345.0,10.3,79.3,2.59,12.1
Piri-Piri,16.0,0.6,0.9,0.8,1.6
Piquillo Paprika,33.0,1.5,5.4,0.5,0.0
Galettes de Pont-Aven,514.0,6.0,65.1,25.2,0.0
Envitas miel & pépites de chocolat,434.0,9.0,63.0,15.0,5.5
Thon entier au naturel cuisson vapeur,114.0,26.4,0.0,0.9,0.0
PRESIDENT CROQUE EMMENTAL 12 TRANCHES 200g,231.0,13.5,6.0,17.0,0.0
Mouliné de Légumes verts Verts,29.0,1.1,4.6,0.5,1.1
Lustucru quinoa facile,357.0,14.0,61.0,4.3,9.0
Cracotte Fraise,375.0,5.0,80.0,4.9,1.7
Préparation Citrons pressés,43.0,0.2,10.0,0.1,0.4
150G LINDOR LAIT LINDT,610.0,5.1,45.0,45.0,0.0
Twist Raspberry,28.0,0.5,6.6,0.0,0.0
Biscottes à la farine complète,394.0,13.0,62.0,6.4,11.0
Le Brebiou des Pyrénées,303.0,15.0,0.5,27.0,0.0
Pain 100% mie complet,241.0,7.2,39.7,4.3,7.1
terrine forestière,234.0,4.1,10.0,19.0,3.4
Pancakes au lait frais,367.0,5.6,54.0,17.0,1.0
HUILE OLIVE VIERGE EXTRA BIO,900.0,0.0,0.0,100.0,0.0
Céleri Rémoulade,95.0,1.0,4.1,7.7,2.7
Emmental râpé fondant,377.0,28.0,1.0,29.0,0.5
Haché végétal prêt à cuisiner,180.0,17.0,5.0,8.7,6.9
Fraise bio,178.0,0.5,45.0,0.5,0.0
Pâte à tartiner Curly cacahuète,593.0,25.0,16.0,46.0,9.5
Parmentier de boeuf Aubrac,172.0,6.3,11.0,11.0,1.7
Saint Agur Blue Cheese,361.0,16.0,0.05,33.0,0.5
Tartines craquantes bio à la châtaigne sans gluten,384.0,6.5,83.5,1.6,4.9
Krounchy chocolat,442.0,9.0,65.0,15.0,7.2
J'aime le lait d'ici,47.0,3.3,4.8,1.6,0.0
"Pepsi 1,5L",18.0,0.0,4.6,0.0,0.0
Beurre moulé biologique doux,744.0,0.7,0.9,82.0,0.0
4 Galettes de blé noir,169.0,5.8,31.0,1.6,3.8
Œufs bio x6,70.0,0.0,0.0,0.0,0.0
Pêche morceaux généreux,78.0,0.9,17.0,0.3,1.9
Confiture Cerise INTENSE,164.0,0.7,39.0,0.2,1.6
les 2 vache vanille,144.0,3.8,18.6,6.0,0.0
Choco Bisson cacao,490.0,6.9,64.0,22.0,4.2
bruschette chips,453.0,9.1,71.0,14.0,3.3
Almette Natur,270.0,5.9,3.0,26.0,0.0
Mittelscharfer Delikatess-Senf,109.0,6.6,3.8,6.2,3.1
Milchschnitte Einzelpackung,421.0,7.86,33.9,27.9,0.0
Hafer Drink Natur,39.0,0.6,6.0,1.4,0.5
"Mineralwasser still 6 x 1,5 L",0.0,0.0,0.0,0.0,0.0
Daddies Favourite Brown Sauce,96.0,0.5,21.0,0.0,0.0
"Coca-Cola Zero Sugar 0,5 Liter",1.0,0.0,0.0,0.0,0.0
B/Dragon Sweet Chilli Sqzy 380g,184.0,0.5,43.6,0.6,1.3
Frusli Juicy Red Berries Chewy Cereals Bars 6 x (180g),398.0,5.5,77.0,6.7,3.8
Pataks Tikka Sauce 450g,71.0,1.6,8.3,3.2,0.0
Plain White Flour Free From Gluten,357.0,0.6,87.9,0.0,6.2
Semillas de Lino (molidas en frío),526.0,23.0,15.1,41.0,20.0
Rejuvenate Natural Energy,20.0,0.0,3.9,0.0,0.0
Willow butter,698.0,0.3,0.5,77.2,0.0
Pipers Burrow Hill Cider Vinegar & Sea Salt Crisps,523.0,5.2,57.0,29.7,3.3
Organic extra virgin coconut oil,754.0,0.0,0.0,92.5,0.0
Céréales Trésor Kellogg's Chocolat Lait - 1kg,441.0,7.1,69.0,14.0,3.2
Hand-Cooked Crisps Lightly Sea Salted,520.0,7.0,53.5,29.2,6.75
Biscottes sans sel ajouté,401.0,12.0,75.0,5.1,3.9
Sepia Filletes Of Mackerel In Oil,203.0,33.4,0.2,7.7,0.0
Fanta tropical exotic,53.0,0.0,13.2,0.0,0.0
Manteiga Tradicional Com Sal,743.0,0.6,0.7,82.0,0.0
Eugenia Original,476.0,5.7,67.4,19.6,3.3
Lben,44.0,3.0,4.1999998089999995,1.7000000480000002,0.0
Nectar Mangue,48.0,0.0,12.0,0.1,0.6
7 up lemon & lime,44.0,0.0,11.0,0.0,0.0
ORIGINAL au seigle,336.0,9.0,81.0,1.5,19.0
Nesquick,386.0,5.1,78.9,3.6,7.7
NESTLE® Lait Concentré Sucré 4% MG Boîte 397g,300.0,9.0,57.1,4.0,0.5
Philadelphia Balance,147.0,7.4,5.2,11.0,0.3
Gran saraceno,476.0,7.6,62.5,20.4,6.0
Misura Privolat,467.0,7.78,68.9,16.7,5.56
"Aceite de girasol refinado 0,2º",821.0,0.0,0.0,92.0,0.0
Arroz redondo,344.0,8.2,75.0,1.0,0.0
Filetes de caballa del sur en aceite de oliva,224.0,26.7,0.6,12.2,0.0
Nacho Cheese,480.0,6.8,61.0,22.0,5.5
Amandes,610.0,25.8,6.0,51.8,0.0
Amora Sauce Barbecue 285g,133.0,0.7,30.0,0.7,0.5
Amora Sauce Barbecue Flacon Souple 490g,141.0,0.7,29.0,0.7,0.0
Amora Moutarde Douce Flacon Souple 260g,198.0,5.2,5.7,16.0,2.1
Duck Flavour,75.0,1.2,9.0,3.7,0.4
Coca-Cola sans sucres,0.3,0.0,0.0,0.0,0.0
organic fruits & seeds muesli,407.0,11.0,63.0,10.2,10.0
maron's laitière,241.0,2.4,36.7,9.0,1.5
6 PETIT PAINS,296.0,8.89,59.8,1.33,4.22
Drink happy,0.0,0.0,0.0,0.0,0.0
Gourmand et végétal riz au lait de coco,115.0,1.2,18.7,3.9,0.0
Panier de Yoplait,91.0,3.3,12.4,2.3,0.0
Duo Penotti,0.0,0.0,0.0,0.0,0.0
Three Cheese Flatbreads,420.0,19.1,60.0,10.5,0.0
Charlie Bingham Lasagne,159.0,8.46,11.1,8.72,0.841
Roxta,520.0,3.3,64.0,25.2,0.9
Pasta Soup' - Tomates et Vermicelles,33.0,0.9,6.2,0.4,0.5
Almond Butter & Salted Caramel Cups,450.0,7.22,56.1,23.1,4.72
"Wholegrain, Wild & Red Rice",174.0,4.5,30.8,2.7,4.4
Pan tostado,376.0,13.0,66.0,4.7,0.0
La Poêlée Rustique 750g,100.0,2.4,15.0,2.9,2.0
Tuna chunks in spring water,109.0,24.9,0.0,1.0,0.0
Maxi croust,0.0,0.0,0.0,0.0,0.0
SANPELLEGRINO Momenti boisson gazeuse aromatise clémentine pêche 33cl,10.0,0.0,2.0,0.0,0.0
"céréales et légumes, façon pad thaï, bio",122.0,5.8,12.0,4.5,5.1
Danone veloute fruix panache 125 g x 16,94.0,3.4,13.4,2.9,0.0
Kinder joy,550.0,8.2,56.5,32.0,0.0
Haselnusscreme,555.0,3.8,58.0,34.0,2.1
Frommage fondu emmental,0.0,0.0,0.0,0.0,0.0
Wholemeal Medium Sliced,230.0,10.8,38.0,2.25,8.0
Banana chips,528.0,2.0,56.0,32.0,0.0
Pain multicéréales 500g,255.0,8.8,39.0,5.5,7.1
Savane tout choco,430.0,5.7,47.0,23.0,5.9
Ice limonade,46.1,0.0,11.5,0.0,0.0
Pain Tacos Maxi,300.0,8.5,52.2,5.9,0.0
Ghilal khokh mchmach,69.4,1.5,14.0,0.7,0.0
DARK CHOCOLATE NUTS & SEA SALT,522.0,17.0,24.0,37.5,13.0
Swiss style muesli,373.3333,11.1111,66.6667,5.5556,0.0
Frommage,215.0,9.0,6.5,17.0,0.0
Nachos,481.0,8.2,61.0,22.0,6.3
Puré de Patata,350.0,8.5,73.3,1.0,0.0
Raisins & Cranberries,310.0,1.4,73.7,0.7,1.5
Pâte à tartiner chocolat noisettes,300.0,5.4,30.0,17.0,2.8
عين اطلس,0.0,0.0,0.0,0.0,0.0
Panecillos 100% Integral de Trigo,382.0,13.3,59.6,7.8,10.3
Live Rostoy,20.0,0.0,4.8,0.1,0.0
Galletas chocolate 0%,398.0,6.7,63.0,17.0,3.7
Emotion,167.0,0.0,40.0,0.0,1.4
Sabroz arroz integral,168.0,4.0,30.0,2.9,5.89
oro,0.0,0.0,0.0,0.0,0.0
Classic Mayo,714.0,0.0,0.0,78.6,0.0
"British Mature Cheddar, Strength 4",416.0,25.4,0.0,34.9,0.0
Lunch bowl Légumes & épeautre 250g,126.0,4.7,20.0,2.2,3.5
Saint Agaûne fine saveur de viande séchée,313.0,38.9,2.2,16.5,0.0
Bourn Vita 500Gram Pauch,284.0,5.08,59.3,0.424,17.8
Yaourt grec jaouda,96.0,2.1,13.2,6.0,0.0
Lousra,900.0,1.0,0.0,100.0,0.0
Multi A-Z One-a-Day,0.0,0.0,0.0,0.0,0.0
White sourdough,232.0,8.3,46.0,0.7,3.4
Haltbare Fettarme Milch,47.0,3.4,5.0,1.5,0.0
SCAN TO WIN Brunch in Wine LIGHT New York PHILADEL,147.0,7.4,5.2,11.0,0.3
Gpav cracker salato pav 560 gr,436.0,11.0,64.0,14.0,5.2
Tiger bloomer,295.0,8.07,48.2,7.02,3.16
Beau & bon seigle,292.0,10.0,44.0,7.0,6.5
Dominican dark chocolate,580.0669215,8.8,32.7,44.0,11.4
Smooth,547.0,5.7,51.0,34.0,6.7
Lightly salted,528.0,6.4,52.0,30.8,6.4
Fromage holondaise 24p chedar,0.0,0.0,0.0,0.0,0.0
Danone ALPRO® Joghurt Soja Natur 400g,51.0,4.0,2.3,2.3,0.9
Sea Salt flavour pea and bean sticks,453.0,9.8,58.5,17.9,9.3
Patatas fritas 0% sal,544.0,7.1,51.0,33.0,4.8
Lighter spreadable,499.0,0.5,0.5,55.0,0.0
Tisane nuit tranquille,0.0,0.0,0.0,0.0,0.0
Penne Rigate Integral,345.0,13.5,62.0,2.4,10.0
Nocciolata Pâte à tartiner Cacao  et Noisettes,544.0,8.1,54.0,32.0,3.6
chicken stock,27.0,1.0,1.3,2.0,0.5
Zumo naranja,44.0,0.6,10.0,0.1,0.0
Whole Chestnuts,170.0,3.8,33.0,1.3,5.3
Pan 100% Integral Fino,223.0,9.1,38.0,2.5,0.0
10 pains au lait,349.0,8.5,55.0,10.5,1.8
l'original,477.0,0.0,0.0,53.0,0.0
Beurre De Cacahuètes 100% Naturel,637.0,26.0,15.0,51.0,6.8
ice tops cola 1.5l,0.3,0.0,0.0,0.0,0.0
Pain Campagnard aux graines,393.0,3.9,76.0,6.3,8.5
Tagliatelles aux œufs frais,281.0,10.0,53.0,2.7,2.3
original made with sea salt,429.0,10.7,71.4,12.5,10.7
Fig Bar Raspberry,351.0,5.26,66.7,8.77,5.26
Pure Honey,328.0,0.05,81.5,0.2,0.25
Crème fraîche,297.0,2.2,2.4,30.8,0.0
Fruit Oat Biscuit Breaks,460.0,8.4,61.8,18.6,6.0
Ginger Crystallized In Dark Chocolate,500.0,6.67,53.33,33.33,10.0
"Lingonberry jam, organic",173.0,0.0,42.0,0.0,0.0
Sugo di Pomodoro Bolognese,82.0,3.9,6.3,4.3,1.4
490g 950g,171.0,2.3,0.0,18.0,2.3
Envitas Céréales complètes et pépites de chocolat,457.0,8.7,67.2,16.0,4.7
Pecan Nuts,725.0,11.5,4.2,71.4,10.0
Persillade provençale,317.0,17.6,44.0,2.8,20.5
Olijven / Olives,172.0,1.0,0.0,18.0,3.0
Rosemary Crackers,491.0,7.27,61.8,23.6,0.0
Лешников крем с натрошени лешници и какао,568.0,5.41,56.8,35.1,2.7
Haricots verts extra fins rangés d'aucy 440g,24.0,1.8,2.3,0.2,2.9
"Pom' Potes, Pomme Banane",65.0,0.5,14.0,0.5,1.3
Yaos Le Yaourt à la Grecque Stracciatella 4x125g,148.0,2.6,15.1,8.2,0.0
"KITKAT Ball, Billes au chocolat au Lait, 250g",507.0,7.0,61.9,25.0,2.4
Pur Soup' - Velouté de légumes du soleil,41.0,0.9,4.8,1.7,1.0
Mouliné de légumes bio,33.0,0.8,5.3,0.6,1.1
BULLES DE FRUITS CITRON FRAISE,22.0,0.5,4.9,0.5,0.5
Blanc de Poulet - Rôti à la Broche,104.0,21.0,0.5,2.0,0.0
Fraise et Citron,52.0,0.1,11.9,0.0,0.0
"Escalope Milanaise, Dinde 100% filet",160.0,7.9,17.0,6.4,1.2
Yorik,31.0,3.4,4.4,0.5,0.0
Steak haché Charal authentique,170.0,20.0,0.0,10.0,0.0
Emmental Râpé Fondant 3X70g,373.0,27.0,1.0,29.0,0.0
Soja Figue,456.0,8.0,68.0,16.0,3.9
Pois wasabi,397.0,15.0,59.0,8.1,14.0
Lunettes fraise,436.0,6.0,68.0,15.0,2.6
Seitan veggie,132.0,18.0,10.0,1.7,2.2
SOJA à la VANILLE,46.0,3.2,4.0,1.8,0.7
"Fromage frais nature 3,2% 4x100g",75.0,7.2,3.9,3.2,0.0
Crackers bio emmental et graines de courge paquet de 200g,449.0,20.0,46.0,18.0,11.0
Sardines généreuses au piment,227.0,23.0,0.0,15.0,0.0
4 portions de Colin d'Alaska,184.0,13.0,14.0,8.0,1.3
CRISTALINE Eau De Source 6x1.5L,0.0,0.0,0.0,0.0,0.0
Houmous extra citron confit & coriandre,306.0,7.8,9.5,24.7,7.0
Tartines bio craquantes multi-céréales sans gluten,371.0,9.8,75.0,2.9,3.0
Lait Chèvre,45.0,3.3,4.5,1.5,0.0
Surimi Sticks - Saint Malo 200 G.as,115.0,7.8,12.0,4.0,0.0
Biscottes Blé complet,366.0,12.0,62.0,4.9,12.0
"VEGEtal FALAFELS POIS CHICHE, CORIANDRE",221.0,7.1,15.0,14.0,5.5
Lait entier,64.0,3.2,4.8,3.6,0.5
Pomme de France nature,55.0,0.0,13.0,0.0,1.6
Huile vierge de coco,828.0,0.0,0.0,92.0,0.0
Pain de mie grandes tranches nature sans sucres ajoutés 500G,286.0,7.6,48.0,6.3,3.5
Galettes aux flocons d’avoine fourrées chocolat noir,503.0,6.3,63.0,24.0,4.9
"L'incroyable Mousse, chocolat noir",384.0,6.8,29.0,27.0,3.3
Beurre de cacahuète Crunchy,640.0,24.0,11.0,54.0,6.5
Mix énergie,461.0,9.9,47.0,24.0,0.0
"Coca-Cola Original 0,5 Liter",42.0,0.0,10.6,0.0,0.0
Fusilli,158.0,5.82,31.5,0.412,0.706
Spaghetti Hoops,52.0,1.7,10.6,0.2,0.6
Strawberry Conserve,235.0,0.5,57.7,0.3,0.1
Stonebaked Thin Margherita Pizza,256.0,12.2,27.4,10.4,2.13
Vegetarian 1/4lb Burgers,253.0,21.0,5.3,15.0,7.3
Large free range eggs,131.0,12.6,0.1,9.0,0.0
Fine Sea Salt,0.0,0.0,0.0,0.0,0.0
Infusion bio,0.0,0.0,0.0,0.0,0.0
Mango Chutney,234.0,0.2,56.6,0.4,0.0
100G COTE D'OR NOIR ORIGINAL,528.0,5.0,56.0,30.0,7.3
LOTUS DINOSAURUS Original Chocolat lait 225g (4x3p),504.0,6.3,67.0,23.0,1.7
Sauce De Soja,69.3,6.67,11.3,0.0,0.0
Onken Cherry,107.0,4.1,15.4,2.7,0.0
"NESCAFE SPECIAL FILTRE L'Original, Café Soluble, Flacon de 200g",0.0,0.0,0.0,0.0,0.0
Toblerone White,537.0,6.1,62.0,29.0,0.2
Milka Choc & Choc,454.0,5.6,58.0,22.0,1.6
Alpine Milk,539.0,6.5,57.0,31.0,2.3
Mini Oreo,476.0,5.1,68.0,20.0,3.0
Wafers alla vaniglia,520.0,4.8,67.0,26.0,0.0
Penne Rigate N°66,356.0,14.5,69.5,1.6,2.9
Nescafé classic natural,2.0,0.2,0.1,0.0,0.7
Doritos Tex-mex,480.0,6.82,61.4,22.0,5.45
Pan de molde blanco sin corteza,225.0,8.0,42.0,2.1,3.0
Thin Orkney Oatcakes,501.0,10.4,62.4,22.0,6.0
jibal nature,61.8,3.36,6.0,2.73,0.0
flan,0.0,0.0,0.0,0.0,0.0
Nutty Muesli,392.0,10.9,57.9,11.3,7.7
Chicken Tikka Masala & Pilau Rice,178.0,7.01,18.4,8.15,1.44
Vegan Bloc Butter,720.0,0.5,0.0,80.0,0.5
BANANA LUNCHBOX LOAF,317.0,8.33,56.7,4.67,5.0
"Le petit frais gervais nature 3,9 % 60 g x 12",88.0,9.3,3.8,3.9,0.0
Quinoa Royal - Carottes jaunes et cumin,90.0,3.3,13.0,2.4,3.6
8 Pains au lait frais Bio à la farine complète 280g,359.0,9.4,49.0,13.0,4.2
Pasta de sésamo tahini,710.0,24.9,3.2,65.6,3.4
"Trio gourmand - Tomme fruitée, emmental, gruyère IGP France",358.0,26.0,0.5,28.0,0.0
Galletas Maria Sin Gluten,447.0,6.0,73.8,13.0,5.5
Margarina 100% vegetal con aceite de oliva,360.0,1.7,0.5,40.0,0.0
Poêlée Parisienne 750g,91.0,2.5,9.1,4.3,2.7
Aceite de coco virgen,900.0,0.0,0.0,100.0,0.0
Olivio Oil,828.0,0.5,0.5,92.0,0.5
Multi fit granola with mixed nuts,419.0,9.2,58.0,15.0,3.0
Tesco Plant Chef 4 Spicy Bean Burgers,201.0,4.8,22.0,9.1,6.4
Organic Raspberry Lemonade Kombucha,2.14,0.0,1.57,0.0,0.0
Tisane pure camomille,0.0,0.0,0.0,0.0,0.0
Three Bean Salad in Water,108.9,6.7,19.4,0.5,7.1
Noir extra 99%,598.0,15.0,13.0,50.0,18.0
Luncheon au boeuf,0.0,0.0,0.0,0.0,0.0
Huile d'Olive Vierge Extra Le Moulin Antonin,884.0,0.0,0.0,100.0,0.0
2 Lemon & Pepper Fish Fillets,280.0,15.7,23.2,13.5,0.0
Nocilla Original,546.0,5.0,58.0,32.0,3.0
Plenish organic coconut milk,32.0,0.5,5.3,1.1,0.0
Fagottini,467.0,7.2,67.0,18.0,4.0
tartiner Greek style kiri,0.0,0.0,0.0,0.0,0.0
Petits fromages frais,87.0,9.0,4.1,3.8,0.1
Caramel Almond & Sea salt bar,527.0,16.0,19.0,40.0,17.0
BAKED BEANS,84.0,4.5,13.0,0.5,5.0
One Pot Meal Spanish Butter Bean Stew,66.0,4.44,13.0,1.0,5.91
Fat Free Natural Yogurt,59.0,5.0,8.6,0.5,0.0
Country crisp miel & noix,455.0,9.4,61.1,18.0,5.5
دوليبران,0.0,0.0,0.0,0.0,0.0
Apple & Cinnamon Gut-Loving Porridge,422.0,11.0,63.0,12.0,10.0
Kind Protein Dark Chocolate Nut,536.0,23.8,31.0,33.3,6.43
Jutos orange jaouda,100.0,10.0,10.0,15.0,10.0
Mix de fruits sec,438.0,19.3,46.7,17.4,8.9
"Beurre de cacahouète sucré , a tartiner",620.0,27.0,15.0,47.0,6.8
Pesto genovese senza aglio 190g,492.0,4.7,11.0,47.0,3.0
Recette à l'ancienne,540.0,6.2,54.0,35.0,3.9
Vitamin C 1000 mg,0.0,0.0,0.0,0.0,0.0
Curry thaï,109.0,6.6,8.1,4.1,6.4
Andros gourmand et végétal délice chocolat,112.0,1.5,17.9,3.3,2.2
Protein Cookie Double Chocolate,345.0,25.0,46.0,11.0,4.5
apple rice cake cloud,388.0,6.3,88.5,0.8,0.6
Rama Sooo Buttrig!,713.0,0.0,0.5,79.0,0.0
Pavesini 200 gr,389.0,7.0,83.0,2.5,2.5
Zarte Haferflocken,371.0,13.2,59.5,6.7,9.7
Petits pois carotte,50.0,2.7692306958712103,7.000000292999999,0.384615385,4.0769232236422015
Wholemeal pitta,240.0,11.3,44.8,0.8,4.2
HERTA LE BON PARIS Jambon conservation sans nitrite x2 - 70g,109.2,21.0,0.9,2.4,0.0
Fruits strawberry,106.0,7.3,10.3,4.0,0.0
Dessert Lacté Protein Caramel Salé,79.0,10.0,7.4,1.5,0.0
Rich cocoa smooth peanut butter,626.0,26.4,13.5,50.7,5.2
Barre protéinée,380.0,36.0,35.0,15.0,2.9
Nan,0.0,0.0,0.0,0.0,0.0
Cashew & Almond Gluten-Free Granola,391.0,11.0,57.5,13.0,15.0
Thé vert menthe intense menthe verte & menthe poivrée,4.0,0.0,0.0,0.0,0.0
Taste the Difference Brown Sourdough Bloomer,228.0,9.0,43.3,1.3,3.5
le vrai leben,209.0,3.2,5.9,1.6,0.0
Yoghurt With Walnut & Oats,111.0,3.83,15.9,3.83,2.0
Salsa miel y mostaza,158.0,1.3,36.0,1.1,0.5
plant chef organic firm tofu,106.0,11.3,1.7,5.8,0.8
Muesli Crunchy Chocolat Noir Noisettes Grillées,456.0,10.1,61.3,17.1,8.0
Confitura de  melocotón 0%,40.0,0.0,10.0,0.0,0.0
Palitos frutos secos,487.0,13.0,54.0,23.4,4.3
Lightly Salted Tortilla Chips,479.0,6.2,59.5,22.3,7.4
Yaourt brassé et probiotiques nature,65.0,4.0,4.1,3.2,0.0
Marmite & Cheese Oatcaķes,468.45124282982806,14.6,49.9,21.7,7.8
Melty,673.0,1.600000024,18.60000038,8.920000076293949,0.30000001192092896
Dark Maple Syrup,355.0,0.0,87.0,0.0,0.0
White Bread Loaf,275.0,10.0,50.0,5.0,5.0
Fast Action Dried Yeast 8 Sachets,323.0,44.8,17.6,3.4,21.1
original cream cheese,357.0,7.14,3.57,35.7,0.0
Soft White,250.0,8.2,47.7,2.4,1.7
Medium Wholemeal Super Soft Loaf,234.0,11.0,39.2,2.3,6.2
Sfogliatine glassate,539.0,7.8,54.0,32.0,0.0
Mousse fouettée sur fromage blanc nature,132.0,6.7,3.7,10.4,0.0
Eau de source Sainte Cécile ou Cristal Roc,0.0,0.0,0.0,0.0,0.0
Granola Chocolat Noir,498.0,5.7,60.0,25.0,4.9
Pois chiches Sultanines 265g,126.0,6.8,17.0,2.0,6.3
"NESCAFÉ SPECIAL FILTRE L'Original, Café Soluble, Boite de 25 Sticks",0.0,0.0,0.0,0.0,0.0
"Bonne Maman - Mirabelle Plum Jam, 370g (13oz)",241.0,0.4,59.0,0.1,1.4
Confiture de figues violettes,242.0,0.5,59.0,0.2,1.3
Chicorée Nature,318.0,3.7,57.9,1.0,31.2
Purée Délice Vert 780g,52.0,2.2,5.3,2.0,2.0
Bruges Assortment Biscuits,510.0,4.9,63.5,25.7,0.0
Lutti guimauve chocolat,386.0,5.2,69.0,10.0,0.0
Dégustation Fruité & Gourmand,347.0,26.0,0.5,27.0,0.0
Schweppes zéro Indian Tonic,1.0,0.0,0.0,0.0,0.0
Käse Géramont,352.06,17.0,0.5,32.0,0.0
Falafels pois chiches épinards menthe,225.0,7.9,16.0,13.0,6.4
madeleines,425.0,5.1,55.0,21.0,1.6
Levure chimique,80.0,0.0,20.0,0.0,0.0
CHORIZO Doux,498.0,18.0,3.0,46.0,0.0
La crème brûlée,258.0,3.7,17.0,19.0,0.0
Le Lait Ribot,58.0,3.3,4.0,3.2,0.0
Levure de bière & sélénium,315.0,39.5,15.0,5.2,25.0
Galettes céréales Lentilles et curry,182.0,5.8,22.0,7.1,3.6
Cassoulet au canard,134.0,11.0,6.7,6.0,4.7
Cassoulet au Canard,134.0,11.0,6.7,6.0,0.0
Pomme,53.0,0.0,12.0,0.0,1.7
Fromage blanc,71.0,6.7,4.8,2.8,0.0
Lentilles préparées - 1/2,82.0,5.7,12.0,0.5,3.5
Chocolat noir dessert,533.0,6.6,51.0,32.0,7.5
Fromage blanc 0% de matière grasse,49.0,7.5,4.7,0.5,0.0
Soja cuisine BIO 20 cl,162.0,3.0,3.1,15.0,0.8
Lait Demi-écrémé stérilisé UHT,46.0,3.0,4.0,1.0,0.0
Thon listao au naturel pêché ligne 140g,118.0,26.0,0.0,1.5,0.0
Seitan en tranches,125.0,20.0,7.1,1.6,1.0
HUILE OLIVE VE BIO,900.0,0.0,0.0,100.0,0.0
Pur Arabica Moulu biologique,0.0,0.0,0.0,0.0,0.0
Curry de lentilles corail et légumes,101.0,5.3,10.0,3.6,3.0
4 Röstis de légumes et cheddar,118.0,3.9,10.0,6.2,2.4
Ratatouille,68.0,1.1,5.3,4.3,2.0
Brioche Tranchée,340.0,7.9,52.0,11.0,2.3
Taboulé au poulet à la ciboulette,171.0,5.5,20.0,7.2,2.3
8 Pains au chocolat pur beurre 400g,413.0,6.8,45.0,22.0,3.8
Hop parfum framboise,66.0,3.0,10.7,0.8,0.1
Yop parfum vanille,66.0,3.0,10.6,0.8,0.0
Fromage tartinable ail et fines herbes,245.0,5.8,3.6,23.0,0.0
Tropicana Pamplemousse rose 1 L,39.0,0.5,7.6,0.0,0.9
8 Pains au lait,357.0,8.7,53.0,12.0,2.0
Morceaux de thon,99.0,24.0,0.5,0.5,0.0
Crunchy Chocolat noir intense,441.0,10.0,62.0,15.0,9.0
Tartines craquantes froment,371.0,11.0,74.0,2.4,5.9
Beurre doux bio 82% mg,744.0,0.7,0.9,82.0,0.0
Chinois crème pâtissière,280.0,6.1,46.0,7.6,0.0
Mousse aux oeufs frais chocolat au lait,294.0,5.7,20.0,21.0,1.3
LES 2 VACHES YAOURTS BRASSES NATURE 115 G X 4,69.0,4.1,5.2,3.5,0.0
"Grand cœur fondant, chocolat noisettes",510.0,6.1,59.0,27.0,3.9
Солети Златна Добруджа,381.3,8.4,72.4,4.5,1.8
Spearmint Flavour,153.0,0.0,62.0,0.0,0.0
Twiglets Original,421.0,12.4,57.0,13.4,11.3
Robinsons Apple & Blackcurrant,2.0,0.0,0.0,0.0,0.0
Tuc,0.0,0.0,0.0,0.0,0.0
Mango chutney,0.0,0.5,59.5,0.5,0.5
Doritos Mild Salsa 300g,35.0,1.4,6.6,0.2,0.7
Indian Style Pilau Rice,132.0,2.56,25.2,2.16,1.04
Patak's Plain Pappadums x 8,462.0,18.8,38.8,25.0,8.75
Цинк,68.0,0.1,8.5,0.0,0.0
Heinz Seriously Good Squeezy Mayonnaise,644.0,0.8,3.0,70.0,0.0
Wholegrain mustard,188.0,8.6,9.0,12.3,0.0
Bebida energética Ultra Zero,0.4,0.0,0.18,0.0,0.0
Soia,39.0,3.0,2.5,1.7,0.5
Cherry,43.0,0.0,10.7,0.0,0.0
Leaser chips fromage+oignons,545.0,5.0,45.0,37.0,0.0
Arroz gigala,354.0,6.0999999046326,80.0,0.699999988,0.0
Nectar orange 0%,25.0,0.9,4.9,0.1,0.0
"RICORE Noir Intense, Café & Chicorée, Boîte 240g",141.0,3.0,7.7,0.5,48.7
HERTA Lardons allumettes fumés sans antibiotique,250.0,17.0,0.4,20.0,0.5
Milk Chocolate Bar,528.0,5.6,61.0,29.0,2.4
Café Il Mattino Lavazza,0.0,0.0,0.0,0.0,0.0
caffè in grani classico,0.0,0.0,0.0,0.0,0.0
Rummo Fusilli 500g,356.0,14.5,69.5,1.6,2.32
Nutella & GO,264.0,3.8,32.0,13.1,0.0
Mermelada de fresas de temporada,219.0,0.6,53.0,0.1,1.5
Limonada natural light,23.0,0.1,5.6,0.0,0.0
Yatekomo Pollo,92.6,2.13,12.3,3.87,0.0
Queso fundido sandwich,288.0,17.0,9.9,20.0,0.0
Tomate,522.0,8.6,53.0,30.0,3.1
Tomato Ketchup 50% weniger Zucker & Salz,64.0,1.4,12.0,0.1,0.0
Mama Instant Rice Noodles,353.0,6.0,80.0,0.5,2.1
Lasagne Pasta,357.0,12.9,71.2,1.6,3.47
Velouté de Potiron,29.0,0.4,3.9,0.8,1.0
Roasted & Salted Peanuts,645.0,28.6,9.6,53.4,5.8
Vegetable stock cubes,0.0,0.0,0.0,0.0,0.0
Momo white,494.0,7.0,70.0,10.0,0.0
Sun-Dried Tomato Antipasto,190.0,3.0,12.0,15.0,6.2
"Miranda citron 1,5L",45.0,0.0,12.0,0.0,0.0
Kelly's Fitness Club crunchy muesli with dried fruit,399.0,8.3,71.8,11.2,0.0
Queso fresco vaca,170.0,11.8,5.4,11.4,0.0
Хрус-хрус,410.0,13.0,75.5,6.2,3.7
Amora Vinaigrette Légère Saveur Moutarde,262.0,0.6,5.9,26.0,0.5
Galletas tradicionales,448.0,5.0,72.0,15.0,2.3
Plain Bagels,264.0,9.18,50.9,1.76,3.41
Greenwood verveine,0.0,0.0,0.0,0.0,0.0
Pepsi Pet,42.0,0.0,11.0,0.0,0.0
Tam,233.0,25.8,0.1,14.2,0.0
Grissini artigianali,476.0,13.0,60.0,19.0,6.6
Eau petillante,0.0,0.0,0.0,0.0,0.0
ORIGINAL RYE CRISPBREAD,356.0,10.0,68.7,1.4,0.0
Chicken Dippers,252.0,13.1,22.0,13.1,0.971
Мюсли с лешници,471.7973231000001,9.0,75.6,19.0,11.6
Devin изворна,0.0,0.0,0.0,0.0,0.0
Rose Harissa Paste,459.0,2.2,9.5,44.2,4.3
ENERGY,484.0,9.2,56.0,25.0,2.6
Le Rougail Saucisse et son riz créole,155.0,5.1,16.0,7.6,1.3
Le Sfoglie,533.0,6.67,53.3,30.0,3.33
Cremefine zum Kochen 7% Fett,89.0,1.1,4.8,7.4,0.0
Rice noodles Satay flavour,0.0,0.0,0.0,0.0,0.0
Quark Peach-Passion Fruit,69.0,12.3,3.7,0.5,0.0
Vitamin coconut bar,481.0,3.5,55.0,27.0,6.8
Morrocan Falaffels,239.0,6.0,36.0,6.5,6.0
Nouilles aux œufs,162.0,5.7,31.0,1.4,1.6
Sour cream & onion,525.0,6.0,56.0,30.0,3.4
Tomato Puree,89.0,4.5,15.6,0.4,2.3
Protein Bar Chocolate Brownie,368.0,50.0,25.4,10.0,0.0
Spread,620.0,0.0,0.0,70.0,0.0
Bière Blonde sans alcool 1664,15.0,0.3,3.4,0.0,0.0
Poisson à la Bordelaise & écrasé de pommes de terre,130.0,6.2,9.8,7.1,1.0
Loading…,0.0,0.0,0.0,0.0,0.0
Bolognese pasta sauce,36.8,0.88,7.04,0.4,0.88
Parmigiano Reggiano AOP en copeaux,402.0,32.4,0.0,29.7,0.0
Flan entremets au bon goût de vanille,84.0,3.2,14.0,1.5,0.0
Stonebaked Margherita Hand Stretched Pizza,256.0,13.4,32.5,7.4,2.49
Lentil & Smoked Bacon soup,61.1,5.0,5.71,1.71,1.61
Fromage fondu hamburger,280.0,15.0,5.0,20.0,0.0
Orzo,177.0,6.9,35.4,0.4,2.3
Coca-Cola sans sucres sans caféine,0.3,0.0,0.0,0.0,0.0
Skyr sans lactose Stracciatella,67.0,9.1,3.9,1.5,0.0
Light Cheese Triangles,147.0,15.0,6.0,7.0,0.0
Céréales Muesli croustillant fruits rouges sachet 350g,385.0,8.8,61.0,10.0,7.9
Oats & Plenty Super Seedy & Nutty Porridge,426.0,13.0,53.8,15.6,10.1
Creamy Greek Natural Yogurt,124.0,4.5,5.2,9.3,0.0
Mixed Bean Salad,108.0,6.0,16.7,0.8,5.1
Leka cream,0.0,0.0,0.0,0.0,0.0
Beurre de cacahuete,583.0,24.3,24.8,48.2,0.0
Asda extra special Wholemeal & bread,254.0,11.0,36.0,5.6,7.8
Chocolate negro 72%,568.0,10.0,32.0,42.0,11.0
"PET 1,25L LORINA LIMONADE DOUB",16.0,0.0,3.9,0.0,0.0
Queso Fresco ORIGINAL,238.0,5.5,3.0,22.5,0.0
Épinards Branches à la Crème,68.0,3.5,5.8,3.1,1.6
Bio country crisp,447.0,9.8,62.9,16.0,6.0
Golden Roasted Peanut Butter Drizzle imp,596.0,29.6,11.6,46.0,0.0
PRIME Blue Raspberry,4.0,0.0,1.0,0.0,0.0
Matzo,357.0,10.0,79.0,1.0,4.3
Beef Gravy,350.0,0.5,68.1,6.5,0.9
Hamburguesas de berenjenas,195.0,10.4,12.4,10.7,3.8
Grano high fibre seeded,440.0,11.9,58.2,15.7,9.0
Choco Pops Cereals,380.0,10.0,77.0,2.2,6.0
Kinder tronky,521.0,9.8,57.1,27.8,0.0
Tchico xxl,427.0,6.3,70.0,13.0,5.0
Tendre Poulet Goût Rôti 4 tranches,108.0,20.0,0.5,2.9,0.0
fromage Enfant 96p,282.0,17.0,1.2,22.0,0.0
LIGHT MAYONNAISE,269.0,0.5,6.1,26.0,0.0
Bisto gravy,397.0,1.7,59.8,16.3,2.1
Kaergarden ungesalzen,589.0,0.5,0.5,65.0,0.0
Low Sugar Maple & Pecan Granola imp,478.0,12.1,50.7,23.2,9.2
superfood organic Hot Chocolate,382.0,11.0,67.0,5.1,12.0
Barritas de galleta rellenas de arándanos,402.0,5.0,76.0,8.0,3.0
Oranges Clémentines Citrons sans sucres ajoutés,84.0,0.8,20.4,0.5,18.1
Danone Hipro + fruits rouges,54.0,9.4,3.8,0.1,0.0
GOÛTER,480.0,6.4,65.0,22.0,0.0
Remoulade,601.0,0.6,5.0,64.0,0.5
الشركي بروتين,59.0,8.0,5.5,0.7,0.0
Haferdrink Natur,40.0,0.6,6.0,1.4,0.5
Pan de molde 100% integral sin corteza,225.0,9.29,35.0,4.9,6.43
milka triple chocolat avec morceaux de biscuits,524.0,5.7,57.0,30.0,2.7
Knorr Secret d'Arômes Assaisonnement en Poudre Plein Sud UEFA EURO 2024 Tube 145g,232.0,16.0,23.0,7.4,5.8
PEANUT BUTTER CREAMY,594.0,21.9,18.8,50.0,6.25
PUMPKIN SEED + FLAX GRANOLA,473.0,10.9,67.3,18.2,7.27
Parmigiano Reggiano D.O.P,402.0,32.4,0.5,29.7,0.5
Butterkeks Mit Vollmilch Schokolade,506.0,7.7,57.6,26.0,5.2
Goody Cao,384.0,5.4,78.9,3.3,7.5
Crefee mit feinen  Kräutern,245.0,6.0,3.0,23.0,0.0
Traube-Nuss Müsli 68% Vollkorn,375.0,10.8,53.6,10.6,10.8
Muesli Croccante,450.0,11.7,71.7,13.3,8.33
Knorr Soupe Déshydratée Douceur de 9 Légumes 3 Portions,425.0,7.8,50.0,20.0,7.0
Olives vertes dénoyautées -25% sel,152.0,1.2,0.0,15.0,0.0
Mini Rollos Chocolat au Lait & Coeur fondant au Lait,509.0,6.8,64.0,25.0,1.9
22 TRANCHES SANS CROUTE Nature Sans Sucres Ajoutés,264.0,9.3,47.0,3.4,4.2
Actimel 100 g x 12 original,72.0,3.0,10.8,1.5,0.0
Activia fraise,88.0,3.7,11.8,2.8,0.0
Coquillettes,361.0,12.0,72.0,2.0,3.6
Panzani Spaghetti n.5,361.0,10.0,72.0,2.0,3.6
Wild Blueberry Conserve,241.0,0.3,59.0,0.1,1.5
Emmental Francese,369.0,27.0,0.5,29.0,0.0
L'emmental français extra fin,369.0,27.0,0.5,29.0,0.0
gaufres au sucre perlé,450.0,6.0,51.0,24.0,0.0
Nouilles japonaises saveur boeuf teppanyaki,80.0,1.9,10.0,3.5,0.6
Gnocchi à poeler,195.0,5.9,34.0,3.4,2.4
Chips à l'Ancienne nature,553.0,5.5,47.0,37.0,4.9
Sel et Poivre,411.0,15.6,58.2,10.8,9.3
Tablette dégustation chocolat noir 70% - 100g,573.0,10.0,33.0,40.0,13.0
Truite fumée - 120g,163.0,22.0,0.0,8.7,0.0
Taboulé aux tomates 5/6,109.0,3.8,20.0,1.3,1.9
P'tit déj bio céréales et chocolat,496.0,7.1,62.0,23.0,6.5
COOKIES Chocolat Noisettes,501.0,7.1,58.0,26.0,3.8
Dessert café 4x100 g,84.0,3.3,13.8,1.7,0.0
sojasun chocolat,107.0,3.5,16.5,2.7,0.0
Trio de lentilles à la moutarde à l'ancienne - Végétal,131.0,7.2,14.0,4.1,4.6
Sucralose,362.0,0.0,90.0,0.0,0.0
Lait Matin léger BiO,43.0,3.3,4.8,1.2,0.0
Dipster,496.0,4.3,62.0,25.0,3.5
Maïs,77.0,2.6,12.0,1.7,2.8
Cœur de crème,351.0,18.0,0.5,31.0,0.0
Pesto Verde,312.0,3.7,5.3,30.0,3.0
Moutarde de Dijon bio,157.0,7.5,3.0,12.0,3.5
Chocolat noir aux éclats d'amandes,554.0,7.9,45.0,36.0,9.1
Snacks a Jacks Chocolate Chip Rice Cakes 180g,325.0,5.0,56.9,5.0,10.0
Mixed Nuts and Raisins,568.0,22.8,16.0,44.8,6.4
Dark chocolate bar with cranberries and macadamias,424.0,4.44,46.7,22.2,7.56
Dried Active Yeast,0.0,0.0,0.0,0.0,0.0
Pipers Lye Cross Cheddar & Onion Crisps,533.0,6.2,56.1,30.8,3.3
Hit Lean & Green Apple + Elderflower + Maté Tea + L-Carnitine,7.0,0.5,1.4,0.5,0.5
Cadbury hot chocolate,404.0,6.4,76.0,5.8,9.3
Innocent jus pomme & framboise 900ml,42.7,0.193,10.0,0.0,0.667
Thé vert,1.0,0.1,0.2,0.0,0.0
Tranches saveur Cheddar,295.0,0.0,22.0,23.0,0.0
Coca-Cola Zero Sugar 1 Liter,0.2,0.0,0.0,0.0,0.0
Bebida isotónica limón zero azúcar,1.0,0.0,0.0,0.0,0.0
Snack Aper Matutano Doritos Tex-Mex 120g,497.0,6.6,56.9,25.8,4.8
Finesse cereale,61.0,4.7,10.4,0.3,0.0
Soif,76.0,2.3,13.7,1.4,0.0
Protein Raspberry Yogurt,71.0,10.0,6.4,0.2,0.0
Wasa delicate thin crackers sea salt 180g we,436.0,9.0,68.0,13.0,5.4
Crema Aceto Balsamico di Modena,189.0,0.5,44.0,0.0,0.0
Le Fresche Biscottate Integrali,393.0,13.0,68.0,5.8,9.0
Fibrextra,447.0,8.6,59.0,17.0,12.0
Choco Chip Cookies,523.0,4.3,62.0,28.0,2.8
Tortiglioni - Barilla,359.0,13.0,71.0,2.0,3.0
Tarallucci mb 350g int. eu,467.0,7.0,70.0,17.0,3.0
Pesto a base de albahaca,473.0,5.8,9.0,46.0,1.9
Melocotón,55.0,0.3,13.9,0.0,0.0
Leche semidesnatada,46.0,3.2,4.7,1.6,0.0
Digestive Choco,449.0,7.0,63.0,21.0,6.0
Galleta boer sabor coco,478.0,4.590000153,69.90000153,19.65999985,1.48
Orangina zero,8.0,0.0,1.4,0.1,0.0
Aceite de oliva virgen extra,822.0,0.0,0.0,91.0,0.0
Soja texturizada fina,326.0,51.0,20.0,1.3,15.0
Yogur natural con azucar de caña,94.0,2.7,11.6,3.8,0.0
Pipa Calabaza Natural,583.0,35.0,3.0,48.0,5.5
Knorr Soupe Liquide Mouliné de Légumes Variés du Potager 1L,27.0,0.9,4.2,0.5,1.0
Strawberry Yogurt,71.0,10.0,5.7,0.6,0.0
Ice pomme 33cl,58.0,0.0,14.3,0.0,0.0
Arroz largo,347.0,6.5,78.0,0.8,0.0
Cornish Pasty,262.0,6.5,23.5,15.3,2.5
Strong White Bread Flour,367.0,11.7,75.3,1.4,3.1
"Alpro Sojadrink, Barista 1L",42.0,3.3,2.7,1.9,0.6
ProActiv Expert Tartine et Gourmet Sans Huile de Palme,490.0,0.0,0.0,55.0,0.0
YOP Parfum Vanille,66.0,3.0,10.7,0.8,0.0
Smoked haddock & salmon chowder,82.0,2.9,7.3,4.3,0.0
Maria,408.0,7.0,75.0,11.0,0.0
British Mature Cheddar,416.0,25.0,0.5,35.0,0.5
Pecan & Almond Grain-Free Granola,634.0,15.3,19.9,53.0,0.0
Lu thé pocket,453.0,7.5,73.0,14.0,3.4
Infusion Ayurveda,0.0,0.0,0.0,0.0,0.0
6 British Free Range Eggs,143.0,14.1,0.0,9.6,0.0
Balsamic Drizzle,180.0,0.667,44.7,0.0,1.33
La Poêlée Champêtre 950g,45.0,2.6,5.5,0.4,4.3
Brassé citron au lait entier,92.0,3.3,12.0,2.7,0.0
Nature Valley CRUNCHY,473.0,8.7,64.3,19.8,7.0
Kingsize Peanuts Unsalted,619.0,26.0,11.0,50.0,0.0
Panela,376.0,0.0,94.0,0.0,0.0
Kinder Cards Family-Pack 20days,510.0,11.5,55.9,26.3,0.0
Pure Honey Ani3ma,0.0,0.0,0.0,0.0,0.0
Avocado Oil Spray,0.0,0.0,0.0,0.0,0.0
Pumpkin seeds,579.0,24.4,15.2,45.6,5.3
Biscotte,401.0,13.0,72.0,5.4,6.2
Noix de cajou,595.0,19.3,22.6,46.6,0.0
Organic Peruvian 85% Cocoa Dark Chocolate,597.0,11.0,24.0,48.0,13.0
St hubert bio & vegetal demi sel 230g ss hdp,495.0,0.0,0.0,55.0,0.0
Extra Special Wholemeal Multigrain Sliced Loaf,256.0,12.0,36.0,5.6,7.8
Ciclamato y sacarina,0.0,0.0,0.0,0.0,0.0
Schoko Müsli,410.0,11.2,60.7,11.8,8.2
Infusion à froid Detox cranberry framboise hibiscus,4.0,0.5,0.5,0.5,0.0
Körniger Frischkäse,91.0,12.7,1.0,4.0,0.0
Cacahuete tostado 0% sal añadida,618.0,24.0,13.0,50.4,8.2
Seed mix (Semi),576.0,22.9,12.8,46.2,8.7
Pastabox Carbonara,166.0,7.1,17.0,7.6,1.2
Le Supérieur à l'Etouffée,115.0,22.0,0.5,2.8,0.0
Doritos Salsa douce,35.0,1.4,6.6,0.2,0.7
Organic Sprouted Pumpkin Seeds Sea Salt,600.0,26.7,10.0,50.0,6.67
Nascondini mb 330g int. eu,483.0,6.7,65.0,21.0,3.8
Riz coco curry et poulet rôti,151.0,5.6,22.0,4.2,1.6
Скир натурален,64.0,11.0,4.0,0.2,0.0
Granola au chocolat et framboises,410.0,12.5,65.2,8.4,10.2
Hula Hoops salted,507.0,3.11,62.2,26.7,0.0
Flora Rica en Omega 3,535.0,0.4,0.4,59.0,0.0
tobigo,452.0,6.0,63.0,19.0,0.0
Sunflower and spelt loaf,282.0,12.2,36.0,7.7,9.7
HERTA LE BON PARIS Jambon sel réduit sans nitrite x2 -70g,112.8,22.0,0.8,2.4,0.0
Amora Moutarde Douce Verre de Table 230g,198.0,5.2,5.7,16.0,2.1
Biscottes à la farine complète sans sucres ajoutés,395.0,14.0,65.0,4.6,7.0
Mayonnaise de Dijon,648.0,1.2,1.6,70.0,0.0
trufas,571.0,5.6,44.0,40.0,0.0
BID 60CL CITRON TESSEIRE ZERO,22.0,0.0,2.9,0.0,0.0
Granola cookie cœur extra moelleux,482.0,4.6,60.0,25.0,2.4
Skyr fraise,75.0,8.5,9.7,0.2,0.0
Long grain incollable,353.0,7.5,79.0,1.0,1.3
Oaty & Crispy Avoine & Cacao x 5 barres de 23 g,389.0,7.5,66.8,8.1,9.1
100% mie nature,266.0,7.0,48.0,4.3,3.8
Avoine & miel,392.0,7.2,68.8,8.0,8.2
Poms 1.3l,28.6,0.0,6.9,0.0,0.0
collection crafted white sourdough,224.0,9.6,42.7,1.0,3.0
Tortilla/Tortilha 100% cereal Integral,296.0,9.7,42.0,8.0,9.8
Yogur Griego Azúcar de Caña,150.0,3.7,11.3,10.0,0.0
Galettes de riz complet,386.0,7.6,78.8,3.5,4.2
Plenish Barista Organic Almond Drink,32.0,1.2,1.7,2.1,0.7
AQUA CARPATICA,0.0,0.0,0.0,0.0,0.0
Cola doza,42.0,0.0,10.6,0.0,0.0
White pitta bread,249.0,9.6,48.7,1.2,2.7
PEANUT BUTTER SPREAD,576.0,21.2,24.2,48.5,9.09
Heritage Flakes Cereal,400.0,12.5,77.5,3.75,17.5
"Erdnüsse, pikant gewürzt",590.0,25.3,16.0,45.6,0.0
Spéculoos,478.0,5.7,71.9,18.3,1.4
BATTS WHOLEGRAIN MUSTARD,165.0,7.2,2.3,12.0,0.0
Crunchy muesli,450.0,9.9,63.4,15.9,6.9
Lait saveur cacao,67.0,3.0,10.0,1.5,0.6
YAOURT Nature,44.0,4.0,4.8,1.0,0.0
Cypriot Halloumi,302.0,20.0,1.4,24.0,0.5
Préparation de fruits clémentines et oranges de Corse,192.0,0.5,47.0,0.5,0.0
Meis Waffeln mit Meersalz Bio,382.0,7.35,85.3,1.47,0.0
Joghurt mild cremig gerührt,70.0,4.5,5.2,3.5,0.0
Chocolat noir bio 70% cacao,581.0,8.3,35.0,43.0,0.0
Glico Mikado & Go - Chocolat au lait,477.0,7.7,67.0,19.0,2.8
Jockey straciatella 120 g x 4,155.0,4.9,18.1,6.9,0.2
"Danone fromage blanc 3,2% de mg nature 100 g x 8",75.0,7.7,3.9,3.2,0.0
Senf grob,176.0,6.9,9.4,10.0,0.0
Mouliné de légumes,33.0,0.7,5.3,0.8,1.1
Triangolini Sésame,483.0,10.0,59.0,22.0,4.3
Farine de blé suprême,335.0,8.4,70.9,1.1,4.0
Ma levure boulangère,359.0,46.0,19.0,7.0,24.8
Fruit shoot,22.0,0.0,5.2,0.0,0.0
300G DRAGÖLO HARIBO,359.0,3.2,85.0,0.5,0.0
Muesli bio croustillant 3 chocolats,474.0,10.0,59.0,20.0,8.1
"PET1,5L SCHW.ZERO INDIAN TONIC",1.0,0.0,0.0,0.0,0.0
Mon Tropical,28.0,0.1,6.6,0.0,0.0
Couscous moyen,361.0,13.0,72.0,1.8,3.7
Bénénuts 3D's Bugles Goût bacon,531.0,5.6,59.0,30.0,1.7
Orge & pruneaux a la marocaine,137.0,5.6,19.0,3.2,5.1
Crousti Chocolat,445.0,6.0,60.0,24.0,7.1
"Tendres carrés de blé - oignons, pomme de terre, emmental",226.0,14.0,20.0,9.3,3.3
Tartelettes framboise,422.0,4.2,73.0,12.0,2.6
Boisson végétale Coco,24.0,0.5,2.4,1.6,0.0
Amande protéines,28.0,1.8,2.6,1.2,0.5
Biscottes complètes x36,375.0,15.0,63.0,4.8,10.0
Biscottes complètes x36 - BIO,373.0,15.0,65.0,3.8,9.2
Avoines,360.0,12.0,72.0,2.0,3.0
CRISTALINE Eau de Source au jus de fruits FRAISE 50cl,16.0,0.0,3.7,0.0,0.0
St. Môret Frischkäse Nature,207.0,8.3,3.5,17.8,0.0
Le nature brebis nature,78.0,4.5,4.0,4.9,0.0
Curly Cacahuète L'Original,461.0,13.0,54.0,20.0,3.8
Paysan Breton - Le Fromage Fouetté Madame Loïk - Figue Noix de nos régions françaises,272.0,5.9,7.5,24.0,1.0
Lait Demi-Ecrémé - Stérilisé UHT,46.0,3.3,4.8,1.5,0.0
Le Gourmand Céréales et Graines,289.0,10.0,48.0,5.5,3.9
Sardines au citron & basilic,159.0,22.0,1.2,7.3,0.0
Guacamole extra,196.0,1.8,4.0,19.0,3.4
EMMENTAL Râpé,369.0,27.0,0.0,29.0,0.0
Pains au chocolat x 8,408.0,7.1,48.0,21.0,2.5
Déli Matin allégé de 30% en sucres aux pépites de chocolat,441.0,8.2,71.0,13.0,5.1
Riz complet,360.0,7.7,75.0,2.6,2.9
Emmental rapé,374.0,27.0,2.0,29.0,0.0
Déli Matin Multi-Céréales,447.0,8.0,67.0,15.0,6.0
Lait amande intense bio,63.0,1.7,4.9,4.1,0.0
Bio village - Miel de Fleurs,320.0,0.0,80.0,0.0,0.0
Chocolat noir Fèves de cacao,543.0,8.1,21.0,44.0,15.0
BROWN RICE CAKES,395.0,8.2,79.0,3.6,6.9
БОНБОНИ МЕРСИ,563.0,7.8,49.9,36.1,0.0
"Erdnussmus, fein",630.0,26.0,11.0,52.0,7.1
Fischstäbchen Erwin,203.0,13.0,18.0,8.6,0.8
hp sauce 255g,124.0,0.9,28.3,0.1,0.0
Minestrone Soup,32.0,1.0,6.2,0.2,0.8
Bull's-Eye Original BBQ Sauce,160.0,1.299999952,38.0,0.200000003,0.0
Sour Cream Multigrain Snacks,476.0,7.2,60.0,22.0,8.4
Doritos Tangy Cheese,479.0,6.88,60.4,22.9,5.62
Wholemeal,230.0,10.8,38.5,2.25,6.25
apple juice,45.0,0.2,11.0,0.0,0.5
Sun-dried tomato,161.0,3.0,22.9,12.0,7.9
Tesco Greek Style Yoghurt 4 X,99.0,3.7,4.2,7.5,0.0
Actimel Strawberry,72.0,2.8,11.0,1.4,1.0
Proper Corn Lightly Sea Salted,440.0,8.5,56.5,17.5,11.0
Mignonnette lait,531.0,7.7,55.0,30.0,3.2
Dima biscuit,445.0,6.34,77.01,12.09,0.0
Lalla Khedidja,0.0,0.0,0.0,0.0,0.0
Voda,0.0,0.0,0.0,0.0,0.0
صول  مرغرين,721.6,0.1,0.3,80.0,0.0
Volkoren Authentiek Rogge-Knäckebrod,330.0,10.0,58.0,2.0,20.0
Caramelo Liquido,290.0,0.0,72.0,0.0,0.0
Cioccograno mb 330g,473.0,7.7,60.0,21.0,6.6
Font Vella,0.0,0.0,0.0,0.0,0.0
Cookies de Cacao con Chips de Chocolate sin Gluten,467.0,4.2,64.0,20.0,7.3
Aceite de oliva virgen extra gran selección,822.0,0.0,0.0,91.0,0.0
Limón exprimido,29.0,0.0,7.1,0.0,0.0
Hélices Vegetales,346.0,13.0,68.0,1.5,4.2
Quinoa,389.0,14.0,66.05,6.1,0.0
Yogur al estilo griego Stracciatella,159.0,3.4,15.4,9.3,0.0
Queso lonchas suave,231.0,10.5,13.5,15.0,0.0
instant rice vermicelli noodles,360.0,6.67,82.2,0.0,2.0
Original Neapolitaner,485.0,5.6,65.0,22.0,0.0
HEINZ TOMATO KETCHUP,0.0,1.2,23.5,0.1,1.8
Nuts & Raisins unsalted,506.0,16.0,37.0,31.1,0.0
Barritas frutos secos,593.0,19.0,20.0,47.0,7.1
Mixy fraise,76.3,2.3,13.1,1.3,0.0
Gellytina,65.0,0.0,16.0,0.0,0.0
MayMouna Semoule Fine,360.0,14.0,72.0,1.0,3.0
Mixy aux céréales,76.3,2.3,13.1,1.3,0.0
Céréales Trésor Kellogg's Chocolat Noisettes,437.0,7.0,69.0,14.0,3.5
Organic Kombucha Raspberry Lemonade,2.8,0.4,0.4,0.4,0.4
Salchichas Frankfurt,201.1,11.5,5.2,14.9,0.0
OPTIMA Bio Olive,900.0,0.0,0.0,100.0,0.0
Cheese Triangles,211.0,12.2,4.48,14.7,1.28
Riced Cauliflower,19.0,1.3,2.0,0.3,1.4
Eau de source naturelle,0.0,0.0,0.0,0.0,0.0
Śmietana 18%,191.0,2.5,4.8,18.0,0.0
María choco,466.0,7.6,69.0,17.0,3.2
Chocolat Noir IRRESISTIBLE 70%,577.0,8.4,36.0,42.0,9.9
Galletas Relieve,458.0,6.9,71.0,16.0,3.5
Corned beef,225.0,24.8,1.1,13.5,0.0
Schtroumpfs,332.0,6.6,75.0,0.5,0.0
Graham's Gold Smooth,87.0,4.4,4.9,5.5,0.0
Velouté 6 légumes bio,28.0,0.5,3.8,0.9,1.4
Malt Vinegar,9.0,1.0,0.5,0.3,0.0
Baked Beans (Reduced Sugar & Salt),154.0,9.6,21.0,0.9,11.9
Reduced sugar raspberry extra jam,162.0,0.8,37.0,0.2,4.3
Collagen Peptides,350.0,90.0,0.0,0.0,0.0
Lupark Spreadable Lighter,516.0,0.3,0.4,57.0,0.0
All Butter Pistachio and Almond Cookies,530.0,10.1,50.0,31.4,3.5
Latte parzialmente scremato,46.7,3.3,4.93,1.5,0.0
Light soy sauce,46.0,2.8,8.5,0.5,0.6
Pâte à tartiner choco noisette,553.0,5.7,40.0,38.0,14.0
beurre de noix mélangées avec graines,625.0,21.9,25.0,50.0,12.5
Lightly Salted Rice Crackers,402.0,6.9,85.0,3.6,0.9
Biscuit Tacos,0.0,0.0,0.0,0.0,0.0
Pesto,312.0,3.9,5.2,30.0,3.1
Chunky cod fillet fish fingers,196.0,15.5,17.29999924,7.1999998092650985,0.0
Confitures moins sucrée - Fraise & framboise intense,164.0,0.5,39.0,0.1,2.4
Nut Mix,627.0,20.2,8.5,55.0,0.0
Tuna Chunks in Spring Water,104.0,24.5,0.0,0.6859999999999999,0.0
Apple & Cinnamon Granola,398.0,10.8,64.5,14.2,14.7
Fromage frais sucré aromatisé enrichi en vitamine D,93.0,5.3,11.9,2.4,0.0
Hipro 25g protéines Chocolat,54.0,7.6,5.0,0.2,1.65
"Houmous à la libanaise, thym et sésame doré",322.0,7.2,7.5,27.7,7.3
Brown Sauce,97.0,0.5,23.0,0.5,0.7
Kalamata Olive Bloomer,242.0,8.2,44.8,2.8,3.0
Cereali G - granola e frolla,472.0,8.4,58.6,21.0,7.5
Multiseed loaf,368.0,0.0,0.0,9.0,0.0
mousse chocolat,207.0,5.61,18.8,11.8,2.28
Bunny,430.0,6.15,50.7,22.5,0.68
Skyr creamy Natural,99.0,9.0,3.9,5.0,0.0
Petites tartelettes Chocolat caramel,489.0,6.6,65.0,22.0,2.4
Le Supérieur à l'Étouffée - Conservation sans Nitrite,115.0,22.0,0.5,2.8,0.0
Pizza Cuite Sur Pierre - Margherita,204.0,8.6,31.0,4.5,2.6
CARRION,0.0,0.0,0.0,0.0,0.0
Honey & Almond Granola,427.0,11.39999962,64.3,12.3,6.5
Bresso 100% Pflanzlich - Kräuter der Provence,227.0,4.6,7.4,19.0,4.0
Râpé Gran Vegiano,266.0,0.5,44.0,10.0,0.0
Tajine de bœuf,145.0,5.4,16.0,6.2,1.9
Protein porridge chocolate,120.0,8.2,15.6,2.4,1.8
Pesto Genovese,492.0,4.7,11.0,47.0,3.0
Goldessa,238.0,7.2,2.8,21.7,0.0
S.pellegrino,1.0,0.0,0.0,0.0,0.0
Hipro saveur coco,238.0,9.4,3.7,0.4,0.0
Maille mout vdt eau 245g,151.0,7.0,3.5,11.0,2.0
Sanpellegrino,19.4,0.0909,4.39,0.0,0.0303
Cranberry drink,36.0,0.1,8.4,0.1,0.0
Aranciata Rossa,21.0,0.1,4.5,0.0,0.1
INTEGRAL 64%,240.0,11.0,42.0,1.7,39.0
Gut Health Light and Creamy,78.0,0.7,6.0,5.8,0.1
Mouliné légumes du potager,36.0,0.7,5.5,0.9,1.3
Biscuits petit déjeuner,467.0,8.3,61.0,19.0,9.3
Kidney Bohnen,99.0,7.5,13.0,0.6,6.0
Yaourt brassé Bulgare,82.0,4.6,9.0,3.0,0.0
4011,0.0,0.0,0.0,0.0,0.0
chocolate orange dipped almonds,587.0,13.8,28.6,47.4,12.0
Jessys,0.0,0.0,0.0,0.0,0.0
Tablette Lait noisettes et amandes pilées,565.0,8.5,47.0,37.0,3.0
Seeded multigrain bloomer,256.0,11.0,36.1,5.8,7.7
Pro Active,530.0,0.5,0.5,59.0,0.0
Aubergines cuisinées à la provençale d'aucy 380g,72.0,1.1,5.1,4.6,2.7
Rice noodles chick-n ramen,69.0,1.66,13.0,1.2,0.51
Jason's sourdough grains and seeds,237.0,10.7,40.2,2.7,4.7
Crema de calabacín,36.0,0.3,5.5,1.0,1.8
Veganer Hauchgenuss Klassisch - Typ Hähnchen,91.0,7.7,3.4,3.6,7.3
Chergui maxi brassé,107.0,3.5,18.0,2.8,0.0
Extra Virgin Rapeseed Oil,899.0,0.5,0.5,95.5,0.5
Turkey Rashers,116.0,24.4,2.0,1.6,0.0
"Wok&go - Poulet et riz au curry, coco",171.0,5.4,16.0,9.3,1.0
Carrefour Bio Galettes de Maïs Salées,385.0,6.5,87.0,0.7,1.5
Bravčové párky,217.0,15.0,0.6,17.0,0.9
Specialite laitière Myrtille Mûre Cassis,79.0,8.8,11.0,0.0,0.0
Tortiglioni- Pâtes alimentaires de semoule et de blé dur 500G,347.0,13.0,64.0,2.5,8.0
Twiglets (6 Pack),422.0,12.6,57.0,13.5,11.3
Multi-Mineral,0.0,0.0,0.0,0.0,0.0
Oatly Barista Organic Oat Drink,59.0,1.0,6.3,3.2,0.7
HUMMUS CHIPS with rich TOMATO and aromatic BASIL flavour,455.0,9.09,68.2,16.4,3.64
Italian Crackers With 6% Extra Virgin Olive Oil,433.0,8.67,74.0,11.0,0.0
lurpak plant based,683.0,0.2,1.6,75.0,0.0
La jardinière,32.0,2.0,4.0,0.0,0.0
fromage hollandaise 64p chedar,0.0,0.0,0.0,0.0,0.0
Cranberry Classic,20.0,0.0,4.3,0.0,0.0
STRAWBERRY PRESERVE,300.0,0.0,70.0,0.0,0.0
Natural Creamy Peanut Butter,594.0,25.0,21.9,50.0,9.38
Unsweetened Soya,13.2,1.36,0.2,0.76,0.24
Strawberry Granola,417.0,9.6,66.7,10.8,7.4
Tesco Cashew Nuts,623.0,20.7,18.7,51.0,4.33
Mild mustard,146.0,5.8,18.0,4.2,0.0
Mustikkahillo,238.0,0.1,57.6,0.3,1.3
Choco Shells,377.0,9.6,74.4,2.7,8.3
Iced tea saveur pêche,18.0,0.0,4.3,0.0,0.0
Flûtes feuilletées fromage,501.0,12.0,53.0,26.0,3.5
Musli bar apple,356.0,6.2,71.2,6.5,5.8
Mayonnaise Moutarde de Dijon,669.0,1.4,2.4,72.4,0.2
soba noodles,346.0,12.0,69.6,1.4,3.3
Emmental,373.0,28.0,0.0,29.0,0.0
Pruneaux d'Agen,250.0,1.4,55.0,0.4,0.0
bio vollkorn penne,343.0,13.0,65.0,1.9,7.0
Sel de table fin,0.0,0.0,0.0,0.0,0.0
Sirop d’agave,451.0,0.5,105.0,0.5,0.5
Mayonnaise classique,658.0,1.0,2.8,71.0,0.0
"NESCAFÉ SPECIAL FILTRE Décaféiné, Café Soluble, Flacon de 200g",3.0,0.2,0.1,0.0,0.0
"NESCAFÉ NES, Café Soluble,",118.0,7.8,3.1,0.2,34.1
confiture bonne maman 4 fruits,239.0,0.5,58.0,0.1,1.8
HERTA allumettes de Bacon 2x100g - 200g,106.2,19.0,0.8,3.0,0.0
BRIDELIGHT LE PTIT GOURMAND ALLEGE 5%MG 250g,145.0,25.0,0.5,5.0,2.0
Sirop d'Agave bio,310.0,0.0,78.0,0.0,0.0
Coulommiers l'Extra-Crémeux,283.0,18.0,1.0,23.0,0.0
Ramen saveur poulet teriyaki,52.0,1.8,11.0,0.5,0.6
Beurre tendre Doux,743.0,0.7,0.6,82.0,0.0
Fromage frais nature 3% 8x100g,75.0,6.5,4.4,3.0,0.0
Grand Mie 7 céréales,273.0,10.3,42.4,5.8,4.9
SAINT ELOI riz complet cuisson 10 mn étui 500gr,357.0,7.7,74.5,2.6,2.5
Cœur mie complet 500g,231.0,8.6,38.0,3.6,6.1
Lait UHT Demi-Écrémé,47.0,3.3,4.8,1.6,0.5
Oasis sorbet Tropical,113.0,0.5,27.9,0.5,0.3
Céréales Muesli croustillant aux 4 noix paquet de 500g,478.0,11.0,58.0,21.0,6.5
Lait 1/2 éc,47.0,3.3,4.8,1.6,0.0
Nuggets Extra Croustillant x10,232.0,13.0,17.0,12.0,1.8
Gnocchis au chèvre et aux épinards et à la sauce tomate,157.0,5.67,21.7,5.0,1.87
"Saumon aux épices tandoori, riz noir et petits légumes",108.0,6.3,13.0,2.9,1.8
12 OEUFS FRAIS de poules élevées en plein air,145.0,12.0,0.7,10.0,0.0
Riz au Lait Vanille de Madagascar 2 x 160g,149.0,3.4,20.0,6.5,0.0
Poulet & Purée de Courgettes pointe de crème fraîche,111.0,5.7,10.0,5.0,1.4
Biscuits Croquants Avoine Chocolat,458.0,8.1,62.0,18.0,7.6
Quinotto Légumes verts Parmesan,132.0,7.6,15.0,3.9,3.1
Purée Pomme Poire Williams,52.0,0.0,12.0,0.0,1.8
Farine de Sarrasin,357.0,13.1,67.1,3.3,3.6
Tropicana Pommes pressées Pink Lady 1 L,47.0,0.1,11.0,0.0,0.6
GrandLait Bio,47.0,3.3,4.0,1.0,0.0
Flageolets verts extra fins,85.0,5.5,11.0,0.7,6.5
Chocolat dessert pâtissier,513.0,5.0,51.0,30.0,8.0
Tables du Mondes - Tortillas chips original,470.0,6.5,64.0,20.0,4.0
Tartine et cuisson Oméga3,450.0,0.5,0.5,50.0,0.0
Bûche de chèvre fondante,279.0,20.0,1.4,23.0,0.0
Galettes riz complet,386.0,8.4,82.0,3.0,2.8
Biscottes germe de blé x 34,0.0,11.0,73.0,5.4,5.3
Tranches panées de Cabillaud MSC,177.0,14.0,15.0,6.5,1.0
Tartare sauce aux cornichons et aux câpres,530.0,0.6,3.8,56.9,0.0
Rochers - chocolat au lait,565.0,5.5,52.5,36.5,3.2
Sablés authentiques Épeautre,458.0,9.3,64.0,17.0,5.8
Tartines craquantes avoine,370.0,9.6,72.0,3.6,5.8
Purée d'Amande Complète Tunisie,638.0,24.0,8.7,54.0,7.9
Vegane Mühlen Salami Klassisch,134.0,5.7,3.8,9.1,7.0
Lapin d’or chocolat au lait,544.0,7.2,56.0,32.0,0.0
Cashew Kerne Nüsse,606.0,19.0,23.0,48.0,0.0
Milchschnitte 10er-Pack,421.0,7.9,34.0,27.9,0.0
Agavendicksaft,300.0,0.5,75.5,0.5,0.5
POT noodle Chicken & Mushroom flavour,136.0,3.12,17.9,5.45,0.597
Strong white flour,348.0,12.6,68.5,1.4,3.1
Basmati Rice,153.0,3.4,32.3,1.0,0.5
8 Wraps,306.0,7.74,51.6,6.94,2.42
Baked Bean In Tomato Sauce,71.0,4.1,11.7,0.2,3.2
Sauce Algérienne,456.0,1.3,18.0,42.0,0.0
Salted Tortilla Chips,489.0,5.7,64.5,22.1,4.7
After Eight,426.0,2.1,73.5,12.9,2.8
After Eight Dark Chocolate Thins,426.0,2.1,73.5,12.9,2.8
Lyle’s Golden Syrup,317.0,0.38,79.0,0.0,0.0
Morrisons authentic Greek yogurt,131.0,6.0,4.3,10.0,0.0
Pataks Korma Sauce 450g,98.0,1.5,9.3,5.8,0.0
6 Seed & Cereal Original Pitta,239.0,9.8,40.4,2.9,7.0
Violife 100% vegan original flavour slices,285.0,0.0,20.0,23.0,0.0
Tuc Sour Cream & Onion,503.0,7.0,63.3,24.0,2.33
Pepsi max,0.5,0.0,0.0,0.0,0.0
Schoko Bons,576.0,8.3,52.5,36.6,0.0
Fanta orange slim 25cl,48.0,0.0,11.7,0.0,0.0
"Olej rzepakowy z pierwszego tłoczenia, filtrowany",900.0,0.0,0.0,100.0,0.0
Fruity,67.6,2.1,11.8,1.2,0.0
Lindt Chocoletti Lait praliné noisettes,558.0,6.4,53.0,35.0,0.0
Ricola eucalyptus,237.0,0.0,98.0,0.0,0.0
Granola Miele,429.0,8.7,65.0,13.3,7.0
Classic Napolitaner - Loacker,517.0,8.6,58.0,27.0,0.0
"DolcesenzaFrumento, Avena e Riso",363.0,12.0,73.0,3.2,6.5
tonno rio mare oliva,212.0,23.1,0.0,13.5,0.0
Rummo Linguine N°13,356.0,14.5,69.5,1.6,2.9
COURMAYEUR Eau Minérale Naturelle 1L,0.0,0.0,0.0,0.0,0.0
María sin gluten,470.0,5.1,66.0,19.0,7.4
Lenteja pardina,81.0,5.7,11.2,0.4,0.0
löslichen Kaffee,1.0,0.2,0.3,0.0,0.0
Harina Fina de Maíz,355.0,0.5,86.0,0.5,1.0
Mogu Mogu melon flavored drink,50.0,0.0,12.0,0.0,0.0
natural PEANUT BUTTER creamy,600.0,26.66666667,0.0,46.66666667,0.0
Pâte à tartiner noisette cacao,542.0,9.7,53.0,32.0,0.0
Sardines huil.olive extra v.St Gil.,200.0,23.0,0.0,12.0,0.0
Dynamic,0.0,0.0,0.0,0.0,0.0
Milk Chocolate Caramel Wafer,447.0,3.67,69.3,17.3,2.33
Yaos yaourt à la grecque vanille,132.0,2.6,14.3,6.9,0.0
Organic kombucha,2.0,0.5,1.6,0.5,0.5
Salsicha Knakworst Saucisse Knack,274.0,12.6,1.43,24.0,0.5710000000000001
MAGGI KUB OR 32 Cubes - 128g,178.0,4.8,20.7,8.3,0.6
Jnane saveur coco,102.0,3.8,15.0,3.2,0.0
Chocolat Kinder Chocofresh fourré lait noisette x5,577.0,7.3,40.2,42.7,0.0
Creme Fraiche,302.0,2.7,2.8,31.1,0.0
Plain Poppadom,450.0,18.8,41.2,21.2,8.75
Panier de Yoplait Plus de fruits,90.0,3.3,12.4,2.3,0.0
Cordons bleus de poulet,228.0,12.0,17.0,12.0,2.0
Tesco salted spreadble,700.0,0.6,1.0,77.0,0.5
Chickpeas,128.0,7.4,16.1,2.9,0.0
Fruit and nut muesli,387.0,8.9,57.5,11.5,8.6
Fawakih li b7al daya,50.90000153,0.0,11.5,0.10000000149012,0.0
Lighter soft cheese,155.0,9.7,3.9,11.0,0.0
Incredible Curried Chickpeas,135.0,6.1,15.6,4.3,4.5
Organic baked beans,93.0,5.1,16.0,0.3,3.6
Chocolat Pâtissier Noir CORSE 70% CACAO,580.0,9.1,36.0,42.0,9.4
Butter Beans in Water,109.0,7.2,15.6,0.5,6.8
Flan banane,45.0,6.0,0.0,0.0,0.0
Tangfastics,346.0,6.6,80.0,0.5,0.0
Long grain rice - Classic,144.0,2.7,29.0,1.6,0.0
Ciabatta rolls,254.0,9.5,45.6,3.5,1.2
Bio smoothie,60.0,0.6,12.0,0.5,0.0
Peanut Butter Smooth,603.0,27.0,12.0,48.0,7.6
SANPELLEGRINO Momenti boisson gazeuse aromatisée Grenade Cassi 33cl,10.0,0.0,2.0,0.0,0.0
Ultimate Oat Barista,60.0,0.9,6.8,3.2,0.3
Filets de maquereaux Huile d'Olive Vierge Extra,233.0,20.0,0.0,17.0,0.0
Mayomix,432.0,0.9,14.7,40.8,0.0
Butter croissant,412.0,9.7,41.2,22.6,2.5
Iodized sea salt,10.0,0.0,0.0,0.0,0.0
Velouté de poireaux et pommes de terre,32.0,0.6,4.3,1.2,0.6
Mature Cheddar & Red Onion,513.0,7.9,52.0,29.0,0.0
Muesli au chocolat,407.0,11.0,62.0,11.0,9.3
Xl çikolatalı ince gofret,0.0,0.0,0.0,0.0,0.0
Creamy Peanut Butter,594.0,25.0,22.0,50.0,9.38
Barre Moelleuse Chocolat Noir & Noisettes,409.0,5.7,60.0,15.0,7.6
Kola Granulada Tarrito Rojo,0.0,0.0,0.0,0.0,0.0
Rich & velvety Mayonnaise,699.0,0.7,3.4,75.9,0.0
"Gerblé - No Sugar Added Apple Blackcurrant Cake Filling, 180g (6.4oz)",372.0,5.0,66.7,12.8,5.56
Touche de Thé noir,14.0,0.5,3.3,0.5,0.0
water,0.0,0.0,0.0,0.0,0.0
Cheese spread,238.0,11.9,6.25,18.1,0.0
Ferrero Rocher Haselnuss white,610.0,9.2,44.9,43.4,0.0
Pâte à tartiner Milka aux noisettes,555.0,3.8,58.0,34.0,2.1
Perly max,117.0,8.6,9.5,5.0,0.0
Milk Chocolate Buttons 38%,574.0,6.0,50.0,39.0,2.0
2 bake at home multigrain baguettes with sourdough,296.0,10.0,56.8,2.5,3.57
Sweet and salty nut,500.0,12.3,43.1,26.1,11.0
Dominican Republic Dark Chocolate 72,620.0,8.5,26.5,50.5,11.0
Tablette de chocolat 100% cacao variétés native Pérou,634.0,12.0,6.8,57.0,22.0
Petit suisse,4.8,7.0,11.0,7.2,0.0
Excellence Noir Orange sanguine de Sicile,558.0,9.6,37.0,39.0,0.0
HERTA KNACKI Saucisses 100% pur porc x6 - 210g,259.8,12.0,1.2,23.0,0.0
Rhinofebral,0.0,0.0,0.0,0.0,0.0
Madeleines sorties du four,449.0,7.4,47.0,25.0,3.1
Essenza - Saveur Citron & Zeste De Citron,1.0,0.0,0.0,0.0,0.0
Almonds,621.0,24.5,4.8000001907348615,53.29999924,12.10000038
Nature à tartiner,229.0,6.5,3.5,21.0,0.0
Cheddar bonna 24 p,218.0,13.0,10.0,21.0,0.0
Muesli croustillant tout chocolat,444.0,9.6,64.0,15.0,8.7
Pom-Bar,515.0,3.1,61.0,28.0,0.0
Mélange de fruits et de noix,538.0,12.7,32.4,38.0,8.0
Sable original,485.0,7.6,74.1,12.2,2.3
Knax végétales & gourmandes,151.0,11.0,2.5,9.8,4.1
HERTA LE BON PARIS Jambon au Torchon sans nitrite x4 - 140g,108.8,21.0,0.8,2.4,0.0
Knorr Bouillon de Légumes 15 Tablettes 150g,323.0,5.9,27.0,21.0,1.9
Sauerkraut,13.0,0.7,1.0,0.5,2.0
Chewing gum pure fresh,183.0,0.0,73.0,0.2,0.0
Müesli crunchy,459.0,8.7,63.4,17.5,6.4
Milka triple caramel,0.0,0.0,0.0,0.0,0.0
Jemný kečup,102.0,1.9,21.7,0.4,0.0
Marmelade Erdbeere,224.0,0.4,54.2,0.1,1.1
Thé vert glacé,10.0,0.0,2.3,0.0,0.0
Bio Organic Almond Drink Plant - Based,27.0,0.5,2.8,1.5,0.2
Soft Pitted Apricots,215.0,2.5,47.3,0.2,7.1
2 Bake at Home Baguettes,295.0,8.9,59.8,1.3,4.2
Palitos de Surimi,90.0,7.9,12.4,0.8,0.9
Maxi brassé,107.0,3.5,18.0,2.8,0.0
pâte a tartiner cacao noisette,545.0,5.4,55.0,33.0,4.8
Ben's Mexican style,154.0,3.45,30.0,2.18,1.18
"Coca Cola 0,33",42.0,0.0,10.6,0.0,0.0
Skyr Stracciatella,103.0,9.2,9.6,3.1,0.0
LONG GRAIN,135.0,2.73,28.2,0.909,0.727
Gold Butter (vegan),531.0,0.5,0.5,59.0,0.0
Caramelised Apple Spread,347.0,0.4,49.0,16.0,1.6
Canned Tomatoes,22.0,1.1,3.8,0.1,0.8
Deluxe Madagascar Vanilla Ice Cream,249.0,4.3,19.9,16.9,0.5
Dessert gourmand chocolat,149.0,3.3,18.2,7.0,0.0
Ketchup ton chef 240ml,23.15,101.0,0.0,0.03,0.0
flipo,91.0,1.0,12.0,4.0,6.3
tartine la Prairie classique 450g,635.0,0.5,0.0,70.0,0.0
Ultimate Crumpets,168.0,5.5,33.4,0.7,3.0
FIG BAR,351.0,5.26,66.7,8.77,5.26
Peanut Butter Spread,576.0,21.2,24.2,48.5,9.09
100% Whole Wheat Bread,231.0,11.5,46.2,1.92,7.69
5 Fairtrade Bananas,103.0,1.2,23.2,0.5,1.1
Organic Quinoa & Brown Rice with Garlic,183.0,3.33,35.4,3.33,3.33
Red Seedless Grapes,73.0,0.6,17.0,0.1,0.6
Chocolat en poudre,116.0,11.1,11.1,3.11,0.0
Wedges lidl,127.0,2.2,21.0,3.3,2.3
Butter Beans in water,102.0,6.5,13.2,1.1,0.0
La Coqueline (fraise),384.0,4.4,61.0,13.0,1.4
Prince Choco'🍫Barre - Barre céréalière au chocolat🍫,430.0,5.2,70.0,15.0,2.6
CONFIPOTE Confiture allégée en sucres Pot Fraise 350g,163.0,0.6,38.0,0.5,1.0
Soupe à l'indienne,60.0,0.9,7.8,2.7,0.4
Sauce pesto tomates&basilic cisele 200g,276.0,4.5,12.0,23.0,1.7
Jus de pommes pressées,46.0,0.2,11.0,0.1,0.0
Excellence Noir Zeste de Citron Vert,531.0,6.0,51.0,32.0,0.0
Miel et gelée royale la Force au Naturel,332.0,0.7,82.0,0.0,0.0
Miel l'Apiculteur Montagne,302.0,0.38,75.1,0.0,0.0
La motte de beurre aux cristaux de sel.as,727.0,0.7,1.0,80.0,0.0
Génoise chocolat orange Gerblé sans sucres,295.0,4.6,66.0,7.6,4.7
"Les Tendres Carrés blé, petits pois, courgette & curry",208.0,13.0,19.0,8.0,4.1
Madeleines,437.0,6.0,56.0,23.0,1.3
Sauce Soja (réduite en sel -40%),61.0,8.8,6.5,0.5,0.0
Moutarde de Dijon 370 gr,149.0,7.1,2.6,11.8,2.3
Pâte à tartiner 13% SHP - 750g,529.0,6.4,53.0,34.0,2.9
Naturais 150g,209.0,6.3,4.4,20.0,0.5
Cacahuètes grillées sans sel ajouté,628.0,27.0,11.0,51.0,7.0
Café soluble Chicorée - 250g,0.0,0.0,0.0,0.0,0.0
Pois chiches - Boîte 265g,122.0,6.7,15.0,2.7,5.5
P'tits pains façon bretzel,338.0,7.7,49.0,11.0,5.7
Tofou Nature,145.0,14.0,1.0,9.0,2.5
Fromage de chèvre,172.0,9.5,3.0,14.0,0.0
Ma Salade de Lentilles à la Lyonnaise,122.0,6.4,12.0,4.2,5.4
Brandade de morue parmentiere gratinée,152.0,7.7,10.0,8.7,0.0
XXL poulet roti crudites,223.0,8.26,26.1,8.7,0.0
2 Cordons Bleus De Poulet Bio,233.0,14.0,14.0,13.0,2.2
La Purée Brocolis,48.0,2.3,3.2,2.6,1.2
Lait Bio Demi-Écrémé,46.0,3.2,4.8,1.5,0.0
MOZZARELLA,235.0,17.0,1.3,18.0,0.0
Feta - Fromage,276.0,17.0,0.7,23.0,0.0
Purée de tomate,23.0,1.2,3.5,0.0,1.3
Wrap,328.0,9.4,55.0,7.3,2.3
Colin d'Alaska Extra croustillant MSC,224.0,13.0,18.6,11.0,0.6
Céréales de campagne,348.0,11.0,71.0,1.5,4.8
Coeur coulant au chocolat🍫,439.0,6.3,40.0,28.0,3.2
Parmigiano Reggiano AOP 200g,402.0,32.0,0.0,30.0,0.0
Tomates séchées,178.0,3.6,11.4,11.6,6.9
Petits sablés Beaufort,508.0,9.0,51.0,28.0,8.0
Печени хлебни кръгчета с вкус Гъби и сметана,447.0,8.8,70.0,14.0,3.0
"Caprisonne, Multivitamin",31.0,0.5,7.3,0.5,0.0
Kräuter der Provence,235.0,7.2,4.4,21.0,0.0
Salz,48.0,0.3,10.0,0.1,17.0
stute no sugar added strawberry extra jam imp,154.0,0.4,59.0,0.2,0.0
Seeberger Walnusskerne 4008258130018 Walnusskerne,717.0,16.0,6.0,69.0,4.5
Pingui,450.0,7.0,37.8,29.7,0.33
Yorkshire Tea 80 Tea Bags,1.0,0.0,0.0,0.0,0.0
Vegan Engevita Nutritional Yeast Flakes,349.0,47.0,19.0,5.0,20.0
Jus Orange & Carotte,41.0,0.63,9.3,0.0,0.52
"Mangoes, Apples & Passion Fruits Fruit Smoothie",51.0,0.0,12.0,0.0,1.2
"LOW FAT YOGURT, OAT CLUSTERS WITH DARK CHOCOLATE CHUNKS AND MILK CHOCOLATE CHUNKS",185.0,5.1,27.0,6.7,1.5
Alpro Packed with Protein Strawberry Raspberry,82.0,4.7,8.8,2.7,1.3
Smart Water,0.0,0.0,0.0,0.0,0.0
Água Mineral Natural,0.0,0.0,0.0,0.0,0.0
NESTLE CHOKELLA Céréales 350g​,412.0,6.7,73.3,9.0,5.4
Sante Tropical Muesli Whole Grain Oat 350G,356.0,8.2,71.0,2.7,0.0
FIG JAM,200.0,0.0,48.7,0.0,0.0
flash,163.0,0.15,67.0,0.06,0.0
Manyana,50.0,0.722,8.56,1.43,0.222
Soumame bnina,107.0,2.5,18.72,2.5,0.0
Chakour Tea,0.0,0.0,0.0,0.0,0.0
BEAN SALT SNACK,424.0,17.0,57.0,13.0,6.6
MAGGI Bouillon KUB Bœuf,256.0,4.5,34.3,11.1,0.5
MAGGI Bouillon Volaille,227.0,5.7,29.4,9.6,0.0
NESQUIK Moins de Sucres Poudre Cacaotée,327.0,9.1,45.2,5.4,29.6
Caramel et Noisettes,560.0,5.4,52.0,36.0,2.0
Noir praliné,542.0,5.1,52.0,33.0,6.3
"NESCAFÉ Café Viennois, Café soluble,",41.0,0.8,6.9,1.0,0.2
Rosii Cirio Diced Tomatoes,27.0,1.1,4.4,0.2,0.8
Galbani ricotta 250g 12%mg,164.0,8.0,6.0,12.0,0.0
Bouchées Mon Chéri Liqueur cerise x16 - 168g,455.0,3.0,52.8,20.3,0.0
BuoniCosì senza zuccheri aggiunti frollini classico,434.0,8.5,67.0,17.0,4.5
Il casolare,824.0,0.0,0.0,91.6,0.0
La Crema spalmabile di soia,517.0,4.2,60.0,28.0,4.2
Fette biscottate integrali 630 gr,387.0,14.0,60.0,7.4,12.0
Nutella pate a tartiner noisettes-cacao barquette 15 gr,539.0,6.3,57.5,30.9,0.0
Protein Peanut & Chocolate Cereal Bar,488.0,25.5,27.5,28.2,10.8
Sandwich sotille integral,267.0,10.0,42.0,4.1,4.3
Chocolate puro con almendras,570.0,9.9,38.0,40.0,0.0
Gran mayonesa,554.0,0.8,2.2,61.0,0.0
Tofu firme,110.0,11.1,0.9,6.9,0.4
Agua mineral,0.0,0.0,0.0,0.0,0.0
Mejillones en escabeche,149.0,17.0,5.66,6.7,0.0
Crema Cacao,550.0,4.5,57.0,33.0,1.5
Pan tostado ajo y perejil,545.0,8.2,54.0,33.0,2.5
Magnum Glace Bâtonnet Double Caramel 4x88ml,338.0,3.2,36.0,20.0,0.0
Red Bull Sans Sucre,3.0,0.0,0.0,0.0,0.0
8 crêpes with chocolate flavour filling,456.0,6.88,59.4,20.9,0.0
"Cold Milled Flaxseed, Almonds, Brazil Nuts, Walnuts & CoQ10",570.0,22.5,4.0,48.0,17.0
Вафла МОРЕНИ maxx,525.0,7.3,60.0,28.0,3.2
petits frais nature 170g araai,0.0,0.0,0.0,0.0,0.0
Activia muesli amande quinoa graines de chia 170 g x 1,111.0,6.1,15.4,2.7,1.79
President coulommiers extra fondant 350g,325.0,16.0,0.5,29.0,0.0
Digestive biscuits,419.0,5.88,66.2,16.2,7.35
Roasted Mixed Nuts - Salted,641.0,20.4,10.7,55.6,8.0
Nestle Nesquik Cereal 375g,378.0,8.7,74.6,3.0,9.3
Ketchup Łagodny,102.0,1.4,23.0,0.5,0.0
Mini burger vegetale agli spinaci,238.0,11.0,13.0,15.0,3.7
Conikos barbecue,502.0,4.8,61.3,26.0,0.0
Galettes au bon beurre bio,455.0,7.9,73.0,14.0,2.6
Protein bread,250.0,20.4,17.0,17.0,15.3
Danette saveur vanille,107.0,3.0,17.1,3.0,0.0
Sauce bechamel gout fromage,345.0,2.4,71.7,5.4,0.0
Protein Drink Raspberry Flavour,60.0,8.4,5.8,0.5,0.0
100% Pure Pressed Orange Juice smooth,48.0,0.4,10.7,0.333,0.333
Taina Florilor Miere Polifloră,330.0,0.35,82.0,0.0,0.0
Organic Protein Protein Powder,615.0,80.7,76.9,17.3,30.8
Mild and light rapeseed oil cooking spray,0.0,0.0,0.0,0.0,0.0
Starmix,325.0,7.5,75.0,0.0,0.0
Volvic Touch Wasser,13.0,0.5,4.6,0.5,0.0
Semoule au Lait Vanille,111.0,2.1,17.7,3.5,0.0
Nussknacker - Vollmilchschokolade,591.0,11.0,45.0,40.0,0.0
Moutard a l'ancienne,169.2,8.42,8.0,11.5,0.0
KIDDYLICIOUS Fruity Bakes - Fraise - 132g (6x1p),359.0,4.8,61.0,9.7,4.4
whole blue,65.0,3.5,4.7,3.5,0.0
Pomerančový džus,44.0,0.7,9.1,0.2,0.3
Avoine Sésame,467.0,11.0,59.0,19.0,8.0
Amandes grillées,629.0,27.0,9.4,51.0,13.0
Fussili,359.0,12.0,72.0,0.8,3.0
Wholegrain Rice & Quinoa,156.0,4.0,28.5,2.3,2.9
nut granola blueberry cinnamon sweet & crunchy,533.0,13.3,30.0,50.0,10.0
Taste the Difference Luxury Sourdough Crumpets,169.0,5.6,34.1,0.6,0.0
Home chip,143.0,2.3,21.0,5.0,1.8
Vegan protein chocolat,402.0,78.0,4.7,7.0,0.0
Plain Breadsticks,416.0,13.0,70.0,8.4,3.5
Dátiles desecados sin hueso,298.0,2.0,76.4,0.5,7.5
Spicy Red Kidney Beans,90.0,5.5,12.9,0.6,5.4
Grany - Envie de nuts,206.0,6.2,14.0,13.0,4.2
Fluffy Crumpets,205.0,6.36,42.0,1.09,1.27
Red Pesto,284.0,2.9,6.8,26.7,2.4
Tortilla Pops Finement Salé,427.0,13.0,66.0,11.0,6.0
Jamón serrano gran reserva,261.0,35.0,0.5,13.0,0.0
défense kiwi banane & orange,56.0,0.6,12.0,0.0,0.0
Sucre Cassonnade,400.0,0.0,100.0,0.0,0.0
"British Extra Mature Cheddar, Strength 5",416.0,25.4,0.0,34.9,0.0
Croissance,0.0,0.0,0.0,0.0,0.0
Miettes de thon à la tomate,86.0,14.4,4.2,1.0,0.0
Muesli de superfrutas sin azúcares añadidos,364.0,9.9,63.0,6.1,9.6
Wild Strawberry Gourmet Sweets,343.0,0.4,84.0,0.1,0.0
Queso rallado especial fundir,284.0,19.0,7.0,20.0,0.0
Boisson noisette,61.0,1.1,3.9,4.3,1.0
Leerdammer le moelleux 6 tranches 150g,352.0,21.5,0.1,29.5,0.0
Special K Granola mixed berries,451.0,9.3,67.0,14.0,10.0
Rice cracker paprika,426.0,6.3,81.0,8.2,1.7
Plumcake,393.0,6.0,53.1,17.0,2.0
Milch Mandel ohne Zucker,15.0,0.5,0.1,1.3,0.3
sauce soja sans sel ajouté,99.0,9.7,6.9,0.5,1.4
Salt & Vinegar Rice Cakes,429.0,7.14,80.0,8.57,2.86
Serrano cholli & yucatan honey,486.0,7.4,57.2,23.5,7.8
Fruity Favourites Yoghurts,103.0,5.3,11.1,4.2,0.0
PRIME Meta Moon,4.0,0.0,1.2,0.0,0.0
Coconut milk Light,59.0,0.5,0.6,6.0,0.3
Tablette Noir noisettes et amandes pilées,565.0,9.8,36.0,40.0,9.6
"No Milk Hafer 1,8% Fett",38.0,0.8,4.1,1.8,1.1
Zéro Fraise,9.0,0.01,2.1,0.01,0.01
Honey nut corn flakes,403.0,7.6,82.0,4.5,2.4
Danone ALPRO® Joghurt Soja Natur ungesüßt,42.0,4.0,0.0,2.3,0.9
Crunchy Nut Clusters Chocolate,469.0,8.0,71.1,16.0,4.44
Riz aux Légumes du Soleil,151.0,3.3,29.0,2.2,1.2
Tomato Puree Double Concentrate,92.0,4.0,16.4,0.5,2.9
Purée de tomates,36.0,1.5,7.3,0.1,0.0
Moroccan vegetable tagine soup,65.0,2.7,7.8,2.5,2.2
Flocons d'avoine complete,363.0,12.0,59.0,6.6,11.0
Prosciutto By Sainsburys,223.0,27.9,0.5,12.1,0.5
Plenish barista oat,46.0,0.3,9.1,0.9,0.0
Fine egg noodles,142.0,5.38,27.6,0.828,1.59
liegeois saveur chocolat,87.0,10.0,6.2,2.3,0.6
Seed Sensations Malted Wholegrains,257.0,10.2,41.1,4.55,5.23
Tortilla wraps,310.0,9.9,52.0,6.5,2.3
Sliced Foccacia,272.0,10.0,44.1,5.5,3.3
pipabuela,0.0,0.0,0.0,0.0,0.0
Hafermilch Barista,59.0,0.9,6.3,3.2,1.0
Original Seitan,162.0,22.5,2.7,6.9,0.1
seeded Bread,251.0,11.7,39.4,3.7,6.4
Gerblé choco noisette,491.0,3.6,65.0,23.0,4.8
Pain campagnard sans gluten,262.0,4.1,51.0,3.1,0.0
vitalya 50cl,0.0,0.0,0.0,0.0,0.0
byluck,414.1,3.65,76.7,10.3,3.5
Gnocchi à poêler roll 300g,197.0,5.3,36.0,3.1,2.1
Cheerios Grandkids imp,359.0,12.8,74.4,6.41,10.3
Swiss Chocolate Extra Fine Dark,572.0,8.0,31.79999924,43.40000153,11.2
CREAMY PEANUT BUTTER,576.0,21.2,24.2,48.5,6.06
Sardines in 100% Olive Oil,235.0,25.9,0.0,14.1,0.0
Marylands Chocolate Chip Cookies,483.0,5.5,65.0,22.0,2.1
Chocolate Sea Salt,385.0,23.1,44.2,15.4,9.62
Kania - Sage & Onion Stuffing,122.0,3.1,23.4,1.2,2.6
Spiced biscuits,471.0,5.9,68.0,19.0,2.7
Galletas saladas,491.0,7.0,65.0,22.0,2.6
Vinaigre Balsamique De Modène,193.0,0.8,43.2,0.1,0.0
Maquereaux à l'escabèche,187.0,14.0,1.3,14.0,0.0
Gebraden Ham / Jambon Rôti,115.0,20.0,2.0,3.0,0.0
Glass Noodles,351.0,0.4,84.6,0.3,3.9
Pesto Siciliano,371.0,1.5,5.6,37.4,0.0
Melocoton en almibar,60.0,0.4,13.9,0.1,1.56
Knorr Soupe Déshydratée Douceur d'Asperges 3 Portions,469.0,8.7,47.0,27.0,3.6
Goûters REM Parfum chocolat,467.0,6.6,70.0,17.0,3.5
CONFIPOTE Confiture allégée en sucres Pot Abricot 350g,160.0,0.6,38.0,0.5,0.9
Galettes Au bon beurre,472.0,7.0,74.0,16.0,2.0
Rillettes du Mans sans graisse ajoutée,333.0,18.2,0.5,28.7,0.0
Bouillon à la chinoise,29.5,0.9,5.5,0.25,0.45
Délice de potiron châtaigne,32.0,0.6,5.4,0.6,1.0
Confiture châtaigne,245.0,0.7,57.0,0.9,3.0
Compote de pommes morceaux,89.0,0.2,21.0,0.2,1.3
Minizza Tomate🍅& Herbes de Provence,526.0,11.0,51.0,30.0,3.4
Farine de blé bio,337.0,9.4,71.0,1.1,3.9
Kiri goûter (8 portions) format famiial,280.0,9.0,23.0,17.0,1.0
Haricots Blancs préparés 1/2,98.0,6.5,14.0,0.6,5.7
Purée 4 Saveurs 780g,50.0,2.0,4.7,2.0,2.6
250G BUBBLIZZ LUTTI,339.0,5.2,78.0,0.0,0.0
Actif Végétal sans huile de palme,567.0,0.08,0.01,63.0,0.0
Filets de Maquereaux Grillés avec un Trait d'huile d'olive,252.0,20.0,0.5,19.0,0.0
Lasagnes à la bolognaise,136.0,7.5,14.0,5.3,1.0
Moelleux tout chocolat Sans Sucres,366.0,6.6,52.0,20.0,3.0
Snack poppé saveur paprika,360.0,19.2,56.4,9.8,8.2
Houmous - IDS -180g,294.0,8.4,9.0,23.0,6.2
Parmigiano reggiano aop rape 12 mois lc 60g,402.0,32.0,0.0,30.0,0.0
Tablette BIO dégustation - Chocolat noir Pérou 85% - 100g,637.0,10.0,19.0,55.0,13.0
Coeurs de palmiers,27.0,2.4,2.9,0.1,2.4
Madeleines longues - Perles de sucre,442.0,5.8,59.0,20.0,1.3
Petit beurre 200g,457.0,8.2,72.0,15.0,3.0
Chocolat noir dégustation 85% de cacao Tablette de 100g,585.0,11.0,22.0,47.0,15.0
Huile d'olives vierge extra bio,900.0,0.0,0.0,100.0,0.0
pizza 4  saisons,191.0,6.7,24.0,7.2,2.7
Ravioli vegetariens,86.0,2.4,12.0,2.7,1.5
St Môret Léger 8% MG.  bolv,132.0,10.0,5.0,8.0,0.0
Yaourt brassé crème de marrons 2 x 160 g,139.0,2.7,16.0,7.2,0.0
Haricots verts extra-fins coupés,34.0,2.1,4.4,0.0,4.2
L'Original,257.0,16.0,1.0,21.0,0.0
Chocapic 🍫 strong In Chocolaté 🍫,395.0,6.3,65.4,11.9,5.3
"Truite fumée, Aquitaine",155.0,22.0,0.5,7.3,0.0
Boisson végétale à base d'avoine,45.0,0.7,7.0,1.4,0.0
Le Beurre Lidl 82% MG Doux,744.0,0.7,0.8,82.0,0.0
Lentilles cuisinées aux petits légumes,76.0,5.7,9.4,0.9,3.5
Carré frais bio,193.0,12.0,2.5,15.0,0.0
Véritables knacks d'Alsace,271.0,13.0,0.9,24.0,0.0
Tortellini Ricotta Epinards aux oeufs frais,257.0,8.7,39.0,6.8,2.9
La Brandade de morue parmentière,156.0,7.2,10.1,9.6,0.0
Pain de table céréales,255.0,8.8,39.0,5.5,7.1
Bâtonnets Colin d'Alaska MSC,222.0,12.0,22.0,9.4,0.9
Brossard - brownie familial pepites de chocolat 285gr,461.0,5.4,46.0,27.0,6.2
4 Baguettes viennoises complètes sans sucres ajoutés 340g,314.0,13.0,40.0,9.9,6.4
Cranberries gesüßt,338.0,0.3,78.0,1.3,0.0
Wrigley's Extra Peppermint,149.0,0.0,62.0,0.0,0.0
skyr,60.95,10.0,4.0,0.2,0.0
Hellmann's Light Mayonnaise Glass 400g,265.0,0.5,6.0,26.0,0.0
Finest Scottish Shortbread Fingers,518.0,4.9,63.1,27.1,1.0
Penguin Biscuit Bar,528.0,5.28,63.8,27.2,2.44
Thyme,398.0,6.0,82.0,4.5,2.5
Cornish Sea Salt Co Sea Salt Crystals,0.0,0.0,0.0,0.0,0.0
Nutri-Brex Gluten Free,370.0,10.7,70.0,3.0,8.0
Poppy Seed Bagels,271.0,10.9,52.0,3.06,4.59
Delicately Smooth Macchiato Flavour,61.0,3.0,8.2,1.7,0.5
fuze tea,19.0,0.0,4.4,0.0,0.0
Sante Granola Raspberry and Strawberry,448.0,9.1,68.0,14.0,7.27
Sante Baton Proteinowy Go On Kakaowy,416.0,20.0,44.0,17.0,9.4
Sare de masă iodată,0.0,0.0,0.0,0.0,0.0
Nectar peche,45.0,0.0,13.0,0.1,0.0
NESTLE NESQUIK Cerealien,378.0,8.7,74.6,3.0,9.3
Bouillon dégraissé,162.0,4.6,20.7,6.7,0.5
"NESTLE LION Céréales 1,05 kg",406.0,8.1,73.2,7.4,7.0
HERTA Knacki Veggie Saucisses végétales x4 -140g,264.2,16.0,4.0,20.0,2.1
Granola L'original,491.0,5.9,62.0,23.0,3.5
Lait Praliné Double Lait,530.0,6.3,58.0,29.0,3.1
Bonbons Tic Tac x110 pastilles MENTHE - 54g,397.0,0.1,97.5,0.5,0.0
"Kinder pingui gouter frais genoise avec chocolat noir extra, fourree lait et cacao t8 pack de 8 etuis",446.0,5.3,41.5,28.3,0.0
Pâtes mini penne rigate piccolini 500g,359.0,12.0,72.0,2.0,3.0
Crispy Oignons Original,29.25,0.25,1.95,2.25,0.105
gullon Hearts of Cereal Breakfast,447.0,7.0,62.0,17.0,9.0
Arroz SOS,351.0,7.3,77.0,1.3,1.3
Muesli & Raisin Cookies 185g,444.0,6.5,65.0,16.0,0.0
san nicasio crisps imp,571.0,7.8,44.4,40.4,0.0
Jamón de Trevélez,268.0,33.0,0.0,15.0,0.0
Kaskaras Pipas de girasol con sel,600.0,33.0,3.34,48.0,0.0
Barritas de cereales muesli con avellanas y almendras,432.0,8.100000381000001,64.0,15.0,4.3000001910000005
Galletas animadas,462.0,6.8,73.0,15.0,4.0
Arándanos deshidratados,342.0,0.9,79.0,1.4,6.6
Kiwi Sungold,77.0,0.9,11.1,0.3,1.1
Lemon Juice,26.0,0.3,1.7,0.1,0.3
7up lemon 1.5L,19.0,0.0,5.0,0.0,0.0
Mozza,235.0,17.0,1.3,18.0,0.0
Elle & vire creme fleurette entiere 31%mg brique 33cl,301.0,2.3,3.1,31.0,0.0
Peanut Butter Pretzels,480.0,16.0,54.0,22.0,4.0
"Essentiel Citron, Pamplemouse et Romarin",2.0,0.0,0.0,0.0,0.0
Sablés Normands,500.0,6.4,64.0,24.0,2.5
Jus de citron vert,28.0,0.4,1.0,0.5,0.0
Margarina 100% vegetal,540.0,0.5,0.5,60.0,0.0
Le bon brie,338.43212239999997,17.0,1.0,30.0,0.0
Knorr Chicken Cubes,3.0,0.5,0.5,0.5,0.0
LOTUS Gaufre de Liège Chocolat au lait 363g (7x1p),458.0,5.2,55.0,24.0,1.9
"Nuts, Granola & Seeds",392.0,13.0,65.0,7.0,8.3
Palomitas pipocas microondas Sal,456.0,9.8,55.0,20.0,8.7
Ketchup dulce,88.0,1.0,21.0,0.0,0.0
Khayrat 200g,271.0,12.0,7.0,21.6,0.0
Fromage Mozzarella,0.0,0.0,0.0,0.0,0.0
Mostaza de Dijon,149.0,7.2,1.8,11.0,0.0
Milka oréo,564.0,4.8,56.0,35.0,1.6
Pizza dough original,205.0,7.09,39.4,1.3,3.4
Dark Bubble Chocolate,539.0,5.3,50.0,33.5,0.0
Curvies original gluten free,495.0,4.7,61.0,25.0,4.4
Super Smoothie Energise,6.93,0.08,1.6,0.0667,0.107
Rich hoisin sauce,310.0,2.5,70.0,2.0,0.5
Diet sweet,341.0,0.0,85.0,0.0,0.0
Hand Cooked Lightly Salted Potato Crisps,504.0,7.9,53.0,28.0,4.2
Chicken Gyoza Dinner Dumplings,155.0,8.2,20.0,4.4,1.7
Noix de cajou non salées,628.0,21.0,20.0,50.0,0.0
Velouté de tomates,36.0,0.9,6.5,0.6,0.5
CHOPPED TOMATOES IN A RICH TOMATO JUICE,22.0,1.1,3.8,0.1,0.8
Nordpack Spreadable Butter,677.0,0.5,1.7,74.0,0.0
Japanese Breadcrumbs Panko Semmelbrösel imp,362.0,15.0,70.0,1.7,0.8
Haricots verts extra-fins 4/4,20.0,1.6,1.5,0.1,3.5
Free Range Eggs (Medium),131.0,13.0,0.5,9.0,0.5
Süßkartoffel Pommes,148.0,2.1,23.1,4.6,0.0
Sour cream & onion flavour potato chips,429.0,6.47,70.6,12.9,4.71
Vegan Beetroot Burgers,140.0,5.4,18.0,3.7,6.6
Sweet Chilli Dipping Sauce,203.0,0.5,49.3,0.2,1.1
Hummus bites tomato and basil,453.0,9.1,69.0,16.0,3.7
PastaBox - Pâtes fraîches fromages italiens,162.0,6.7,17.0,7.3,1.5
Muesli Croustillant Chocolat Protéines,419.0,15.0,58.0,12.0,9.8
Lemon mint flavor,0.0,0.0,0.0,0.0,0.0
Les Carrés Crémeux,296.0,9.0,2.0,28.0,0.0
Rice snaps,386.0,7.9,85.0,1.3,1.6
Bol bol sauce algerienne,0.0,0.0,0.0,0.0,0.0
Pan de molde blanco,240.0,9.41,41.8,2.44,3.83
Coconut Drink with Rice and Calcium,58.0,0.4,11.0,1.4,0.4
As de Pink,46.7,0.16699999999999998,10.7,0.0,1.53
Blue machine,47.0,0.2,12.0,0.0,0.0
Muesli Crunchy chocolat noir et noisettes grillées,471.0,9.0,59.5,20.4,6.9
Creme legere liquide 12%,143.0,3.2,4.4,12.4,0.2
Soft Dried Figs,233.0,3.1,49.0,0.2,44.3
Celeri fromage blanc dnp 500g,138.0,2.0,4.0,12.0,3.0
Red pesto with sun-dried tomatoes,279.0,3.8,5.2,26.5,2.4
Linsen Chips Paprika Style,453.0,13.0,57.0,18.0,5.4
Protein Mango Pouch Yogurt,70.0,10.0,5.5,0.6,0.0
Tartines craquantes au blé complet 250g,369.0,11.0,65.0,4.3,8.5
Brioche Muffin x 5 250g,320.0,11.0,48.0,8.5,3.9
Fruit de la bête noir,0.0,0.0,0.0,0.0,0.0
Veganer Schinken Spicker Bunte Paprika,114.0,2.2,3.5,8.6,6.8
Mango prebiotic yoghurt,82.0,5.0,8.0,3.0,2.0
Spaghetti,350.0,12.0,72.0,2.0,0.0
Oat so simple - golden syrup flavor,376.0,9.0,67.0,6.5,7.3
Haché végétal,225.0,17.0,5.7,14.0,4.0
Organic kimchi,28.0,1.2,4.3,0.2,2.1
High Protein Choco Crunch,419.0,23.7,39.0,14.5,18.8
"Chocolat noir, Éclats d'amandes grillées & pointe de sel",551.0,7.5,46.9,35.2,8.4
Uncured pizza,0.0,0.0,0.0,0.0,0.0
Cookies Classique,497.0,5.0,63.0,24.0,0.0
Special K dark chocolate,423.33333330000005,8.333333332999999,86.0,6.0,6.0
Enfants 8p,0.0,0.0,0.0,0.0,0.0
Riz Basmati,142.0,3.1,29.0,1.6,0.5
Éléphant,1.0,0.1,0.0,0.0,0.0
100% PEANUT BUTTER,604.0,27.0,12.0,48.0,9.3
Almond Cantucci,439.0,10.0,61.0,17.0,3.4
beurre de cacahuète,622.0,25.0,11.0,51.0,11.0
PRIME ICE POP,0.0,0.0,0.0,0.0,0.0
Panier de yoplait aux morceaux de fruits,90.0,3.3,13.1,2.3,0.0
amaretti,452.0,12.0,48.0,23.0,2.7
Super nutty Granola,466.0,11.3,60.2,18.5,2.9
Vitam Banane,81.0,3.0,14.2,1.0,0.0
super berry granola,437.0,10.9,64.2,13.6,7.2
crispy seaweed thins sea salt,0.0,0.0,0.0,0.0,0.0
Crunchy Mint dark chocolate,601.0,9.2,32.0,46.0,11.0
Snickers x10,490.0,8.7,60.0,23.0,0.0
Lustucru tortellini jambon cru 250g,285.0,12.0,41.0,7.7,2.0
Cranberry No Added Sugar,8.0,0.0,2.1,0.0,0.0
Mature british cheddar,416.0,25.4,0.5,34.9,0.5
Yaourt à la vanille,95.0,3.0,14.0,3.0,0.0
Belgian Sugar Waffle,458.0,6.0,53.1,24.2,2.0
Piada sfogliata,311.0,7.4,48.0,9.4,0.0
Thon entier Albacore au naturel,100.0,23.0,0.0,0.9,0.0
Орехи макадамия,760.0,8.3,4.8,77.1,6.7
Bebida de Almendras,23.0,0.4,3.1,1.1,0.4
Préparation à la myrtille Bio,189.0,0.5,46.0,0.5,0.0
Knorr Assaisonnement En Poudre Aromat Tube 70g,155.0,7.0,29.0,1.1,0.6
Sardines à l'huile d'olive et herbes de Provence,227.0,23.0,0.0,15.0,0.0
Le yaourt citron lai,94.0,3.0,13.1,3.0,0.0
Panzani coquillettes 3 minutes 500g,361.0,12.0,72.0,2.0,3.6
Quenelles de brochet sauce Nantua,115.0,3.3,8.8,7.1,0.7
Pâte arachide,625.0,27.2,9.3,51.4,8.4
Mini-Babybel x20,295.0,22.0,0.1,23.0,0.0
TourtelTourtel Twist Pêche 0.0 Degre Alcool,27.0,0.5,6.4,0.0,0.0
Chocolat,469.0,9.8,62.0,19.0,7.5
Doritos Goût nature maxi format,488.0,6.2,61.0,23.0,6.3
Gerblé Myrtille sans sucres ajoutés 320g,80.0,0.0,17.0,0.0,13.0
"Gerblé - No Sugar Added Apricot Jam, 320g (11.3oz)",77.0,0.0,15.0,0.0,12.0
St michel - madeleines moelleuses nature x32 sachets individuels - le paquet de 800g,465.0,5.3,50.0,28.0,1.3
Sucre Vanillé,401.0,0.0,99.2,0.0,0.0
Etorki pur brebis,393.0,24.0,0.5,33.0,0.0
Emmental cœur de meule,369.0,27.0,0.5,29.0,0.0
Lipton Thé 5 Fruits Rouges 20 Sachets,4.0,0.5,0.5,0.0,0.0
Galettes de Riz Chocolat au Lait,493.0,7.8,62.0,23.0,3.5
XtremBox - Radiatori  Bœuf Sauce au poivre,166.0,8.5,21.5,4.75,1.35
Biscuits Nature,393.0,11.0,74.0,5.0,4.0
Biscottes sans sel x36,391.0,12.0,75.0,3.4,4.8
Cacao en poudre 100% - 250g,396.0,22.0,19.0,20.0,26.0
"Fromage frais nature 3,1% de matière grasse",74.0,7.5,3.9,3.1,0.0
Poulet et petites pâtes sauce aux champignons,130.0,7.8,16.0,3.4,1.1
"Poêlée de gnocchis (tomates, mozzarella)",159.0,5.2,24.0,4.1,2.7
Oeufs frais BIO,0.0,0.0,0.0,0.0,0.0
Petits pains grillés aux céréales,404.0,12.0,69.0,7.8,4.7
"Boisson de Soja à la vanille, stérilisée UHT",47.0,3.3,4.2,1.8,0.0
Pommes Poires Williams (sans sucre ajouté),55.0,0.5,13.0,0.5,1.6
Petit Yoplait 0%,57.0,9.7,4.2,0.1,0.1
Mousse au chocolat à l'ancienne,356.0,8.3,25.0,25.0,0.0
Muesli croustillant fruits rouges,437.0,9.2,67.0,13.0,8.9
Chips paysanne au sel de Guérande,544.0,6.0,51.0,34.0,4.8
"Tropicana 100% oranges pressées avec pulpe format familial 1,5 L",42.0,0.8,8.6,0.0,0.8
Chèvres chauds,324.0,16.0,13.0,23.0,0.7
Pate à tartiner cacao aux éclats de crêpe dentelle,569.0,4.3,52.0,38.0,0.0
Special Crumb Toast,247.0,7.1,48.0,2.1,3.9
Céréales cœur fondant,419.0,9.2,65.0,12.0,7.2
Sardines de Bretagne,204.0,24.0,0.0,12.0,0.0
Choco Break Goût chocolat,385.0,4.7,80.0,3.2,6.8
"Fromage frais nature 3,1%",68.0,6.4,4.5,3.0,0.0
Compote de pomme,54.0,0.5,12.0,0.5,1.7
Lait soja vanille,55.0,3.4,5.6,2.0,0.5
Muesli chocolat noir et graines de lin,397.0,11.0,58.0,11.0,11.0
Chocolat noir caramel pointe de sel,559.0,7.8,44.0,37.0,7.7
Biscuit petit beurre blé cplt (15) 140g,437.0,9.5,68.0,13.0,5.0
Reine Buttermilch,38.0,3.4,4.2,0.6,0.0
3 grains 3 seeds,0.0,0.0,0.0,0.0,0.0
Bonbons à l'eucalyptus,390.0,0.0,97.6,0.0,0.0
Peanut Chocolate Treat Bag,512.0,9.8,58.9,25.5,0.0
McVitie's Rich Tea Classic 2 x,459.0,7.0,71.3,15.5,2.9
Lime Juice,21.2,0.0,4.8,0.0,0.0
Peeled Plum Tomatoes,22.0,1.3,3.4,0.2,0.9
Wakame Miso Soup Paste 5 Sachets,100.0,7.1,16.0,3.6,0.0
ginger with a hint of lemongrass,25.0,0.0,6.1,0.0,0.0
Hand-cooked crisp lightly sea salted,500.0,6.6,50.4,29.0,0.0
Monster Energy Ultra,2.0,0.0,0.9,0.0,0.0
Encona West Indian Original Hot Pepper Sauce,21.0,0.9,1.1,0.9,0.0
Almond drink with added calcium and vitamins,23.0,0.5,2.6,1.1,0.3
Fanta lemon 1l pet,19.0,0.0,4.4,0.0,0.0
Tropico ( cocktail de fruits ),53.0,0.12,12.0,0.05,0.0
Ficelles Olives Vertes et Noires,458.0,12.0,62.0,17.0,4.4
Lindet choco swis dark 2yrs prod,535.0,5.2,53.0,32.0,0.0
Ovaltine Original,373.0,6.0,81.0,2.0,0.0
HERTA KNACKI Saucisses 100% Poulet x6 - 210g,203.4,15.0,2.1,15.0,0.0
Moelleux Multi Céréales,377.0,5.8,63.0,10.0,7.4
Prince - Biscuits fourrés goût chocolat,467.0,6.3,69.0,17.0,4.0
Milka Tendre au lait,579.0,5.2,52.0,38.0,1.2
Gnocchi di Patate,155.0,3.3,32.0,1.0,2.6
Prosciutto cotto mozzarella fresh tortelloni,211.0,10.3,23.1,7.69,4.49
Milk Chocolate Truffles,623.0,5.0,44.0,47.0,0.0
Thunfisch in Olivenöl,213.0,24.0,0.0,13.0,0.0
Fondentenero Cioccolato Extra Amaro 72%,590.0,8.0,32.0,46.0,0.0
TIC TAC Fresh Mint,397.0,0.1,97.5,0.5,0.0
Lait avoine original - Boisson biologique à base d'avoine,51.0,1.0,9.0,1.0,1.0
Maccheroni Nr. 44,359.0,13.0,71.0,2.0,3.0
Sauce à cuisiner Fajita,41.0,1.3,7.3,0.4,1.5
Sunbites. Sal marina.,476.0,7.3,61.0,21.0,6.6
Lenteja Pardina,320.0,24.5,48.1,1.2,9.6
Queso fresco Burgos Natural,164.0,10.9,4.2,11.5,0.0
6 Maxi Tortillas Trigo Wraps,293.0,8.33,50.0,5.83,4.17
Instant Full Cream Milk Powder,496.0,25.0,40.0,26.2,0.0
Old El Paso Jalapenos,20.0,0.5,3.400000095,0.200000003,0.0
Sriracha sauce mayo,281.0,0.9,26.0,19.0,1.2
Pago - Fraise🍓,49.0,0.5,12.0,0.5,0.0
KFC Sos cu Usturoi,295.0,0.7,9.5,28.0,0.0
Peeled Tomatoes,27.5,1.38,4.12,0.375,1.25
SAUMON ATL ELEVE EN NORVEGE FUME,209.0,22.0,0.5,13.0,0.0
Hot Cross Buns,251.0,7.7,48.1,2.1,4.2
Organic 6 Mixed Sizes Free Range Eggs,131.0,12.6,0.1,9.0,0.0
Self Raising Flour,352.0,9.8,73.0,1.6,3.2
Fiocchi d'avena integrale,385.0,12.0,60.0,8.5,10.0
DooWap pépites chocolait ss additif,340.0,8.3,47.4,12.1,3.9
Queso en polvo grana padano,398.0,33.0,0.0,29.0,0.0
Quinoa royal - Pois-chiches & citron confit,96.0,4.0,15.0,1.5,3.1
Salted Caramel Ice Cream,261.0,4.0,28.1,14.7,0.0
Pur jus orange carotte,41.0,0.6,9.1,0.5,0.0
Riz étuvé cuisson rapide,350.0,7.0,77.0,1.1,2.0
Rapeseed Oil,825.0,0.0,0.0,91.7,0.0
Biscuiți cu cremă de cacao,488.0,8.0,70.0,14.0,2.5
Sea Salt & Chardonnay Wine Vinegar Crisps,496.0,6.8,55.0,27.0,2.9
Upgrade Isotónico Blue,19.0,0.0,4.9,0.0,0.0
Skyr light & free,56.0,10.3,3.4,0.1,0.0
Alkoholfrei,25.0,0.0,5.3,0.0,0.0
Nouilles de riz,153.0,2.3,35.0,0.5,0.9
Potato Cakes,273.0,5.11,38.7,10.4,2.22
Corn Puffs Star W Cascaval 90G 1 / 20 1.6KG / Box,528.0,4.3,54.0,32.0,3.9
Pure fresh mentos,182.0,0.0,73.0,0.3,0.0
Spécial mie Nature,335.0,6.7,75.0,0.2,0.0
Hochland Almette Soft Cheese 150G,256.0,6.7,3.2,24.0,0.0
Poêlée lég & céréales - Butternut,89.0,3.9,9.1,3.4,3.2
Sea Salt Sourdough Flatbreads,412.0,11.2,65.0,10.0,10.0
Crème dessert Saveur Vanille,103.0,2.5,17.0,2.9,0.0
Pepite chocolat,534.0,2.2,60.6,31.4,0.0
Milled chia seeds,426.0,19.0,8.1,28.0,33.0
Biotiful Dairy Organic Kefir,58.0,3.2,4.6,3.0,0.0
Bolognese Original,54.0,1.2,6.9,2.1,1.1
Ekologisk röd quinoa,370.0,12.0,64.0,5.8,6.8
Wholemeal wraps,279.0,9.0,46.0,5.2,6.9
White Toastie,240.0,8.4,47.0,1.4,3.0
Rice noodles chilli miso,71.9,1.67,14.2,0.764,0.66
4 Spicy Bean Quarter Pounders,183.0,4.34,19.3,8.67,3.54
Peanut Butter Crunchy,603.0,27.0,12.0,48.0,7.6
Filets de Maquereaux Nature,259.0,22.0,0.0,19.0,0.0
Crème de coco bio,242.0,2.9,3.6,24.0,0.0
10 Breaded Cod Fish Fingers,188.0,12.8,16.0,7.91,1.28
Sel D'himalaya Rose,0.0,0.0,0.0,0.0,0.0
Heinz Beans - Snap pots,79.0,4.7,12.8,0.2,3.7
Croissant cacao Dulcesol Granel,446.0,5.0,49.0,25.0,0.0
Essential Waitrose Mayonnaise,694.0,1.299999952,3.2999999523163,75.09999847,0.0
Fromage blanc nature 3% MG 8x100g,74.0,7.3,4.3,3.0,0.5
Pâte à tartiner aux noisettes pot 700g,519.0,8.7,59.0,27.0,4.0
Dora,0.0,0.0,0.0,0.0,0.0
Les Fourrées  -  Beurre de Cacahuète & Cacao,438.0,13.0,58.0,17.0,6.0
Muesli croustillant chocolat,437.0,9.7,65.0,13.0,8.5
Barre aux 4 céréales et figue,366.0,5.3,70.0,5.7,6.9
Spinach bites,270.0,4.39,30.6,13.3,5.0
Pistachios,605.0,26.5,10.3,49.2,7.0
Strong white bread flour,344.0,13.4,68.2,1.3,3.0
Maïs SSA 1/4 x3,76.0,2.9,12.0,1.2,2.8
Major (goût vanille ),448.0,5.0,67.6,18.6,0.0
Sauce burger,322.0,0.5,11.0,31.0,0.0
Custard,97.0,2.2,15.0,3.0,0.4
Jambon - Simplement bon à l'étouffée,115.0,22.0,0.438,2.75,0.0
"Brossard - Savane Mini Dark Chocolate Marble Cakes, 210g (7.5oz)",433.0,5.6,48.0,23.0,5.8
Amora Sauce Deluxe 247g,306.0,1.0,5.0,31.0,0.5
Sablés Parmigiano Reggiano,510.0,9.0,50.0,29.0,6.5
Spanish Potato And Onion Omelette,146.0,5.2,10.8,8.8,1.4
Kaiser,0.0,0.0,0.0,0.0,0.0
Vollkorn Knäckebrot,379.0,12.8,57.5,7.5,14.9
Sardines au naturel,151.0,23.0,0.5,6.2,0.5
Latte PARZIALMENTE SCREMATO,47.0,3.2,5.0,1.6,0.0
Cooking sauce,245.0,2.8,6.8,23.0,0.0
Oat flakes rolled,364.0,12.0,62.0,5.7,8.5
SuperGreen Salad,66.0,3.9,4.3,2.9,3.3
I can't believe it's not butter,351.0,0.0,0.0,39.0,0.0
Wholegrain Mustard 180g,0.0,0.0,0.0,0.0,0.0
Melograno et Arancia,37.0,0.1,8.8,0.0,0.0
Carottes rapees citron dnp 180g,73.0,1.0,5.5,4.5,3.0
Stonebaked Ciabatta,256.0,8.6,47.4,3.0,0.0
50G RICOLA MENTHOL,235.0,0.0,98.0,0.0,0.0
Pan de molde integral sin corteza,208.0,9.2,34.0,2.5,6.9
Taste of Thailand,140.0,2.0,30.0,1.33,3.33
MARGARINE OMEGA 3 SANS Huile de Palme 250G,486.0,0.0,0.0,54.0,0.0
Biscuits à l'avoine complète nature bio 130g,443.0,8.0,65.0,15.0,7.6
P’tit fondant coeur chocolat,503.0,7.5,62.0,24.0,4.3
Cashew Milk,24.0,0.7,1.2,1.8,0.0
PET 1.2L MAYTEA FRAMBOISE,20.0,0.0,4.7,0.0,0.0
Al kasbah luncheon,837.9,11.9,11.23,12.8,0.0
Fanta,0.0,0.0,0.0,0.0,0.0
6 Burgers nature Classic,276.0,9.2,48.0,4.3,4.3
Sauce salade originale,190.0,0.53,6.67,17.97,0.0
Americano Intense Instant Coffee with Finely Ground Beans,126.0,8.1,3.0,1.0,34.3
Blanc de Poulet Nature Sans Nitrite,100.0,21.0,0.5,1.6,0.0
Everyday oat,49.0,0.4,7.3,2.1,0.3
Original Creamy Soft Cheese,259.0,4.6,3.5,25.2,0.1
The Best Sea Salted Crisps,532.0,5.2,50.2,33.5,4.4
Vegan protein,403.0,78.8,5.2,6.7,0.0
Pan Carrè,285.0,8.1,51.0,4.5,3.9
Erdnüsse geröstet & ungesalzen,626.0,25.0,11.0,52.0,8.3
Toffifee weiß,541.0,6.4,55.9,32.7,0.0
HERTA LE BON PARIS Jambon sel réduit x6 -210g,106.5,21.0,0.0,2.5,0.0
La hollandaise 96p,300.0,8.1,6.7,27.0,0.0
Vanilla yogurt,75.0,4.5,13.0,0.5,0.0
Growers Harvest Microwave Wholegrain Rice,167.0,3.7,28.5,3.0,5.9
finest cacao,0.0,0.0,0.0,0.0,0.0
Bio Hafer Creme,159.0,0.7,7.3,14.0,0.0
Creamy Chocolate and hazelnut butter,602.0,15.1,13.8,53.9,9.9
Cadbury Heroes,485.0,4.8,65.0,22.0,1.5
Passata Rustica - Basil And Oregano,34.0,1.5,6.6,0.0,0.8
White Sourdough bloomer with green and Kalamata olives,249.0,6.8,42.0,4.9,3.9
Apple & Berry No Added Sugar Granola,426.14723,18.0,49.0,18.0,9.8
Dessert végétal nature au lait de coco,80.0,0.6,5.6,6.1,0.2
Beurre doux 60%,547.0,0.7,1.0,60.0,0.0
Sweet chilli pepper,477.0,6.4,60.0,22.0,5.5
Organic hot chocolate,384.0,8.7,67.0,6.6,11.0
Mélange de fruits secs,479.0,15.0,38.0,28.0,7.3
Medium Curry Mix,77.0,1.1,8.3,3.8,0.8
Lindt Excellence,566.0,9.5,34.0,41.0,0.0
Filets de maquereaux nature,206.0,20.0,0.0,14.0,0.0
Organix carrot cake oats bars,411.0,7.9,55.0,15.0,12.0
Crème dessert saveur vanille,79.0,10.0,6.3,1.5,0.2
daya 🥑 avocat kbir,80.8,2.4,15.1,1.2,0.0
Dragon Sweet Chili,498.0,5.7,54.0,27.0,8.5
Brioche tranchée skyr,104.2065,8.1,49.0,12.0,4.3
Star tomat sachy,59.8,1.51,12.2,0.55,0.0
Crousti’pause choco noisette,469.8999938999999,5.1999998092651385,68.0,19.0,1.399999976
café capriccio intense 200g,0.0,0.0,0.0,0.0,0.0
Organix: Goodies Animal Biscuits - 100g,0.0,0.0,0.0,0.0,0.0
Lustucru girasoli tomate basilic mozzarella 250g,245.0,8.5,31.0,9.1,2.5
Thick & chunky salsa mild,39.0,1.3,6.2,0.5,2.4
Natural Original Liquorice 4 Bars,328.0,3.8,76.0,0.4,0.0
Almond Butter,654.0,19.0,22.0,55.0,7.3
Rostad Lök,573.0,6.0,38.0,43.0,5.0
Crinkle Cut Beetroot in Sweetened Vinegar,63.0,1.0,12.9,0.5,0.0
Magarine,720.0,0.0,0.0,80.0,0.0
cacao creme,571.0,2.1,57.7,36.3,0.0
Mikrowellen Popcorn salzig,483.0,10.7,53.0,23.0,10.8
Blüten Honig,379.0,4.6,38.0,23.0,0.0
"Erdnussbutter, creamy",634.0,25.0,18.0,50.0,6.0
Biscuits Complets Avoine et blé Bio,504.0,7.1,58.8,25.7,4.7
Sift Figs,249.0,3.3,48.6,1.5,6.9
Beurre Tendre Doux,743.0,0.7,0.5,82.0,0.0
Petits Suisses,137.0,9.1,3.8,9.5,0.0
Reduced fat homous,239.0,8.2,10.7,16.9,5.6
Activia bifidus brasse nature 125 g x 8,68.0,4.0,5.4,3.4,0.0
creme d'asperge,44.0,0.3,6.1,2.0,0.0
Muesli Bio Croustillant Amande Vanille,458.0,9.2,62.0,18.0,5.7
Cannelloni Ricotta et Epinards,79.0,3.3,9.6,2.7,1.7
Cacahuètes grillées à sec,615.0,27.0,7.2,51.0,8.0
Cereal Max Energy Noisette Chocolat,397.0,12.0,62.0,11.0,0.4
Essig - Melfor,13.0,0.5,5.0,0.6,0.0
Nouilles de blé instantanées saveur poulet,111.0,2.5,14.0,4.7,0.0
Sticks et bretzels,384.0,11.0,76.0,3.0,3.8
Petit beurre - 200g,443.0,7.8,77.0,11.0,1.6
Tuiles goût salé,502.0,4.3,61.3,25.8,3.7
Jambon sup dd csn tsr 4t 140g,118.0,23.0,0.3,2.7,0.3
Boisson soja chocolat BIO 1l,68.0,3.5,8.3,2.0,1.3
Muesli CRISP 5 Fruits 500g,426.0,8.8,63.4,13.6,7.4
Pain de mie sandwich complet 825g,268.0,8.5,42.0,5.8,6.9
"Fromage pasteurisé Emmental français râpé 29%MG, 200g",369.0,27.0,0.0,29.0,0.0
Tofou fumé au bois de hêtre,165.0,16.0,1.1,10.0,3.2
Sardines à l'huile d'olive vierge extra,204.0,24.0,0.0,12.0,0.0
Sardines,204.0,24.0,0.0,12.0,0.0
biscottes à la farine d\'épautre,379.0,11.0,70.0,5.7,5.5
Graines de chia,363.0,18.0,5.0,31.0,35.0
🍚Riz au lait🥛,160.0,3.4,18.0,6.6,0.0
Le Kebab de Poulet et sa Semoule à l'Orientale,171.0,7.3,16.0,8.5,0.8
pain grillé palletier,442.0,12.0,65.0,14.0,3.5
Chips saveur Aïoli,523.0,6.33,52.0,31.0,4.67
Lipton Ice Tea saveur pêche,13.0,0.0,3.1,0.0,0.0
Novalac Lait,495.0,14.0,61.0,23.0,0.0
Yaourt au lait de chevre,77.0,4.1,4.2,4.9,0.0
Olives vertes Dénoyautées,156.0,1.3,1.3,16.0,3.6
Tarti'Bon Nature,252.0,4.5,3.0,25.0,0.0
Moutarde à l'ancienne,139.0,7.2,2.3,10.0,5.6
Galleta de mantequilla con tableta de chocolate con leche,508.0,7.5,60.0,26.0,3.5
Le Carré Crémeux,318.0,9.0,3.0,30.0,0.0
100% pur jus POMME,43.0,0.0,10.0,0.0,0.0
Stylesse Nature,379.0,8.7,80.0,1.5,5.3
Tartines croustillantes au Seigle,350.0,10.0,66.0,1.8,15.0
Le Palet Breton,503.0,5.6,63.0,25.0,1.9
Huile de colza,828.0,0.0,0.0,92.0,0.0
Flocons d'Avoine,372.0,14.0,59.0,7.0,10.0
Pain complet au seigle bio,208.0,4.8,37.0,1.6,9.9
République Dominicaine 80%,622.0,7.3,28.0,51.0,11.0
Chocolat noir Quinoa,558.0,8.6,43.0,37.0,8.3
Werthers Original Drops Sukkerfri 42g,290.0,0.2,87.0,8.8,0.0
Storck Caramel Popcorn Classic 140g,456.0,2.9,72.9,16.1,0.0
Natürliches Mineralwasser still,0.0,0.0,0.0,0.0,0.0
Orange Juice smooth from concentrate,47.0,0.5,10.5,0.1,0.1
Balisto Miel Amandes x9,518.0,6.7,59.0,28.0,0.0
Wild Pacific Red Salmon,151.0,20.4,0.0,7.8,0.0
Aromatic & fluffy basmati rice 250g pack,134.0,3.3,27.4,1.0,1.1
Crunchy Oat Granola Tropical Fruits,426.0,10.0,65.0,13.0,6.2
Red Onion & Chive Bagels,261.0,9.53,49.5,1.76,4.35
Marchand de sable,4.0,0.0,0.0,0.0,0.0
Bombay mix,507.0,12.0,48.0,28.0,8.0
Barres de Céréales Extra Kellogg's Miel - 4x32g,510.0,15.0,35.0,33.0,6.7
Twinning Thé Vert Menthe,4.0,0.0,0.0,0.0,0.0
Cashew Cookie Raw Fruit & Nut WholefoodBars,410.0,10.0,46.0,23.4,4.7
Burn,61.0,0.0,14.4,0.0,0.0
Kerrygold Cheddar herzhaft,392.0,26.0,0.0,32.0,0.0
Strawberry banana peach pear,69.8,3.6,9.3,1.9,1.0
Fanta citron 33cl,26.0,0.0,6.3,0.0,0.0
Leite Meio-Gordo,48.0,3.4,4.9,1.6,0.0
Soba Cup Noodles &quot;Teriyaki&quot;,203.0,5.4,26.8,8.1,0.0
Riz long jaune,345.0,7.0,78.0,0.0,0.0
Yellow Label Tea,2.0,0.16,0.5,0.0,0.0
Schweizer Kräuterbonbon,400.0,0.0,98.0,0.0,0.0
Infuselle Bonne Nuit,26.0,0.0,6.4,0.0,0.0
Orange Menthe,237.0,0.0,96.0,0.0,0.0
Café au Lait,400.0,21.2,29.4,20.0,8.2
Milka Oreo,565.0,5.0,55.0,35.5,1.55
Choco sticks,505.01912039999996,7.7,63.0,24.0,2.6
Barre Chocolatée Kinder Bueno Chocolat au Lait,572.0,8.6,49.5,37.3,0.0
Buoni cosi,436.0,8.7,60.3,19.0,9.0
Acqua Minerale,0.0,0.0,0.0,0.0,0.0
MixMax,433.0,5.9,51.1,22.2,0.0
Tortilla chips chili,484.0,8.0,58.1,23.0,6.5
Cheetos Sticks,518.0,6.0,56.2,29.3,2.7
Leche Entera,63.0,3.1,4.6,3.6,0.0
Digestivo 33% menos grasa,447.0,7.1,71.0,14.0,4.3
Pan de molde sin corteza,229.0,9.3,41.0,2.6,2.8
Muesli crunchy frutos secos,458.0,8.0,63.0,18.0,6.0
Alubia Blanca,83.0,5.8,10.7,0.4,0.0
Tukas Tomato Paste,100.0,5.0,20.0,0.0,0.0
Aloe Vera Drink,20.0,0.0,5.0,0.0,0.03
Кокосовое молоко,189.0,1.11,2.22,18.9,0.0
Lipton citron Ice Tea,19.0,0.45,4.6,0.5,0.0
Hash browns,175.0,2.7,22.4,7.9,2.2
Tilda Coconut Basmati Rice,163.0,3.44,25.2,5.04,1.52
Blueberries,45.0,0.9,9.1,0.2,1.5
Original Cheerios,359.0,12.8,0.0,6.41,10.3
Chocolat gianduja,575.0,8.0,42.0,41.0,4.7
Vollkorn-Sandwich,239.0,8.6,40.7,3.2,6.6
Кисело мляко по гръцка рецепта,121.0,3.7,4.0,10.0,0.0
Yaourts à la grecque lit de fraise,80.7,1.6,9.27,4.07,0.333
Tartine croustillantes,362.0,11.8,67.2,2.0,14.0
Banania Original,373.0,5.6,79.0,2.2,6.7
Magura Prăjitură cu cacao,439.0,3.2,53.7,23.0,0.0
Seeded Brioche Burger Buns,309.0,9.4,48.0,8.2,2.9
Lben jibal450,31.0,2.0,3.5,1.0,0.0
Crema verduras,30.571428571428598,0.7428571429999999,5.6,0.8285714285714291,1.028571429
British Sparkling Spring Water Raspberries,1.0,0.0,0.1,0.0,0.0
#NAME?,427.0,8.33,50.0,20.0,8.33
DANAO PÊCHE ABRICOT,43.0,0.8,9.3,0.1,0.0
Yaourt a boir,13.359999656677001,1.7170000076294,0.0,1.059999943,0.0
Black's Organic White Chocolate Bar,581.0,7.9,51.0,38.0,0.0
Tocitos,502.0,4.8,61.3,26.0,2.9
Pitted Black Olives,125.0,0.5,3.0,13.0,3.0
"Pasta, Spinach & Pine Kernels",229.0,7.4,26.5,10.0,1.8
Cremefine zum Kochen 15% Fett,150.0,0.8,2.5,15.0,0.0
Organic mayonnaise,696.0,1.2,1.6,77.0,0.4
Крем от тъмен шоколад,588.0,7.5,45.0,37.0,0.0
Crisp Rice,387.0,8.0,84.7,1.33,1.67
Special Golden Veg Rice,151.0,3.04,30.3,1.52,2.16
فرويتي,150.0,4.6,30.0,2.6,0.0
Noix de coco râpée Belbake,680.0,7.4,8.4,65.2,20.5
Classic Cream Crackers,442.0,9.7,67.0,14.0,3.1
Soluble al CACAO,377.0,4.9,81.0,2.3,6.5
Sundried Tomatoes Italian Antipasti,348.0,2.5,6.1,34.0,0.0
Organic red kidney beans in water,95.0,7.7,11.2,0.5,0.0
Cannellini Beans in Water,93.0,6.6,12.0,0.5,8.8
Sauce pizza,49.0,1.76,9.97,0.3,2.0
Blé Dur,347.0,14.0,62.0,2.5,0.0
Crêpes Chocolat x 15,465.0,6.6,59.0,22.0,2.5
West country Butter,745.0,0.6,0.6,82.2,0.0
"Bénénuts Plaisir brut Mélange de noix amandes, noix, cajous, noisettes",662.0,19.0,9.9,61.0,8.6
TOMATO KETCHUP,118.0,0.0,29.4,0.0,0.0
Original Beef Stick,312.0,31.2,0.0,21.9,0.0
Tomato & Chilli,46.0,1.3,6.6,1.4,0.8
Belle Buone,448.0,13.0,60.1,15.9,6.0
Multigrain Loaf,221.0,6.0,26.3,7.3,12.9
Thon entier nature,93.0,22.0,0.0,0.5,0.0
Smooth operator milk chocolate,588.0,8.0,48.0,40.0,2.0
Butter beans,103.0,6.2,15.8,0.4,5.4
Protein Granola Apricot & Cranberry,441.0,26.5,44.1,16.3,6.0
Ready salted,29.0,3.0,1.8,0.4,0.0
IronMaxx Protein Bar,368.0,50.0,26.7,10.6,0.0
Nuravit,0.0,0.0,0.0,0.0,0.0
Pesto sun dried tomato,279.0,3.0,4.6,27.0,2.8
Calcium,0.0,0.0,0.0,0.0,0.0
Rice Pops,394.0,7.4,87.9,1.2,1.1
Biscotti Al Cioccolato,470.0,6.2,66.0,19.0,5.3
Crunchy Erdnuss Butter,631.0,29.0,20.3,47.4,0.0
Moulin 5 Baies,0.0,0.0,0.0,0.0,0.0
Dry Roasted Peanuts,621.0,29.0,6.7,51.6,6.9
Salt & Shake Potato Crisps,533.0,6.2,52.2,32.3,0.0
Skyr Natur,63.2,10.7,4.0,0.24,0.0
HERTA Blanc Poulet Broche conservation sans nitrite x4 -140g,110.0,22.0,1.0,2.0,0.0
Dessert au soja caramel pointe de sel,95.0,3.3,16.0,1.9,0.0
Gastro mixte,0.0,0.0,0.0,0.0,0.0
Malted Grain & Seeds,269.0,11.3,43.4,4.6,4.5
Quesitos,192.0,11.8,3.9,14.3,0.0
Pois chiches HVE Bien cultivés d'aucy 250g,120.0,6.7,15.0,2.5,5.5
Confiture 4 agrumes,167.0,0.6,40.0,0.5,1.5
Couscous moyen Golden sun,349.0,12.0,69.0,1.8,4.2
Peruvian Dark Milk Chocolate,591.0,8.1,40.2,42.9,5.8
Creme fouettée à la vanille de Madagascar,313.0,2.1,11.0,29.0,0.0
Greek feta Cheese,281.0,16.0,0.6,24.0,0.6
Mira,0.0,0.0,0.0,0.0,0.0
HERTA TARTE EN OR Pâte Feuilletée Rectangulaire 230g,383.1,6.5,42.0,20.0,1.4
HERTA Lardons Fumés 200g,248.0,17.0,0.0,20.0,0.0
Chicken and Vegetable Lidl soup,50.5,3.3,6.45,1.02,1.18
نيفيا,0.0,0.0,0.0,0.0,0.0
Truite des Pyrénées fumée,159.0,22.2,0.1,7.8,0.0
Bruschetta Garlic & Parsley,528.0,8.8,52.8,30.4,0.0
Käse Grünländer Mild & Nussig Das Original,364.0,25.0,0.5,29.0,0.0
Oat Shortbread,477.0,7.2,63.3,20.6,4.6
vaseline,0.0,0.0,0.0,0.0,0.0
Ayour ail semoule,331.0,16.5,63.7,0.2,9.0
Sablés Équilibre noisette,498.0,8.0,63.0,22.0,3.9
Yaourt brassé vanille,77.8,2.1,10.9,2.85,86.7
Chips saveur miel moutarde,522.0,6.3,52.0,31.0,4.8
Hot & Spicy,515.0,6.5,55.0,29.0,3.8
HiPro,53.0,9.5,3.6,0.1,0.0
Spécial petit-déj à l'avoine,46.0,0.7,6.3,1.8,1.0
Muscly,294.0,9.0,15.0,22.0,2.0
Oasis ice tea saveur pêche,19.0,0.0,4.5,0.0,0.0
Kiri Bio,307.0,9.5,2.0,29.0,0.0
Hovis Granary,253.0,9.3,47.8,1.6,4.6
Brioches barre chocolat au lait,420.0,1.0,52.0,19.0,4.0
Rowse organic honey,329.0,0.5,81.5,0.5,0.5
Pain de mie 100% mie harrys epaisse nature 500g,266.0,7.0,48.0,4.3,3.8
Wholewheat Spaghetti,344.0,13.0,65.0,1.88,7.38
Velouté tomates,36.0,0.5,6.4,0.8,0.4
Panzani sce tomacouli nature bio 265g,32.0,1.41,5.5,0.0,2.3
Bisto best,350.0,4.1,67.7,6.7,1.3
HERTA LE BON PARIS Jambon Fumé sans nitrite x4 - 140g,109.2,21.0,0.9,2.4,0.0
Sel rose,0.0,0.0,0.0,0.0,0.0
Soft Cheese,264.0,4.6,3.6,25.6,0.5
Mini Cheddars,505.0,10.3,51.5,28.6,2.6
Fibra sticks,342.0,16.0,51.0,3.3,33.0
Cappuccino goût chocolat,400.0,6.4,76.0,7.2,4.0
Multigrain hoops,382.0,9.3,76.2,2.6,8.5
Pâte Feuilletée Beurre Frais,358.0,5.6,42.0,17.0,1.3
Philadelphia Vegetale,218.0,3.3,2.2,21.0,1.5
Babicao,385.0,10.5,77.4,2.3,6.1
Haché Végétal et Gourmand,224.0,14.0,3.4,16.0,5.3
4 Burger buns,310.0,8.83,51.9,6.88,2.47
Premium Crunchy Muesli Nuts,475.0,11.0,55.3,21.7,7.0
Flora ProActiv Buttery Taste,530.0,0.5,0.5,59.0,0.0
Mermelada Arándanos,206.0,0.5,49.0,0.2,0.0
مايونيز لزيور,653.0,0.7,1.8,71.0,0.0
Skyr végétal nature,60.0,7.0,1.0,3.1,0.7
000 100 TASTE OF Red Split Lentils DATKA 8,119.0,8.1,16.9,0.7,6.3
Cioccoavena,440.0,8.3,63.0,20.0,5.3
Bio pommes,57.0,0.3,13.0,0.0,1.7
Kombucha Fraise et Pêche,2.0,0.0,0.0,0.0,0.0
DM Bio Linsenwaffeln 100g 1.35€ 1kg 13.50€,367.0,29.0,55.0,1.7,7.19
Wheat Crackers,486.0,8.1,67.1,19.5,3.33
Nappés lait,504.0,7.9,62.0,24.0,4.0
Apă minerală necarbogazoasă (plată),0.0,0.0,0.0,0.0,0.0
SEA SALT AND PEPPER PROTEIN NUT CRUNCH,445.0,23.0,40.0,21.0,11.0
chips saveur barbecue,504.0,6.5,55.0,27.0,5.3
Maxi tacos wrap,299.0,11.6,49.9,5.9,2.0
napolitane,506.0,6.6,58.1,26.4,0.0
Pringles Hot Smokin BBQ Ribs Flavour,522.0,6.1,55.0,30.0,3.8
Protein Granola Berry,449.0,16.7,54.4,16.7,6.89
Sergio pâte à tartiner,0.0,0.0,0.0,0.0,0.0
Data,76.80000305,2.5,14.0,1.200000048,0.0
12 free range British eggs,143.0,14.1,0.5,9.6,0.0
Multi-Grain Crackers 6-Seed,466.6667,10.0,66.6667,16.6667,6.6667
"Dark chocolate covered pretzels with peppermint pieces, peppermint",467.0,6.67,70.0,20.0,3.3
Chocolat Lait Noisettes entières,599.0,8.3,42.0,43.4,3.6
Fette croccanti con sesamo,36.0,1.1,58.0,6.0,16.0
Bûche,279.0,17.0,1.0,23.0,0.0
Barritas muesli Chocolate,452.0,8.0,63.4,17.5,4.3
Crème brûlée,232.0,4.3,20.0,15.0,0.0
Reis - Basmati Reis,353.0,8.2,78.0,0.5,1.3
Muesli Berries & Cherries,336.0,5.8,71.0,1.8,6.3
Crusti Choc,514.0,6.5,61.4,26.5,1.8
Chocolat Dégustation 70% cacao,567.0,8.8,35.0,41.0,11.0
Knorr Soupe Déshydratée Passée aux 9 Légumes 4 Portions,355.0,10.0,52.0,8.5,10.0
Bretzels d’alsace,397.0,10.0,74.0,5.5,5.9
Gâteau de riz au caramel,133.0,2.8,25.3,2.3,0.2
Hamburger Géant Nature X 4,273.0,9.8,46.0,4.7,3.8
Panzani torti 3 minutes 500g,361.0,12.0,72.0,2.0,3.6
Bonne Maman Black Cherry Conserve 370G,243.0,0.7,59.0,0.2,1.0
Amandes entières décortiquées,611.0,24.0,5.6,53.0,11.0
Kiri® Goûter 5 barquettes,280.0,9.0,23.0,17.0,1.0
Lait de nos fermes,332.0,0.7,82.0,0.0,0.0
30 boudoirs 175g,394.0,7.3,80.0,4.6,0.0
Haribo pik,352.0,6.0,80.0,0.5,0.0
Pain complet de seigle aux graines de tournesol,214.0,5.7,34.0,3.7,11.0
Quinoa au naturel,156.0,4.2,21.0,4.6,6.0
Repas Équilibré barre saveur Pomme Framboise,332.0,24.0,42.0,6.1,10.0
Sablés framboise sésame,484.0,6.0,62.0,23.0,0.0
Le Crottin de Chèvre,297.0,20.0,2.6,23.0,0.0
Saint Agur crème format maxi,286.0,13.0,2.3,25.0,0.0
Soupe Miso au Tofu,18.0,1.2,1.7,0.6,0.4
Shirataki de Konjac,7.0,0.0,0.2,0.0,3.7
Sandwich Le Méga Thon Oeuf x3 / pain viennois,279.0,10.0,27.0,14.0,2.9
Salade & Compagnie - Stockholm,194.0,7.6,19.0,9.1,2.7
Noix de cajou grillées,614.0,20.0,22.0,49.0,5.2
Petits pains grillés au blé complet sans sucres ajoutés,389.0,13.0,68.0,5.5,7.6
Comte 6 mois aop lc 350g,419.0,27.0,1.0,34.0,0.5
Yaourt a la grecque nature 4x150g,101.0,3.0,3.9,8.2,0.0
Naturais 300g,209.0,6.3,4.7,20.0,0.0
Petits pains grillés au froment - 225g,403.0,9.1,73.0,7.4,4.1
Yaourt nature à la grecque 4x150g,102.0,2.9,3.5,8.5,0.5
Huile Isio 4 Olive,900.0,0.0,0.0,100.0,0.0
"Lasagnes saumon, epinard",102.0,6.3,10.0,3.7,1.5
2 dos de cabillaud façon fish and chips,153.0,14.0,7.5,7.0,0.9
Émincés de poulet conchiglie complètes et légumes à l'italienne,98.0,7.9,10.0,2.2,3.1
Éclats de fèves de cacao noir,526.0,6.5,51.0,31.0,8.4
Suprêmes au Goût de Crabe,86.0,10.0,8.0,1.4,0.0
Feuilles de Brick,283.0,6.0,60.0,1.1,0.0
Tarama aux œufs de cabillaud,567.0,4.0,3.5,58.0,0.0
Pate à tartiner noisette cacao,542.0,9.7,53.0,32.0,4.8
salade THON OEUF CRUDITES,105.0,5.6,4.4,7.0,9.3
Butter gesalzen,726.0,0.8,0.7,80.0,0.0
Chocolat noir 80% - Équateur,577.0,11.2,27.0,44.0,14.2
L'originale,540.0,5.9,50.0,33.3,5.2
1L LIMONADE ARTISANAL LORINA,34.0,0.0,8.4,0.0,0.0
Tortilla chips classic,480.0,6.7,63.0,22.0,4.0
Croustillant Nature,447.0,8.9,69.0,13.0,8.1
"Crackers Aux graines de courge, lin et sésame",486.0,21.0,34.0,27.0,12.0
Beurre de bretagne doux,0.0,0.8,0.6,82.0,0.0
Pain de mie Grandes tranches 7 Céréales,283.0,8.2,46.0,6.5,4.0
Vinaigre Balsamique de Modène,0.0,0.0,0.0,0.0,0.0
Chips Pom'Lisse,540.0,5.9,50.0,34.0,5.2
Petits Pains Grillés Froment,411.0,9.8,73.0,8.1,3.5
Torsades complètes,336.0,14.0,64.0,2.0,6.8
4 Galettes de Bretagne au sarrasin,165.0,5.8,31.0,1.4,2.6
Escalope Cordon Bleu au Comté,206.0,14.0,14.0,10.0,2.1
Pain tranché au seigle,216.0,6.8,41.0,1.3,6.0
Yaourt Nature au Lait 1/2 écrémé,42.0,3.5,5.0,0.9,0.0
Sauce au poivre,478.0,0.5,5.8,50.3,0.0
Brassé Jus de Citron,90.0,3.6,11.9,3.1,0.0
Rocher Suchard noir (7 x 35g) 245 g e,570.0,5.2,50.5,37.5,5.0
Pâte à tartiner Banania,533.0,4.6,56.5,31.0,4.0
Coco nature,160.0,1.1,3.5,16.0,0.3
Almette - Kräuter,251.0,5.4,4.7,23.0,0.0
Kinderriegel,566.0,8.7,53.5,35.0,0.0
Maxi King,521.0,6.7,38.2,37.5,0.0
fritz-kola Original,40.0,0.0,9.9,0.0,0.0
Udon,127.0,4.9,26.0,0.1,2.1
Co op wholemeal toastie,231.0,10.0,37.8,2.89,7.78
M&M's - peanut,524.0,9.8,59.0,26.0,0.0
Toasting Muffins,228.0,8.75,42.0,2.03,2.66
Quick Yeast,356.0,43.5,19.0,5.7,0.0
Chopped Tomatoes in Tomato Sauce,16.0,1.0,3.0,0.1,0.7
Yogurt and Oat Clusters,178.0,4.8,25.0,6.0,2.1
Baton protein waniliowy,406.0,20.0,44.0,16.0,9.1
Ideal Flan Vanilla,50.0,0.0,13.0,0.0,0.0
"Sardines à l'huile de soja aux légumes, piment et épices",208.5,26.3,0.4,11.3,0.0
Doritos gout SWEET CHILI PEPPER,492.0,6.6999998092650985,58.0,25.0,0.0
Pearl River Bridge Soy Sauce,38.0,4.9,4.5,0.0,0.0
"RICORE Original, Café & Chicorée, Recharge de 260g",141.0,2.7,9.1,0.5,45.3
chocolat brownie,473.0,4.8000001907349015,48.0,29.0,1.7
Kinder Bueno Mini,572.0,8.6,49.5,37.3,0.0
"Butterkekse, glutenfrei",458.0,2.7,80.0,14.0,0.8
Rocchetta Naturale,0.0,0.0,0.0,0.0,0.0
IL CRACKER,438.0,10.0,67.7,13.0,5.0
Primizie,468.0,7.8,62.6,19.5,5.3
Crunchy Avena y Miel,467.0,8.7,64.3,18.1,6.4
Espetec,421.0,27.5,1.4,34.0,0.0
Pão de forma,255.0,8.2,48.0,2.7,3.38
Tomate frito sin azúcares añadidos,65.0,1.5,6.5,3.5,0.0
Mantequilla con sal,734.0,0.5,0.8,81.0,0.0
Mango deshidratado,318.0,2.9,70.0,1.1,7.6
Naturel Chips,513.0,6.2,53.0,30.0,5.2
Moutarde Au Miel Pot,226.0,4.2,35.0,6.4,3.2
Dulce de Leche La lechera,301.0,5.6,55.8,6.0,0.0
High Protein Chocolate Pudding,76.0,10.0,5.5,1.5,0.0
Petits Pois 1/2,75.0,5.0,9.1,0.9,5.3
Tesco Sardines in Tomato Sauce,175.0,18.5,0.833,10.8,0.0
intense rich beef,90.0,4.9,10.0,3.1,0.9
Free from Green Pesto,373.0,3.4,6.3,36.8,1.8
Basics Clear Honey,329.0,0.5,81.5,0.5,0.5
Roasted & Salted Cashews,625.0,19.5,19.4,50.9,5.4
Wholewheat spaghetti (cooked),145.0,5.7,27.4,0.6,3.9
Team up,500.0,3.75,64.6,25.4,1.25
Gorgonzola dop piccante,342.0,20.0,0.0,29.0,0.0
Batido proteínas Whey Hacendado,46.0,7.9,2.3,0.6,0.0
Jambon supérieur Sans nitrite,113.0,21.0,0.4,2.9,0.0
Bifrutas tropical,21.0,0.3,4.8,0.0,0.5
Gullon cookies,454.0,5.9,63.0,24.0,4.0
NESCAFÉ 3in1 ORIGINAL,430.0,1.21,75.8,12.7,2.42
Delicate korma curry,195.0,3.13,8.33,16.4,1.0
Cereales rellenos de crema de cacao y avellana sin gluten,461.0,6.0,69.0,17.3,2.0
Belgian Chocolate Ice Cream,313.0,4.5,26.3,20.0,2.2
"Süßes, Schokolade Edelbitter 85%",604.0,11.0,20.0,50.0,14.0
Veggie Fingers,185.0,3.6,23.0,8.1,2.6
Crème Fraîche,298.0,2.2,2.4,31.0,0.0
Whole Nut Smooth Peanut Butter,650.0,24.7,9.1,55.7,6.5
Cuisson Pratique,621.0,0.0,0.0,69.0,0.0
Fruit d'Or 100% végétal,620.0,0.0,0.0,70.0,0.0
Mouliné aux légumes,31.0,0.5,6.2,0.5,0.9
Lapte,62.0,3.0,4.5,3.5,0.0
Basmati Rice (raw),369.0,8.1,83.7,0.5,1.1
Galettes de lentilles vertes courgette menthe,275.0,8.5,21.2,16.0,6.2
Extra Leben,0.0,0.0,0.0,1.2,0.0
Stone Baked Margherita Pizza,260.0,13.5,33.5,7.4,2.5
Pulled Pork,144.0,18.0,2.0,7.0,0.0
TESCO Whole Pickled Gherkins in spirit vinegar,19.0,0.8,2.5,0.3,1.3
Krave choco nut flavour,456.0,7.1,69.0,16.0,3.6
Hachis parmentier les classiques du chef,140.0,6.6,13.0,6.6,1.1
Croc break,465.0,5.7,70.0,17.0,4.4
Oatly Hafer Barista Edition,61.0,1.1,7.1,3.0,0.8
Creamy Coleslaw,231.0,0.5,6.7,22.0,2.0
granola,464.0,13.0,52.0,21.0,8.9
Chicken broth,41.0,1.6,7.2,0.7,0.7
"Grainéa Abricot barres aux 5 céréales Maîs,Blé, Seigle, Riz  x 6 barres",369.0,5.2,72.0,5.1,7.0
chilli packet,257.0,7.6,56.1,5.9,10.4
Bio ginger turmeric shot,32.0,0.5,5.8,0.5,0.2
Pitta breads,254.0,9.4,51.0,0.7,3.8
Greek Style Fat Free Natural Yogurt,62.0,5.9,9.1,0.2,0.0
Tunfisch Filets in Sonnenblüme,139.0,25.4,0.0,4.1,0.0
Tomate Pelado Troceado,31.0,1.1,6.0,0.1,0.0
Tortilla Chips Avocado Guacamole Flavour,522.0,7.1,67.0,24.0,4.7
Harrys pain de mie extra moelleux complet sans sucres ajoutés 500g,269.0,8.7,46.0,4.1,6.0
Seville orange marmalade,263.0,0.4,65.0,0.0,0.0
Tofu al naturale,129.0,13.0,1.8,7.5,1.0
Muesli fruits,366.0,10.0,61.0,6.9,9.9
Gewürz-Spekulatius,477.0,6.0,70.0,18.7,0.0
Organic Coconut Milk Yog Natural,199.0,2.0,4.3,19.0,0.0
Vinaigrede table blanc,0.8,0.0,0.15,0.0,0.0
Juby Sardines In Vegetable Oil125g,231.0,23.7,1.0,17.6,0.0
L'Olive vierge extra,900.0,0.0,0.0,100.0,0.0
Penne rigate,352.2,11.2,76.5,0.16,0.0
Apricot Wheats,377.0,8.8,78.0,1.5,7.9
Light & Free,48.0,7.3,4.5,0.1,0.0
Organic Sea Salt Tortilla Chips,464.0,7.14,60.7,25.0,7.14
Skyr bio vanille,73.0,9.1,8.9,0.1,0.0
Biscuits Épeautre et Sésame,505.0,9.0,60.0,25.0,4.3
Infuse a froid pêche-framboise,4.0,0.5,0.5,0.5,0.0
Tartines grillées craquantes au froment 250g,387.0,12.0,74.0,3.4,6.2
Amora Moutarde Mi-Forte 260g,271.0,5.9,2.6,25.0,2.6
Sour Watermelon,333.0,0.0,87.5,0.0,0.0
Typ Cappuccino classic,399.0,8.3,77.0,8.0,0.0
Extra Special Mixed Seed Sourdough,270.0,12.0,37.0,6.5,8.5
Schokolade Halbbitter,534.0,6.0,50.0,33.0,0.0
PHILADELPHIA GARLIC & HERBS www. For delicious vis,142.0,7.2,5.3,10.0,0.0
Jamaican-style grains & pulses,135.0,3.9,20.0,3.0,5.9
Crunchips Paprika,538.0,5.7,50.0,34.0,4.4
Pur cacao non sucré,346.0,25.0,14.0,11.0,46.0
Le nature,137.0,9.0,5.0,9.0,0.0
Soya alternative to greek style yogurt,52.0,5.8,0.0,3.0,0.8
Iaurt cremos in stil grecesc 10%,123.0,3.7,4.5,10.0,0.0
Malted Wheats,361.0,11.3,69.6,1.7,10.9
85% Cacao NOIR,595.0,12.0,20.0,49.0,13.0
THE VERT DE CHINE,0.0,0.0,0.0,0.0,0.0
Soy original,42.0,3.0,3.4,1.8,0.3
Hafermilch Voll,59.0,1.1,7.0,2.8,0.8
Special K Classic,392.0,8.0,84.0,1.3,6.0
Labné,225.0,6.0,3.0,21.0,0.0
Courgettes cuisinées à la provençale d'aucy 380g,79.0,1.4,4.9,5.5,2.2
Indian Style Grains,158.0,5.4,23.6,3.6,4.5
POM-BÄR Original,516.0,3.0,62.0,27.0,4.9
Amandes non grillées,613.0,26.0,6.0,52.0,8.3
Strawberry,75.0,4.6,12.6,0.5,0.0
Full cream sweetened condensed milk في ١٠٠ غرام 271 سعرة حرارية,325.0,8.0,56.5,8.0,0.0
Go Free Gluten Free Corn Flakes imp,382.0,7.4,82.9,1.4,4.2
Pasas sultanas,300.0,2.5,68.6,0.6,5.2
Goede start,356.0,0.5,1.1,39.0,0.0
Miel d'Eucalyptus,305.6,0.47,81.0,0.04,0.0
Queso en lonchas de vaca,364.0,21.0,0.5,31.0,0.0
Vitamina C + Zinc sabor Limón,0.0,0.0,0.0,0.0,0.0
Coffee Mate,300.0,1.67,33.3,16.7,0.0
bran flakes harvest morn,366.0,10.7,66.3,3.2,14.5
Ready Rolled Puff Pastry,441.0,6.6,47.6,24.3,2.8
Flakes fruits rouges,370.0,8.7,74.9,2.2,8.0
NESTLE FITNESS Cocoa Protein Bar Multipack (,330.0,11.9,41.0,9.4,26.4
Extra Smooth Houmous,305.0,6.8,10.6,25.4,3.4
Magnesium Drink Zero,2.0,0.0,0.0,0.0,0.0
Pitted Dates,265.0,5.4,58.7,0.6,7.5
Wiltshire Cured Ham,126.0,24.7,0.1,2.9,0.5
Dark milk chocolate with blood orange,573.0,9.0,42.4,39.5,6.1
Fromage cheddar 16 portion or blanc,0.0,0.0,0.0,0.0,0.0
Jibal fromage frais,122.15,4.95,14.45,4.95,0.0
Taste the Difference Raspberry Conserve,240.0,1.0,56.0,1.0,2.9
Lighter Coconut Milk,66.0,0.5,3.5,5.6,0.5
Sriracha Hot Chili Sauce,0.0,0.0,0.0,0.0,0.0
Organic Soy Milk: Unsweet,33.3,2.92,1.67,1.88,0.833
Soft Tortilla Wrap,294.0,8.06,54.0,4.35,3.23
Premium original Galletas de Soda,438.0,6.25,75.0,9.38,0.0
Cinnamon Brown Sugar Biscuits,460.0,6.0,72.0,16.0,4.0
Houmus with Extra Virgin Olive Oli,308.0,5.7,8.5,27.2,3.3
Organic Tortilla Chips,500.0,7.14,67.9,21.4,7.14
Pure Irish Butter Salted,714.0,0.0,0.0,78.6,0.0
Ancient Grain Granola,433.0,10.0,60.0,16.7,6.67
Mango,331.0,2.3,73.5,1.4,7.4
Bastoncini salati,399.0,11.0,77.0,4.0,5.5
Rich Tea Biscuits,459.0,7.9,71.0,15.3,2.6
Nature Tortilla,472.0,6.6,64.4,20.0,4.0
Frischkäse der Sahnige,243.0,6.3,2.8,23.0,0.0
Meruňkový džem,240.0,0.3,58.0,0.02,1.2
Skyr Natural,62.0,11.0,4.0,0.2,0.0
Beurre bio doux 250g,753.0,0.7,0.9,83.0,0.0
Lait amandes caramélisées,0.0,8.8,47.4,39.1,3.4
"Fromage Blanc 3,1%",79.0,7.8,4.7,3.2,0.5
Belvita Petit-Déjeuner Original,435.0,7.8,66.0,14.0,6.8
Emietté de Thon le mariné Citron & Thym,216.0,24.6,0.0,13.1,0.0
Salakis Natur,272.0,16.0,0.8,23.0,0.0
Velouté de potiron,35.0,0.6,4.6,1.2,1.9
Bouillon volaille &vermicelles,20.0,0.65,4.0,0.1,0.3
Lait écrémé en poudre,359.0,36.0,52.0,0.8,0.0
Les Saucisse aux lentilles,112.0,7.3,9.1,4.5,2.8
Blanc de Dinde  - 25% de sel*,104.0,22.0,0.7,1.5,0.5
Le supérieur cuit à l'étouffée - tranches fines - 25% de sel * - 6 tranches,0.0,22.0,0.5,2.8,0.0
200G STARMINT HARIBO,381.0,0.5,95.0,0.5,0.0
Lutti best fizz tubo 550g,345.0,4.6,79.8,0.3,0.0
Paprika doux,0.0,0.0,0.0,0.0,0.0
Quaker Cruesli Chocolat au lait maxi format,457.0,7.7,59.0,19.0,8.7
Cheetos goût fromage,491.0,6.9,64.0,23.0,1.0
Boulghour de blé à la Tunisienne au Raz-El-Hanout,159.0,6.3,21.0,4.1,6.5
Framboise Sans sucres ajoutés,82.0,0.6,15.0,0.0,15.0
Biscuit Cacaoté Fourré Saveur Vanille,436.0,4.8,65.0,20.0,7.0
Les Galettes Boulgour - Roquefort & Figues,230.0,8.0,30.0,7.6,4.9
Cookies Chocolat Noisettes,517.0,7.4,60.0,27.0,4.2
Grilletine Céréales et Graines x18,440.0,13.0,66.0,12.0,7.8
Meersalz Butter,720.0,0.0,0.0,80.0,0.0
Lentilles Carottes,106.0,7.3,13.0,1.6,5.0
Soja chocolat,72.0,3.8,7.8,2.6,0.9
CremioBox - Poulet & Emmental râpé,166.0,7.86,20.4,5.71,1.54
Cordon Bleu de Dinde et Coquillettes à l'Emmental,196.0,7.8,16.0,11.0,1.0
Blanquette de poulet,97.0,6.4,11.0,2.8,1.1
Hulie d'olive vierge extra,900.0,0.5,0.5,100.0,0.5
B.or cornichons e/f bc 360 g,12.0,1.3,0.8,0.0,1.9
Tuiles saveur crème oignon,492.0,4.1,61.0,24.9,0.0
Sel fin de Guérande,0.0,0.0,0.0,0.0,0.0
Crackers 3 graines - BIO,443.0,14.925,48.925,18.125,12.075
Céréales Muesli croustillant aux fruits rouges doypack de 500g,436.0,8.9,63.0,14.0,8.9
L'Authentique Vegan,281.0,19.0,11.0,17.0,3.8
Foie de morue fumé au bois de hêtre,560.0,4.6,2.3,59.0,0.0
Sardines généreuses à la tomate sans huile,170.0,18.0,1.6,10.0,0.6
HUILE D'OLIVE  SQUEEZE,900.0,0.0,0.0,100.0,0.0
"Colin d'Alaska au citron et au basilic, risotto verde",85.0,6.2,11.0,1.6,2.1
Poêlée de légumes à la provencale,63.0,1.3,4.0,4.3,1.4
MUESLI & Co 6 FRUITS SECS,366.0,9.5,63.0,6.4,8.9
Mousse intense Chocolat Noir du Pérou 2 x 80 g,208.0,4.0,16.0,14.4,1.6
Pommes - sans sucres ajoutés,55.0,0.5,13.0,0.5,1.5
4 AGRUMES,202.0,0.5,49.0,0.5,0.0
Vico La Classique 400g,525.0,5.9,47.0,34.0,4.5
Chocolate Fitness Special K,383.0,7.7,66.0,9.1,7.3
Original Nature,368.0,9.4,75.0,1.8,7.6
Sucre sachet Poudre 1 Kg,400.0,0.0,100.0,0.0,0.0
Nuggets de poulet bio,209.0,11.0,21.0,8.1,2.1
Elle & vire sauce bechamel poche 33cl,129.0,2.8,6.8,10.0,0.4
Filets de colin d'Alaska MSC panés - 220g - Frais,204.0,12.0,19.0,8.4,1.1
Tropicana Clémentine 1 L,50.0,0.6,10.0,0.0,1.1
Pruneaux d'AGEN dénoyautés,232.0,1.6,50.0,0.2,7.9
Tranches de chèvre,401.0,26.0,0.0,33.0,0.0
Le pâté de porc Hénaff,257.0,17.0,0.5,21.0,0.0
Délisse - Lait demi-écrémé,46.0,3.2,4.8,1.5,0.5
Lait Facile à Digérer,43.0,3.3,4.0,1.0,0.0
riz au lait a la vanille naturelle,155.0,3.3,22.0,5.9,0.2
Noir quinoa soufflé,558.0,5.4,47.0,37.0,8.9
Sauce aigre douce Suzi Wan 330g,107.0,0.3,25.3,0.1,0.4
Gurkentopf,33.0,0.9,5.9,0.1,1.3
Zottis Fruit Yoghurt,76.0,2.1,16.7,0.1,0.0
Beanz Baked Beans with Pork Sausages,97.0,5.0,11.9,3.2,2.8
Beef Ravioli,74.0,2.5,12.0,1.6,0.8
Soreen Malt Loaf 190g,305.0,8.6,62.4,2.9,0.0
100% pure coconut oil,899.0,0.0,0.0,100.0,0.0
Green Machine Smoothie,41.0,0.0,9.9,0.0,0.5
Special flakes with red berries,370.0,7.4,79.9,1.5,3.5
Thé Earl Grey coffret,0.0,0.0,0.0,0.0,0.0
Protein Bites with Whole Oats,430.0,7.67,43.3,22.3,16.3
"Fever Tree Premium Tonic 0,5l",30.0,0.0,7.4,0.0,0.0
Croissant with Cocoa Filling,453.0,5.6,43.0,28.0,1.9
Fanta Limón,19.0,0.0,4.5,0.0,0.0
Nestea Limón,19.0,0.0,4.5,0.0,0.0
Спрайт,19.1,0.0,4.55,0.0,0.0
original taste,42.0,0.0,10.6,0.0,0.0
manteiga Magra,384.0,1.8,1.9,41.0,0.0
Salam Sasesc,310.0,16.33,1.38,26.34,0.0
Champignons coupés,18.0,1.8,1.0,0.5,1.8
Infusion,0.0,0.0,0.0,0.0,0.0
Marrakech pomme 1l,46.0,0.200000003,11.30000019,0.0,0.0
Jibal,0.0,0.0,0.0,0.0,0.0
Danao pêche abricot,41.8,0.45,10.0,0.0,0.0
Aromat,165.0,13.0,16.0,3.5,0.6
Belgian Choc,365.0,8.9,59.0,7.3,0.0
Nesquik Chocolate Flavour,44.7,2.57,5.57,1.27,0.233
Caro Landkaffee,366.0,5.0,81.1,0.5,8.0
Belvita Muesli,452.0,7.6,69.0,15.0,50.0
Petit Lu beurre & sel de Guérande,483.0,6.6,65.0,21.0,2.4
prince,467.0,6.3,69.0,17.0,4.0
Leo,539.0,6.36,60.6,30.0,1.5
Magretti,441.0,8.3,72.2,12.5,3.0
Mix milk,427.0,6.2,55.0,20.0,0.0
Chocolate puro,540.0,6.2,50.0,33.0,0.0
Yakisoba classic,222.0,4.8,28.0,10.0,0.6
Mega Duo Doble Cacao,475.0,6.0,66.0,20.0,4.0
Fuetec Original,445.5,27.5,4.0,35.5,0.0
Copos de trigo integral y arroz con chocolate con leche,399.0,8.3,76.0,6.2,5.1
Tortitas de arroz con chocolate blanco,467.0,7.2,63.0,20.0,3.0
Yogur natural 0%,36.0,4.3,4.5,0.1,0.0
Lentejas a la Jardinera,65.0,4.2,7.9,1.3,0.0
Queso de Cabra,335.0,17.0,1.1,29.2,0.0
Lays Oven Baked roasted paprika,440.0,5.9,72.0,13.0,6.4
KNORR Bio Bouillon Saveur Légumes 6 Tablettes 60g,304.0,1.5,41.0,15.0,2.0
SAUCE YAKITORI,203.0,5.1,42.0,0.0,0.0
SAUCE AMERICAN BURGER,372.0,0.9,12.0,35.5,2.3
Red Bull 250ml,46.0,0.0,11.0,0.0,0.0
VEGEMITE B VITAMINS FOR VITALITY,0.0,25.9,11.1,1.0,8.4
karamelová pomazánka v lednici,417.0,0.7,71.3,14.3,0.0
Alitkane Farine fleure,0.0,0.0,0.0,0.0,0.0
Fig Rolls,383.0,4.7,66.3,10.1,4.2
Medium sliced super soft white,249.0,9.0,45.3,2.75,3.62
High Protein Milk Shake,55.6,10.1,2.17,0.845,0.483
Coconut Water With Pressed Coconut,24.0,0.0,4.8,0.5,0.0
jibbi vanille,275.0,2.9,10.0,1.5,0.0
Pindakaas,664.0,21.0,11.0,58.0,6.6
White Folded Flatbreads,303.0,8.86,53.4,4.57,2.57
Tesco Finest All Butter Croissant 4 Pack,407.0,9.4,43.5,21.3,2.0
Vinaigre balsamique,197.0,1.0,42.0,0.0,0.0
Bio organic,463.0,7.0,67.0,17.0,6.8
Cretan Blossom Honey,332.0,0.0,83.0,0.0,0.0
Maïs SRP 1/2,73.0,2.7,11.0,1.4,3.0
Pure Clear Honey,307.0,0.4,76.4,0.0,0.0
Actimel original nature,73.0,3.0,10.8,1.6,0.0
Sliced Chicken,115.0,23.3,1.5,1.67,0.5
"Hand Finished Oat, Sunflower & Pumpkin Loaf",296.0,10.0,38.0,9.8,8.2
Micro Popcorn sare,444.0,8.9,58.0,17.0,12.0
Organic Balsamic Vinegar,93.0,0.5,53.0,0.5,1.0
Chicken & Vegetable broth,40.3,2.47,3.4,1.77,0.5670000000000001
Frites de patate douce,161.0,2.0,24.0,5.5,3.5
Yaourt grec 0%,57.361,9.6,3.8,0.0,0.0
Fruit & Seed Oatcakes on the go,437.0,9.6,60.2,15.5,9.2
Yaourt grec a boire,102.0,2.1,13.3,4.5,0.0
fully cooked CHICKEN BREAST BITES,308.0,4.41,74.9,0.0,0.0
Mario thon entier,205.0,26.1,0.0,12.2,0.0
Tortilla Wraps Mini White,294.0,7.42,54.5,4.52,2.58
Rose Harissa paste,459.0,2.9,9.5,44.2,7.3
Omega 3 Fish Fingers,213.0,12.0,20.0,9.3,0.8
Super smoothie Défense,57.0,0.0,12.0,0.7,1.2
6 Free Range British Eggs Large,143.0,14.1,0.5,9.6,0.5
Dahl,92.0,4.6,6.8,3.9,5.7
Gnocchi Classic,152.0,4.2,32.0,0.5,1.1
White Bread,239.0,8.3,45.0,2.0,3.6
Dulcinea,539.0,3.3,61.0,31.0,1.5
Grenada,600.0,6.666666667,46.666666666667005,40.0,3.3333333333333
Burger vegetale classico,221.0,15.0,7.0,14.0,3.7
Blanc de Poulet - Doré au Four,100.0,21.0,0.5,1.6,0.0
Barres Granola au sirop d'érable,461.0,8.7,63.6,17.7,6.4
Galettes pois fromage épinards,161.0,16.8,4.6,7.5,3.8
Le viennois,156.0,2.8,18.4,7.8,0.0
Sea salt & chardonny vinegar,484.0,7.2,51.0,27.0,0.0
Muesli frutas,0.0,0.0,0.0,0.0,0.0
6 Veggie Sausages,213.0,6.0,19.1,11.1,6.89
Tabulé Oriental,167.4,3.9,25.4,5.2,1.7
Chicles hierbabuena,151.0,0.5,63.0,0.5,0.0
On-The-Go Protein Pouch: strawberry,72.5,12.5,4.65,0.35,0.4
Soft,443.0,0.3,50.72,24.1,0.0
moutarde,0.0,0.0,0.0,0.0,0.0
lait frais,0.0,0.0,0.0,0.0,0.0
Sauce andalouse,0.0,0.0,0.0,0.0,0.0
Sticky Rice,152.0,2.3,31.7,1.8,0.0
NESTLE FITNESS Chocolat Noir Céréales 450g,400.0,8.9,66.9,8.5,10.2
Mini lunette bio,500.0,6.5,63.59999847,23.79999924,0.7
Rigatoni,356.0,12.0,72.0,1.47,3.07
Alesto Super Linseed Mix,516.0,20.3,14.1,38.5,15.8
Garbanzos cocidos categoría extra,99.0,5.6,13.2,1.7,4.2
Butterpak Spreadable Light Slight Salted,520.0,1.0,2.0,57.0,1.0
Pâte à tartiner Noisettes et Cacao Bio et équitable,537.0,6.1,58.0,31.0,3.6
Maxi tranches Complet,262.0,8.4,42.0,5.3,6.5
Chips à la crevette,471.0,1.1,73.0,19.0,1.7
Beurre de cacahuètes Crunchy,625.4780115,27.3,13.1,50.1,9.8
Tarte poireaux,217.0,5.2,20.8,12.2,1.6
Strawberry Quark,83.0,12.5,7.5,0.5,0.0
Saucisses natures à base de protéines de soja,152.0,16.0,2.4,7.5,4.7
Monster Munch Crazy Goût Crème Oignon,515.0,3.8,63.0,27.0,4.0
Harissa paste,97.0,1.8,10.5,4.6,3.2
Avena cremosa,45.0,0.8,6.0,1.5,0.7
Sucre fleurs de coco,388.0,1.4,94.0,0.5,0.8
Protein,400.0,30.9,47.6,8.5,0.0
"Dahl de lentilles corail, coco & épices",144.0,5.4,19.0,4.6,2.7
Hellman’s Original Mayonnaise,671.0,0.6,2.9,73.0,0.0
Stong White Bread Flour,366.0,11.5,75.3,1.4,3.1
Miel de Fleurs,0.0,0.0,0.0,0.0,0.0
Gochujang Korean hot chili paste,215.0,5.7,46.0,1.8,4.0
Baked Cheese & Onion,436.0,5.91,72.7,12.7,6.36
Muffins,423.9,5.1,52.2,21.0,0.0
"Plant Based Mature Cheddar Flavour, vegan cheese",336.0,0.2,23.7,25.6,4.9
Lay's Paysanne saveur oignons de Roscoff caramélisé,501.0,6.5,54.0,28.0,4.4
Cheese Slices,224.0,14.6,8.78,13.7,2.44
Brunch Kräuter,219.0,5.3,4.5,20.0,0.0
5 Plain Bagels,263.0,11.0,51.2,0.8,3.5
Paprika,522.0,6.7,54.0,30.0,4.4
Palitos de pescado,90.0,7.9,12.4,0.8,0.9
Original Hot Sauce,19.0,2.1,4.9,0.4,0.0
Excellence Noir Craquant Pailleté Gaufrette,525.0,6.0,54.0,30.0,0.0
Destination Asie - Pad Thaï,100.0,7.2,12.0,2.1,1.9
Dal Crem,0.0,0.0,0.0,0.0,0.0
PROTEIN pudding,83.0,10.3,6.2,1.5,0.0
Barres au son d'avoine,343.0,12.0,57.0,10.0,7.0
"Spécialité Laitière Framboise, Grenade, Baies de Goji",79.4,8.82,11.0,0.0,0.0
Petit dej’ pepites de chocolat & miel,469.0,8.4,63.0,19.0,6.3
HIGH PROTEIN Mousse,76.6,10.0,5.83,1.43,0.0
Les fourrées cacao noisette,423.0,7.8,68.0,15.0,4.2
Chocolat noir 70% cacao,571.0,7.4,33.5,42.6,11.8
Infusion framboise groseille,1.0,0.1,0.0,0.0,0.0
Roasted Pistachios,612.0,24.8,10.3,50.3,9.5
Cola Zero,0.2,0.0,0.0,0.0,0.0
protein bar caramel,425.0,17.0,34.0,21.0,16.0
Kombucha Fleur de sureau & Citron,1.0,0.0,1.0,0.0,0.0
Rosemary & Sea Salt Flatbread Thins,399.0,13.1,73.1,5.0,4.7
Sainsburys,204.0,6.4,41.4,0.7,0.0
Galettes Riz complet,388.0,7.9,81.0,3.0,3.4
Panier de yoplait Morceaux de fruits framboise fraise,90.0,3.4,13.0,2.3,0.0
Costa,399.0,8.6,68.0,7.9,11.0
Buttermilch,38.0,3.4,4.2,0.6,0.0
Brassé fraise,85.0,3.6,10.2,2.9,0.0
mango yogurt,106.0,4.5,11.8,4.7,0.0
Kéfir Natural sabor suave,45.0,3.4,4.4,1.5,0.0
P'tit Gouter,480.0,6.4,65.0,22.0,0.0
Céréales oh my crips fruit,427.0,8.5,49.0,18.0,18.0
Fromage à tartiner,169.0,11.0,9.5,9.0,0.0
Greek Style Flame Baked Flatbreads,291.0,10.9,44.7,6.13,6.62
Monster energy 50cl,0.0,0.0,0.0,0.0,0.0
Kéfir Saveur myrtille,72.0,3.1,8.0,3.1,0.0
Strawberry & Almond Low Sugar Granola,431.0,11.6,62.2,15.1,16.4
Super Berry Oat Bars,433.0,8.8,45.0,21.0,16.0
Brot,17.8,2.04,0.267,0.978,0.0
Kefir yoghurt,74.0,5.3,9.1,1.8,0.0
Crunchy 100% Peanut Butter,634.0,28.5,12.0,51.3,5.4
Chocolate and Hazelnut Cake,468.0,5.9,50.0,26.0,0.0
Sliced seedy multigrain bread,285.7142857,10.71428571,39.28571429,8.928571428571429,5.3571428569999995
BP3177,0.0,0.0,0.0,0.0,0.0
GOOD SEED ORGANIC BREAD,267.0,11.1,51.1,5.56,6.67
Honey Nut Cheerios,378.0,8.11,81.1,5.41,8.11
Nacho Cheese Tortilla Chips,530.0,7.07,0.0,28.3,3.53
Jammie dodgers raspberry flavour,428.0,5.56,66.7,13.9,2.22
Sour Cream,200.0,3.33,3.33,16.7,0.0
Ripe & Ready Medium Avocados,197.0,1.9,1.9,19.5,3.4
Organic Black Beans in water,45.889101331199996,3.0,5.0,0.9,10.0
Pitted Green Olives,164.0,1.0,0.5,16.7,4.1
Crème fraîche legère 15%MG,167.0,2.8,5.0,15.0,0.0
Barre pâtissière aux œufs frais,352.0,5.5,55.0,12.0,0.9
Cream Spread Herbs,208.0,5.6,3.2,19.0,0.0
Spanish Ham Jamón Serrano,238.0,32.0,0.3,12.0,0.3
Saumon sauce oseille & son riz pilaf,150.0,7.1,15.0,6.7,0.6
Noix de cajou grillées et salées,618.0,18.5,21.7,50.0,3.7
Himalaias rock salt,0.0,0.0,0.0,0.0,0.0
Sauce vinaigrette au vinaigre balsamique de Modène,476.0,1.0,2.9,51.0,0.8
Bebida de avena,45.0,1.4,7.7,0.8,0.8
Sucre Vanillé des Isles,400.0,0.5,97.0,0.5,0.5
Olives noires dénoyautées à la grecque,289.0,1.7,2.2,28.0,0.0
Secret de Mousse Chocolat Noir,158.0,5.0,20.6,5.7,2.1
Le yaourt à la vanille,95.0,3.0,13.1,3.0,0.0
Crousti Moelleux Complet Sans Sucre Ajouté 730gr,246.0,9.5,41.0,3.4,6.7
Soupe à la chinoise,21.0,0.5,3.5,0.4,0.5
PurSoup' Velouté de Légumes du Soleil,41.0,0.9,4.8,1.7,1.0
Torti 1 kg,361.0,12.0,72.0,2.0,3.6
lasagne,361.0,12.0,72.0,2.0,3.6
Tomacouli nature,27.0,1.2,4.5,0.1,1.6
Riz thaï,348.0,7.5,78.0,0.6,0.4
Lait concentré non sucré demi-écrémé,112.0,6.9,12.0,4.0,0.0
Gelée de groseilles,241.0,0.6,59.0,0.1,1.0
Excellence Milk Sea Salt Caramel,550.0,5.4,57.0,32.0,0.0
Petits Pois 1/4,75.0,5.0,9.1,0.9,5.3
Flageolets préparés 1/4,98.0,6.5,13.0,0.8,6.2
Poivrons cuisinés piment Espelette,70.0,1.5,8.2,3.2,1.4
Rotella,298.0,3.7,69.0,0.8,0.0
Muesli croustillant - duo de chocolats,476.0,10.0,59.0,20.0,8.2
Jus à base de jus et purées concentrés.,46.0,0.0,10.4,0.0,0.0
Céréales gourmandes,374.0,19.4,56.0,6.6,7.8
Fines galettes épinards & pignons,234.0,6.7,29.0,8.9,5.6
"Cuisiné Lentilles, Millet & Petits légumes",156.0,6.4,16.8,6.4,6.5
Galettes au bon beurre,470.0,7.4,73.0,16.0,2.2
Tartines de pain - blé complet - Bio,383.0,12.0,69.0,4.6,9.0
Sardines Label Rouge huile d'olive,236.0,23.3,0.0,15.5,0.0
PRESIDENT POINTE DE BRIE 200g,347.0,17.0,0.5,31.0,0.0
La madeleine Bio,463.0,6.5,52.0,25.0,1.8
Poudre cacaotée 32 % de cacao maigre,367.0,8.0,71.0,3.5,9.6
Coquillettes au Jambon et au Fromage,164.0,7.3,16.0,7.7,0.7
BEURRE TENDRE DOUX bq,743.0,0.7,0.5,82.0,0.0
BEURRE BIOLOGIQUE DOUX MOULE 250g origine France,745.0,0.7,1.2,82.0,0.0
Galettes de ble noir x6,164.0,5.9,30.0,1.6,3.0
6 oeufs fermiers label rouge de,140.0,12.7,0.3,9.8,0.0
CRISTALINE Eau de Source au jus de fruits FRAISE 1.5L,16.0,0.0,3.7,0.0,0.0
CRISTALINE Eau de Source au jus de fruits PECHE 50cl,13.0,0.0,3.1,0.0,0.0
Beurre de Baratte Doux,742.0,0.7,0.5,82.0,0.0
Crème semi-épaisse UHT 18%MG - 3 briques de 20cl,193.0,2.4,5.3,18.0,0.0
Cookies bio quinoa pépites chocolat paquet de 175g,489.0,7.6,59.0,24.0,3.5
Crousty Chicken Long Filet's,184.0,18.0,12.0,7.0,0.7
Pommes noisettes,185.0,2.3,24.0,8.2,2.9
Les Frites,0.0,0.0,0.0,0.0,0.0
Tagliatelles à la carbonara,162.0,6.9,13.0,8.9,1.1
Blanc de Poulet Doré au Four,109.0,20.0,0.8,2.6,1.2
Brioche tressée pur beurre 800g,334.0,8.5,46.0,12.0,3.8
Ktipiti Extra,123.0,5.1,5.7,8.6,1.4
Le Moelleux -25% de Sel,115.0,7.5,11.0,4.5,0.0
Fitness Original,366.0,9.4,72.2,2.1,10.7
Bâton de Berger Mini nature,510.0,29.0,4.1,42.0,0.0
Beurre moulé AOP doux,744.0,0.7,0.9,82.0,0.0
Beurre au sel de mer,726.0,0.6,1.0,80.0,0.0
Puré de patatas,358.0,7.8,77.0,0.4,8.4
Fibra,356.0,8.7,62.0,6.1,8.9
Crème légère 15% MG,171.0,2.8,6.3,15.0,0.0
Chips paysannes nature,530.0,6.1,52.0,32.0,4.8
Nustikao,105.0,5.5,59.0,29.0,3.0
Huile vierge de colza bio,828.0,0.0,0.0,100.0,0.0
Les Acras de morue,192.0,9.6,17.0,8.8,0.0
"Dessert fruitier Sans Sucres Ajoutés, Pomme Fraise",52.0,0.4,11.0,0.2,2.2
Petit beurre nature,467.0,5.9,73.6,15.8,2.0
Chocolat noir Gingembre confit,551.0,7.6,44.0,36.0,7.9
Barritas de sesamo,556.0,14.1,32.1,38.9,10.6
Milchschnitte,421.0,7.9,34.0,27.9,0.0
Digestive Biscuits with Wheatgerm,479.0,7.5,65.0,20.2,3.4
Fruit & Barley Peach,11.0,0.0,1.6,0.0,0.0
38G SKITTLES SACHET,397.0,0.0,89.0,4.2,0.0
Fruit & Oat Bakes apple,390.0,3.6,74.5,8.6,1.68
Walkers Salt & Vinegar crisps 6 Pack - OUTER PACKAGING ONLY,436.0,5.91,72.7,12.7,5.91
Pasta 'n' Sauce Cheese & Broccoli,114.0,4.43,20.2,1.58,0.82
Fromage à effilocher nature,304.0,23.0,2.5,22.5,0.0
Sesame Seed Bagels,266.0,9.29,48.2,3.29,3.29
Vegan Chicken Free Slices,94.0,11.0,4.1,2.3,6.2
Organic Luscious Fruits Naturally Bio-Live Yogurt 4 x (440g),102.0,3.4,12.7,4.1,0.0
Innocent jus de pomme 900ml,41.0,0.05,10.0,0.0,0.0
Longlife Almond Drink Unsweetened,15.0,0.7,0.5,1.0,0.5
Fruit rolls,280.0,1.9,63.0,0.0,10.0
Urban Fruit Snack Pack Strawberry,293.0,2.0,67.3,0.2,6.1
"Tropicana Réveil fruité format familial 1,5 L",51.0,0.6,11.0,0.0,1.1
Alvalle Gazpacho vert 1 L,35.0,1.1,3.3,1.7,0.8
COCO & ALMOND,24.0,0.3,2.5,1.3,0.0
Sok 100% Pomarańcza,44.0,0.6,10.0,0.0,0.0
"# Lapte zuzu 1,5%1l",44.0,3.1,4.5,1.5,0.0
SOBA Cup Yakitori Poulet,221.0,4.9,24.7,10.8,0.0
Valencia panaché 1l,45.0,0.0,11.9,0.0,0.0
Eau de source non gazeux,0.0,0.0,0.0,0.0,0.0
Huile d'olive vierge extra (Biologique),800.0,0.0,0.0,86.7,0.0
double concentré de tomates,137.0,4.9,28.2,0.333,3.33
Start,433.0,5.6,65.7,16.5,2.38
Kit Kat 2 Finger Milk Chocolate Biscuit Bars,502.0,7.0,62.3,24.5,2.3
LT3X100G LAIT MILKA,539.0,6.5,57.0,31.0,2.3
Crackers cereali antichi,450.0,13.0,67.0,13.0,6.7
Misura dolcesenza mais riso farro,421.05263,7.89474,88.15789000000002,15.78947,5.26316
Lindor Lait,623.0,5.0,44.0,47.0,0.0
Tortilla Nachips,492.0,7.8,59.0,23.6,6.0
Chocolate negro 82%,561.0,12.0,22.0,44.0,0.0
Twins chocolate,527.0,5.3,62.0,28.0,0.0
Tortitas de arroz integral,389.0,8.33,79.2,2.78,4.17
Puleva omega 3,50.0,2.9,4.4,2.3,0.0
Queso especial pasta,292.0,20.0,17.0,16.0,0.0
Real Mayonnaise imp,717.0,1.0,1.5,79.0,0.0
Amora Sauce Barbecue Miel Flacon Souple 282g,121.0,0.7,27.0,0.7,0.5
soja sucrée,260.0,4.3,57.0,0.0,0.0
Knorr Marmite Bouillon de Légumes 8 Capsules 224g,107.0,2.3,8.1,7.1,1.1
Noodles de arroz,346.0,6.4,78.0,0.6,1.2
powerrade Mountain Blast - Blue,18.0,0.0,4.1,0.0,0.0
Choc pot,270.0,3.2,44.0,8.0,7.8
Soyasun 100% vegetale,43.0,4.6,0.0,2.7,0.3
Напитка с вкус на круша и боровинка и добавени витамини,14.0,0.0,3.2,0.0,0.0
Harry Dinkel Sandwich 4071800047812 Dinkelsandwichbrot,246.0,10.0,42.0,3.0,5.1
skor,0.0,0.0,0.0,0.0,0.0
Spicy mexican basmati rice,122.0,2.72,19.5,3.12,2.24
Pan sottile cereales y semillas,253.0,7.5,44.0,2.5,0.0
La Galette gourmande chocolat noir,486.0,6.2,71.0,19.0,3.3
Semi skimmed free range milk,50.0,3.6,4.8,1.8,0.0
Preda Fair Trade Dried Mango Slices,332.0,1.7,81.5,0.9,0.0
Sunflower & Pumpkin Loaf,301.0,11.1,39.5,9.9,4.8
Tacos,517.0,5.8,61.5,0.0,0.0
Delicia tomate,91.0,4.13,18.35,0.09,0.0
l'eau,0.0,0.0,0.0,0.0,0.0
Ain sais kids 33cl,0.0,0.0,0.0,0.0,0.0
Tofu natural,113.0,13.1,0.9,5.9,0.0
Maíz Dulce,82.0,2.5,14.0,1.4,0.0
Conikos Goût Chili,502.0,4.8,61.0,26.0,2.7
Cookies 40% pepitas chocolate,494.0,5.5,62.0,24.0,4.0
hummus clasico,273.0,5.2,11.8,22.5,1.1
Bolognese origional,54.0,1.2,6.9,2.1,1.1
OAT-MILK,50.0,1.25,6.67,2.08,0.833
Boisson Épeautre,52.0,0.5,9.8,1.4,0.0
FRUIT & BARLEY SUMMER FRUITS,5.0,0.0,0.0,0.0,0.0
High Protein Müsli,415.0,25.6,45.3,12.0,11.6
Real Mayo,677.0,1.0,3.5,73.2,0.0
Sabor Original,42.0,0.0,10.6,0.0,0.0
Oat cookies milk chocolate,536.0,6.2,62.1,28.5,3.1
Arroz integral largo,350.0,7.6,72.0,2.8,3.3
Strawberry Seedless,240.0,0.5,59.0,0.5,0.0
Heinz Hoops,52.0,1.6,10.4,0.2,0.6
President ovale extra fondant 200g,343.0,16.0,0.5,31.0,0.0
Pasta Soup' - Légumes et vermicelles,38.0,1.0,5.4,1.1,0.9
Gluten Free Oaties Syrupy & Crumbly,482.0,9.2,57.5,22.4,6.8
Wrights Mixed grain bread mix,246.0,10.6,41.3,2.8,0.0
Gourmet Rosemary Savoury Crackers,493.0,8.0,62.0,23.0,0.0
Sudocrem Antiseptic Healing Cream,0.0,0.0,0.0,0.0,0.0
Protein Bar - Muscle Mass - Caramel Cookie Flavor,395.0,32.0,36.0,15.0,8.1
High protein Quarkriegel,309.03441680000003,22.0,16.0,19.0,0.0
Zero Tomaten Ketchup,40.0,1.6,5.9,0.1,0.0
Unsalted butter,745.0,0.6,0.6,82.0,0.0
Boisson végétale amande légère 1l,18.0,0.7,0.3,1.7,0.5
Nouilles aux œufs bio,162.0,5.6,32.0,1.1,1.1
Thé noir glacé saveur framboise menthe,2.0,0.0,0.2,0.0,0.0
CDO 900ml SaltCaramelDNV CL1 20Ax6x120EB,108.0,1.5,15.0,4.4,0.5
Lays paprika,504.0,6.2,53.0,28.0,5.2
Pain grillé au blé complet 250g,378.0,11.0,70.0,4.3,7.6
maltesers,503.0,8.3,62.0,24.0,0.0
High Protein Raspberry Quark-Based,70.0,12.5,3.6,0.5,0.0
"Le Lait sans Lactose Léger, doux & digeste",41.0,3.3,4.8,1.0,0.0
Hummus con olivas de Kalamata,307.0,5.9,11.1,25.4,5.3
Huvudroll,254.0,14.0,5.0,20.0,1.0
Breakfast avocado,157.0,2.2,8.5,14.0,6.4
Batts English Mustard,192.0,6.7,20.6,8.5,3.1
Cranberries dried & sweetened,330.0,0.4,76.0,0.8,5.5
Saguaro,0.0,0.0,0.0,0.0,0.0
Wholemeal seeded,264.0,12.1,30.3,8.79,9.09
Hulala,303.0,0.6,13.4,27.5,0.0
Bífidus natural,71.2,3.84,4.48,4.24,0.0
Brooklea Greek Style Fat Free Natural Yogurt,65.0,7.0,9.0,0.2,0.0
Sania cucina all'italiana,256.0,2.6,5.0,25.0,0.0
Bakewell Tart Raw Fruit & Nut Bars,394.0,7.5,50.3,17.0,4.9
Dark Chocolate Nuts & Salt 3er-Packung,523.0,17.0,24.0,37.0,13.0
Marmite Oven Baked Cashews,577.0,21.0,21.0,44.0,4.2
Pâte a tartiner -30% de sucres,520.0,7.8,45.0,30.0,17.0
Mon yaourt maison,65.0,3.3,4.9,3.6,0.0
Jutos Orange,43.0,0.0,10.6,0.0,0.1
Chewingum,307.0,0.0,76.0,0.0,0.0
Sweet Pineapple Slices In Juice,51.0,0.5,12.0,0.5,0.5
Crema allo Zenzero,584.0,3.4,55.0,38.7,0.9
Rye Sourdough Crackers,372.0,10.2,65.5,5.4,10.2
Moroccan Style Burgers,172.0,5.3,23.0,5.0,7.0
Pétales au chocolat blé complet,379.0,9.3,74.0,3.4,7.6
Pâte a tartiner chocolat intense,291.0,5.1,32.0,15.0,4.6
Oui au végétal,24.0,0.5,2.8,1.4,0.0
Gluten Free Wholegrain crackers,459.0,10.8,57.6,18.9,7.5
Tacos  wafer,500.0,3.0,72.0,20.0,14.0
Minute Maid,45.0,0.0,10.6,0.0,0.0
Sliced Green Jalapeño Peppers,17.0,1.1,1.3,0.3,2.2
PORRIDGE OATS,362.0,11.0,60.0,6.5,9.5
Castañas cocidas y peladas,172.0,4.1,33.0,1.5,6.9
Clorest,0.0,0.0,0.0,0.0,0.0
2 Bake at Home White Baguettes,288.0,9.8,58.0,1.2,3.4
CRACKS,0.0,0.0,0.0,0.0,0.0
Panes especiales tomate y orégano,483.0,9.6,57.6,23.1,3.3
Mild Spanish Chorizo Ring,415.0,21.3,4.0,34.9,0.0
Aperol,0.0,0.0,0.0,0.0,0.0
Mexican style grains,164.0,3.7,30.0,2.6,2.9
Plaisir du Primeur -  Girasoli cèpes,250.0,8.7,32.0,8.4,5.5
Muesli 6 frutas,444.0,7.6,62.0,17.0,6.2
Panzani sauce provencale nat 650g f12,56.0,1.5,7.8,1.8,1.3
Chicken tikka,96.0,8.5,13.2,1.7,3.15
Chocolate negro 72% con trozos de naranja,522.0,8.2,43.0,33.0,10.0
Kombucha,0.184,0.0459,0.487,0.0459,0.0459
Petits pains grillés à l'épeautre,384.0,11.0,68.0,5.8,7.6
Brioche Pépites de Chocolat,382.0,7.8,50.0,16.0,5.2
Viande des GRISONS,194.0,38.0,1.5,4.0,0.0
Boulettes tomate et herbes de Provence végétales et gourmandes 180g,222.0,15.0,5.0,15.0,4.3
Crunchy Chocolat 🍫 au Lait 🥛🐄,470.0,7.5,63.0,19.5,6.5
Vegan Protein,390.0,71.0,5.33,8.33,0.0
Privolat,450.0,8.1,73.0,13.0,4.5
Bamboo crunchy chocolate,454.0,12.0,48.0,22.0,8.0
Amoxil,0.0,0.0,0.0,0.0,0.0
Maribel Yeast Extract Vegan,231.0,38.5,17.7,0.3,1.7
Tartare 100% Végétal - herbes de provence végétal,227.0,4.6,7.4,19.0,4.0
Gnocchi Klassik,146.0,3.6,31.0,0.3,2.2
Boisson au cacao et à l'avoine,54.0,0.6,9.1,1.5,1.0
Vegane Mühlen Frikadellen,187.0,13.0,8.0,10.0,6.5
Fromage Blanc Fraise Citron Very,59.0,10.0,4.1,0.2,0.0
Млечнокисел десерт с вкус на кокос,75.0,10.0,6.5,0.6,0.0
Beurre de cacahuètes smoothie,566.0,24.0,9.8,48.0,9.1
Sirop de cassis sans sucres,16.0,0.0,3.2,0.0,0.0
Pâte Brisée Origine France Garantie,388.0,6.5,45.0,18.0,1.5
75 CL FRUITS DU DRAGON PAGO,44.0,0.5,10.0,0.5,0.0
Confiture 4 fruits,240.0,0.4,57.7,0.3,0.8
"PET 1,5L OASIS TROPICAL ZERO",3.0,0.0,0.5,0.0,0.0
Banania Moins de sucres,358.0,7.0,68.0,2.7,17.0
Eau de source de Montagne (Source Roche des Écrins),0.0,0.0,0.0,0.0,0.0
Protein Chocolate & Cranberries,471.0,26.0,28.0,25.5,12.5
Savoury Chicken Flavour Rice,160.0,3.27,30.9,2.18,1.18
Original hot malty goodness,362.0,9.1,77.3,2.3,2.1
Zartes Blätterteiggebäck,523.0,6.3,60.0,28.2,2.1
Vegane Mühlen Salami - Feinschmecker Art,232.0,29.0,10.0,7.7,3.1
Bresse bleu le Véritable,342.0,17.0,1.0,30.0,0.0
Panier de yoplait,90.0,3.3,13.1,2.3,0.0
Patatas Fritas Extra Crunch,538.0,6.3,49.0,34.0,3.8
Skyr à boire goût fraise,61.0,6.0,8.7,0.2,0.0
"protein power soup red pepper, tomato & lentil",58.0,4.1,6.8,0.7,3.8
itsu crispy seaweed thins sea salt,459.0,28.0,5.8,31.0,24.0
Crème dessert saveur chocolat riche en protéine,79.0,10.0,5.9,1.5,0.8
Chips de lentilles saveur sel & poivre,454.0,13.0,55.0,19.0,7.6
Les tranches végé Pois Chiches,138.0,8.1,11.0,6.0,3.8
Sucre cassonade,396.0,0.0,99.0,0.0,0.0
"Protein Peanuts, Almonds &amp; Salted Caramel Fruit &am",495.0,26.0,31.2,28.5,5.5
"Gelatina 0% sabor cereza, cola y sandía",1.0,0.1,0.2,0.0,0.0
Barista Edition Haferdrink,61.0,1.1,7.1,3.0,0.8
Doliprane vitamine C,0.0,0.0,0.0,0.0,0.0
Gâche tranchée pur beurre 400g,351.0,8.5,48.0,13.0,3.8
KEFIR cultured lowfat milk,45.8,4.17,3.75,0.833,0.0
Original Muffins,246.0,8.2,45.9,3.28,3.28
Carb Balance Flour Tortilla Wraps,163.0,14.0,44.2,8.14,39.5
Aussie Bites,500.0,7.69,57.7,26.9,7.69
Absinthe Safran,0.0,0.0,0.0,0.0,0.0
Miel crémeux,302.0,0.4,75.1,0.1,0.1
Weiße Riesenbohnen in Tomatensoße,143.0,5.3,11.6,7.0,0.0
Schokobutterkeks Zartbitter,511.0,7.14,54.6,27.5,7.5
Schlagsahne 30%,293.0,2.5,3.2,30.0,0.0
Камамбер,269.0,19.0,1.0,21.0,0.0
Salatbox Hähnchenbrust (Penny DE)/ Miel de Flores (Lidl ES),110.0,3.6,5.5,7.9,1.4
Pesto à la Trapanese,196.0,2.0,3.7,18.8,2.1
Cod Fishfingers,194.0,11.8,17.3,8.6,0.0
mortadella Bologna with pistachios,285.0,15.0,0.0,25.0,0.0
Emmental français 10 tranches,380.0,27.0,0.5,30.0,0.0
Pâte à pizza,291.0,7.2,46.0,6.7,0.0
Olives vertes dénoyautées,152.0,1.2,0.3,15.3,0.0
Petits pois extra fins et carottes d'aucy 530g,58.0,4.0,8.3,0.0,4.3
Lentilles préparées Cultivés en France d'aucy 530g,70.0,5.3,9.6,0.5,3.0
"Gourde 5 fruits (pomme, abricot, pêche, poire, banane)",56.0,0.5,13.0,0.5,1.4
La tomme de brebis,379.0,21.5,0.0,32.5,0.0
Yaos Le Yaourt à la Grecque Nature 8 x 125 g,101.0,3.1,3.5,7.9,0.0
Jockey 3% de mg nature 100 g x 8,72.0,6.9,4.4,3.0,0.0
Chocapic Nestlé,389.0,8.9,73.6,4.8,7.7
Jus d'ananas pressés,47.0,0.4,11.0,0.1,0.3
Crème Caramel,174.0,4.2,20.0,8.6,0.0
Lindt chocolate negro Limon con Gengibre con amandes,534.0,6.9,51.0,32.0,0.0
La Choucroute Garnie,84.0,3.7,1.4,6.5,2.4
Ma pâte à crêpes,345.0,12.1,65.2,3.1,3.8
Käse Fol Epi classic,352.0,25.2,0.48,28.1,0.0
Muesli Croustillant nature sans gluten,455.0,8.6,63.0,17.0,7.3
Filets de Maquereaux a la Catalane,167.0,11.0,3.2,12.0,0.0
Boursin portions garlic & herbs,396.0,8.5,3.0,39.0,0.0
Biscuit Crousti Pause choco noisette ss gluten,452.0,6.73,68.3,16.3,3.85
Candy up goût chocolat,62.0,3.2,10.0,0.9,0.6
Levure de boulanger traditionnelle,0.0,0.0,100.0,0.0,0.0
Maxi Cheese Burger,256.0,13.0,20.0,13.0,0.0
Mian Tiao saveur boeuf - 85 g - Tien Shan,112.0,2.6,14.0,4.9,0.7
BJORG Pain grillé au blé complet,378.0,11.0,70.0,4.3,7.6
Sodebo Dolce Pizza - 4 Formaggi,233.0,11.0,28.0,7.9,2.9
Salade Garden Poulet rôti Sauce Caesar,162.0,10.0,7.08,10.0,1.58
Le vinaigre de Cidre,0.0,0.0,0.0,0.0,0.0
Extra Moelleux complet 500g,247.0,10.0,41.0,3.1,7.9
Boisson soja vanille BIO 1l,90.0,3.3,3.6,1.8,0.5
Pain complet aux flocons d'avoine les créations 500g,269.0,11.0,42.0,5.0,6.8
Boisson amande bq 1l,25.0,0.6,3.0,1.2,0.0
"Biscottes très pauvre en sel x36, 300g",402.0,12.0,75.0,5.1,3.9
Oeufs Plein air Bleu Blanc Coeur - Boîte de 10,140.0,13.0,0.5,9.8,0.0
Vinaigre de cidre bouteille en verre de 50cl,22.0,0.0,0.0,0.0,0.0
"Biscuits Galettes pur beurre bio , 125g",491.0,6.5,68.0,21.0,1.8
Biscuits bio épeautre et sésames paquet de 150g,501.0,9.6,60.5,23.8,3.3
Purée de pomme sans sucres ajoutés bocal de 680g,53.0,0.5,12.0,0.5,1.4
Croissants,368.0,8.4,48.0,15.0,4.6
Pains au chocolat format familial,380.0,7.2,51.1,17.1,3.2
Sardine à la tomate et à l'huile d'olive,158.0,12.0,2.5,11.0,0.5
Sirop de Pêche blanche,321.0,0.0,79.0,0.0,0.0
Gésiers de volaille confits,171.0,24.0,0.0,8.4,0.0
L'Original - Bâtonnets de surimi,112.0,8.2,10.0,4.2,0.0
Pommes Mangues avec morceaux,66.0,0.5,14.0,0.5,1.5
Gratin de Choux-Fleurs au Jambon & à l'emmental,98.9,7.5,3.93,5.71,1.0
"Petits Filous Fromage Frais, Strawberry & Apricot",88.0,5.3,10.4,2.4,0.0
Huile vierge de colza biologique,900.0,0.0,0.0,100.0,0.0
Curly Donuts,463.0,11.0,56.0,20.0,4.8
Thon oeuf crudités sauce cocktail,217.0,8.9,30.0,6.4,0.0
Le moelleux poulet rôti crudités mayonnaise légère,241.0,8.7,29.1,9.57,0.696
Muesli croustillant 7 fruits,436.0,8.4,64.0,15.0,6.7
La Crème Semi-Epaisse Légère 18%MG,188.0,2.7,3.8,18.0,0.0
Chips de lentilles aux petits oignons,411.0,11.0,69.0,8.9,5.5
Tielles de Sète,272.0,8.6,24.0,15.0,0.0
Légumes pour couscous et plats orientaux,35.0,1.6,5.2,0.4,2.2
Brossard - mini brownie choco pepites,440.0,5.33,46.7,24.0,7.33
Elben Lait fermenté,35.0,3.3,4.3,0.5,0.0
Tarti'Bon,246.0,5.5,3.0,24.0,0.0
Beurre moulé de baratte doux,744.0,0.8,0.8,82.0,0.0
"VEGEtal GALETTES Épinards, blé, emmental",180.0,20.0,4.6,8.0,4.2
Pois chiches au sel de Noirmoutier,130.0,6.6,16.0,2.9,7.4
Crème fraîche 30% mg,287.0,2.4,1.9,30.0,0.0
Margarine allégée au tournesol 60% Mat. Gr. - barquette,540.0,0.2,0.2,60.0,0.0
Crackers Emmental Graines de Courge,437.0,18.0,48.0,17.0,10.0
Colin d'Alaska façon Fish and Chips,230.0,11.0,19.0,12.0,0.8
Pain d'épices,326.0,2.9,74.0,1.2,3.6
Couscous légumes du soleil,147.0,4.0,24.0,3.3,2.8
Rübenkraut,305.0,2.3,70.0,0.5,4.5
E Knusprige Haferfleks Klassik Kölln,392.0,9.7,72.0,5.4,7.5
Merci : Milk Chocolate синий смотка,579.0,8.1,50.1,37.8,0.0
Puffreis mit Schokolade,533.0,5.6,50.0,30.0,0.0
HP Classic BBQ Sauce 400ml 4.70€ 1l 11.73€,133.0,0.667,31.3,0.667,0.0
Lacto free cheese,416.0,25.0,0.5,35.0,0.0
Bicarbonate of soda,0.0,0.0,0.0,0.0,0.0
Cream Crackers Crispy Crackers,440.0,10.0,67.7,13.5,3.8
Tesco Skimmed-milk,35.0,3.6,5.0,0.1,0.0
Country Crisp Chocolat Noir,453.0,9.2,63.5,16.7,6.0
Rachel's Organic Greek Style Honey yogurt,124.0,3.1,12.0,7.1,0.0
Innocent jus d'orange avec pulpe 1.5L,39.0,0.8,8.3,0.0,0.85
"Innocent jus pomme, pêche & poire 900ml",42.0,0.4,9.0,0.0,1.0
50% Less Fat Crème Fraîche,163.0,2.7,4.4,15.0,0.0
Arborio Risotto Rice,357.2,7.3,79.3,1.2,1.1
Cheese & Onion,517.0,6.3,56.0,29.0,0.0
Salmon Fillets,210.0,25.3,0.0,12.0,0.0
Lizi's,501.0,14.2,45.2,27.1,9.7
Cacao & Almond Oat Bar,435.0,7.4,55.8,19.1,5.1
Instant Noodles Vegetables Flavour,450.0,11.0,62.0,17.0,0.0
LOTUS Gaufre de Liège Perles de sucre Format Familial 450g (10x1p),442.0,5.0,55.0,22.0,0.9
Gazpacho salmorejo,75.0,1.1,6.0,4.9,1.1
Fanta Zero Sugar,2.73,0.0,0.121,0.0,0.0
SUMMER FRUITS,18.0,0.0,4.1,0.0,0.0
Manteiga com Sal,734.0,0.5,0.8,81.0,0.0
Mortadella luncheon,186.0,10.19,11.23,9.21,0.0
Galette senior,434.0,7.59,73.01,12.4,0.0
Soummam ص,85.3,7.5,3.7,4.5,0.0
Margarine supérieure végétale 100%,743.0,0.3,0.8,82.0,0.0
Eau Minérale,0.0,0.0,0.0,0.0,0.0
Capsules NESCAFE Dolce Gusto Cappuccino Extra Crema 16 Capsules,423.0,17.4,35.9,20.4,12.9
L'Original Lait,527.0,7.8,56.0,29.0,3.3
Croustilles aux cacahuètes,480.0,15.4,54.3,21.7,5.71
CRUNCH (lot de 2),513.0,6.5,62.4,25.8,1.9
Kinder Schokolade,566.0,8.7,53.5,35.0,0.0
Mix Max,427.0,5.6,55.0,20.0,0.0
Ravioli bio au blé complet épinards ricotta burrata,254.0,9.9,27.0,11.0,3.7
Biscotti colcuore ricchi di fibre,447.0,7.5,62.0,16.5,10.0
Insalatissime Messicana,197.0,10.0,8.3,13.0,0.0
Cherrytomaten 400 g,28.0,1.2,4.4,0.5,0.0
Coquillettes sans gluten,363.0,6.9,79.6,1.5,1.7
Sauce Andalouse,543.0,1.7,6.6,56.0,0.0
Old El Paso 8 Regular Whole Wheat Tortillas,290.0,9.02,47.6,5.85,5.37
Mermelada de melocotón de temporada de Murcia,205.0,0.3,50.0,0.1,1.2
Linx,46.0,0.4,10.5,0.1,0.0
Pan multifibras,250.0,10.1,43.3,2.5,6.7
Kaskys,0.0,0.0,0.0,0.0,0.0
Bebida de almendras natural,35.0,1.0,3.2,1.9,0.0
TostaRica Choco Guay,488.0,5.9,70.0,20.0,2.4
Avellana tostada 0% sal añadida,710.0,18.0,3.0,68.0,9.4
Gazpacho,75.0,0.6,2.5,7.0,0.9
Perlas de Mozzarella,194.0,15.0,2.0,14.0,0.0
"Demae ramen, sésame",91.0,2.0,11.2,4.0,0.0
Aloe vera drink,20.0,0.0,5.0,0.0,0.03
Lait de coco light,137.0,1.3,3.6,13.0,0.5
Fraise et Nata de coco,52.0,0.0,12.0,0.0,0.0
Balti Paste 283G,277.0,2.9,10.5,22.7,0.0
Scottish Seeded Oatcakes,447.0,11.9,50.2,19.8,10.1
Youngs Salt Pepper Basa Fillets 2pk,173.0,14.7,10.5,8.0,0.3
MAGGI KUB OR Classique - 128g,185.0,4.8,22.5,8.3,0.6
Protein Bar Muscle Mass,401.0,30.0,38.0,15.0,8.7
Ribena,21.0,0.0,4.7,0.0,0.0
Frankfurt original,198.0,13.0,2.8,15.0,0.0
Triplo concentrato di pomodoro,127.0,5.7,23.0,0.2,0.0
Noodles,8.0,0.0,0.2,0.1,3.9
Foie de morue,576.0,4.9,1.8,61.0,0.5
Nescafé Gold Original,1.0,0.2,0.3,0.0,0.0
Taste the Difference Medjool Dates,213.0,2.0,47.0,1.67,6.33
"Yaourt 0% mat.gr., aux fruits, aromatisé, avec édulcorants",46.0,4.5,5.7,0.1,0.0
Pollo relleno asado al horno,166.0,18.5,1.7,9.5,0.0
Porcini Mushroom and Ricotta Tortelloni,300.0,9.7,37.9,11.7,2.1
Mirinda Citron 33,45.0,0.0,12.0,0.0,0.0
Noix de cajou salées,617.0,19.0,22.2,49.4,0.0
Bolt from the blue,39.0,0.17,9.61,0.0,0.0
Pâte à tartiner Noisette & cacao,522.0,5.4,60.0,28.0,3.5
Bolt from the Blue,39.0,0.17,9.6,0.0,0.0
Mini Plain Tortilla Wraps,284.0,8.06,49.7,5.16,3.55
Ainsley Harriott Roasted Vegetable Couscous,108.0,4.08,20.8,0.6920000000000001,1.62
Beurre D’amandes Crémeux,667.0,20.0,20.0,53.3,6.67
Reduced Fat Houmous,210.0,7.6,11.8,13.2,6.5
Smart Price Lightly Salted Tortilla Chips,493.0,6.4,63.0,23.0,3.6
Pétales de blé complet et de riz,375.0,11.0,75.0,1.9,0.0
Lipton Saveurs du Soir Infusion Grand Sud Menthe et Réglisse 20 Sachets Pyramid®,4.0,0.5,0.5,0.0,0.0
Huel Ready-To-Drink - Berry,80.0,4.0,6.8,3.7,1.2
Sweet Potato Pakora,217.0,5.4,19.6,11.6,6.2
Leader chips sel,575.2,6.6,52.4,37.7,0.0
CereAlé Noisette,502.0,7.9,63.3,23.4,3.3
Kid Smile,158.0,2.0,21.0,6.5,3.5
Cookilate,471.0,5.9,65.0,20.0,3.5
Miranda orange sghira 330ml,51.0,0.0,14.0,0.0,0.0
Mineralwasser still,0.0,0.0,0.0,0.0,0.0
Vimto Winter Warmer,265.0,10.1,51.0,1.5,3.62
Berry Set Go,39.1,0.0,10.0,0.0,0.0
Sugo con pomodoro Pizzutello e con peperoncino calabrese,52.0,1.5,4.6,2.7,0.0
SKYR nature,60.0,8.8,4.8,0.5,0.5
Petit pot de crème Saveur vanille,182.0,4.2,18.4,10.6,0.0
Vanilla yoghurt,101.0,3.12,12.2,4.32,0.4
Potato Gnocchi,124.0,2.4,27.4,0.1,2.0
Thin-Sliced Organic Bread Sprouted Whole Grains,250.0,10.7,53.6,3.57,7.14
This isn't bacon rashers,133.0,21.0,3.4,1.0,6.3
KINGSIZE PEANUTS Salted,618.0,24.7,11.1,50.9,0.0
Red pepper houous,302.0,7.4,12.6,23.8,4.4
Milled flax seeds,514.0,21.0,2.0,40.0,31.0
Knoppers,546.0,9.2,51.6,32.8,0.0
Mini Mature Cheddar,416.0,25.4,0.1,34.9,0.0
Palets Bretons,514.0,7.0,62.0,26.0,2.2
"Mléko 1,5% 1l",47.0,3.4,4.9,1.5,0.0
Pilos Graikiškas Jogurtas,119.7418738,3.7,4.0,10.0,0.0
Il classico Huile d'olive vierge extra,819.0,0.0,0.0,91.0,0.0
Moma oat original imp,47.0,0.8,8.2,1.2,0.5
Skyr sur lit au citron,82.0,7.8,11.7,0.5,0.0
Käse Frischkäse Pur,242.0,5.5,2.9,23.0,0.0
Le Gazpacho original,40.0,0.9,3.7,2.2,1.0
Jus de clémentine,47.0,0.5,10.4,0.1,0.0
Beignet chocolat noisette x 6,360.0,5.6,50.0,16.0,4.3
Mini Mix Classic,341.0,4.2,30.6,22.1,1.6
Salade de boulgour aux cranberries noisettes,203.0,7.12,24.0,7.72,4.32
Dark Chocolate Gingers,482.0,4.71,60.0,24.1,0.0
Caesar Dressing,352.0,2.7,6.6,34.0,0.4
Yogur Natural de Cabra,73.0,4.1,3.0,4.9,0.0
Plant butter salted,713.0,0.5,0.5,79.0,0.0
Nocilla,546.0,5.0,58.0,32.0,3.0
Mouliné 12 légumes -25% de Sel,37.0,0.7,5.5,1.1,1.2
6 PLAIN FLOUR WRAPS,306.0,7.7,55.0,5.6,2.4
Red Lentil Penne,159.0,12.4,23.8,0.8,3.6
Kiri creme 24p 432g od perec,303.0,9.0,2.0,29.0,0.0
Wholegrain seeded bread flour,383.0,15.4,60.2,7.8,0.0
Trapa 74%,535.0,9.3,31.0,40.0,0.0
Premium lime & chilli chutney,253.0,1.9,58.0,1.3,1.7
Oatcakes,428.0,13.0,54.0,15.0,13.0
Sourdough breadmix,248.0,9.18,43.08,3.3,4.98
Tofu marinované,133.0,13.0,1.8,8.0,1.0
"Cacao en poudre non sucré, 250g",55.0,3.8,5.1,2.0,0.7
Ready Oats,360.0,12.0,57.5,7.0,0.0
"Soup, Root Vegetable & Turmeric",36.0,0.6,4.2,1.5,1.6
Basil Pesto,453.0,4.5,2.3,46.9,1.6
Classic houmous,226.0,7.3,11.3,15.8,5.0
Lindor noir 70%,624.0,7.1,32.0,50.0,0.0
tacos,0.0,0.0,0.0,0.0,0.0
Mix cereales 0% azúcares añadidos,374.0,11.02,70.9,3.57,7.13
Câlin extra,82.0,5.7,6.6,3.2,0.0
Bebida de arroz y avellana,50.0,0.6,6.9,2.1,0.4
إندومي,0.0,0.0,0.0,0.0,0.0
spanish spinach omelette,55.2,2.04,5.2,2.84,0.76
Worcestshire sauce,119.0,1.0,28.0,0.5,0.6
Chili végétal,100.0,5.8,11.0,2.6,4.8
Chicken breast slices,123.0,26.2,0.1,1.9,0.5
Creamy Yogurt,164.0,2.5,15.3,10.2,0.6
Almette cu verdeata,248.0,5.4,4.8,23.0,0.0
Dr wills bbq sauce,93.3,2.67,18.0,1.33,2.0
Crinkle Cut Sea Salt & Chardonnay Vinegar Hand Cooked Crisps,516.0,7.2,52.0,30.4,4.4
Danone lait saveur,66.0,2.9000000953674303,10.0,1.5,0.0
Cacao soluble 0% azúcares,343.0,13.0,45.0,7.2,24.0
High in protein Pudding PROTEIN,81.0,10.0,6.4,1.6,0.7
Trident spearmint flavor,0.0,0.0,0.0,0.0,0.0
Pains Burger brioché Géant,288.0,9.6,48.0,5.4,4.3
Old Bay Seasoning,284.0,8.9,33.5,10.1,11.8
Tobigo cookies,505.9,5.9,65.3,22.5,0.0
Protein pudding,75.0,10.0,5.1,1.5,0.0
Chocolat instantané en poudre,403.0,11.0,56.0,11.0,20.0
Noir extra fondant,534.0,6.5,51.0,32.0,0.0
Yaourt brassé nature,64.0,3.9,4.7,3.3,0.0
Pâte alimentaire,359.0,12.5,73.8,2.5,3.8
Jambon supérieur,118.0,20.0,0.5,4.0,0.5
Sweet & Salty Peanut Butter,596.0,20.5,18.7,47.1,7.9
Fruit Slices - Forest Fruits,371.0,5.3,71.1,7.1,6.5
Café grains Carte noire,0.0,0.0,0.0,0.0,0.0
Banane,0.0,0.0,0.0,0.0,0.0
Skyr & Céréales,93.0,9.0,9.0,2.3,9.0
Chicken & sweet pepper poke,140.0,6.21,23.8,2.14,0.0
Cocoa sandwich biscuits with vanilla flavoured crème filling,484.44444444444395,5.111111111111111,65.11111111,22.0,0.0
Pickled Pink Onions,52.0,0.5,11.6,0.1,1.3
Nouilles UDON  natures,139.0,5.1,28.0,0.5,1.8
Lunch bowl Riz & haricots 250g,143.0,4.2,22.0,3.4,3.7
Façon presse-purée,73.0,2.5,13.2,0.9,1.1
Le fromager nature,223.0,6.3,4.4,20.0,0.0
Chocolate Spread,568.0,1.8,57.6,36.3,1.6
Doritos - Tortilla Chips Nacho (Cu gust de brânză),469.2,6.8,61.0,22.0,0.0
Sunny,476.5,5.8,57.0,23.0,0.0
Heinz Beans,81.0,4.8,15.5,0.4,3.9
Gurken,19.0,1.3,2.3,0.5,0.6
Bens Original Wholegrainn Spicy Mexican Style Rice,158.0,4.1,26.0,3.6,2.3
Beurre de Cacahuète Creamy,617.0,25.0,26.0,49.0,7.8
Chocolate and Hazelnut,376.0,34.0,30.0,16.0,61.0
Lätta Extra Fit,269.0,0.4,3.9,28.0,0.0
white bloomer with sourdough,0.0,0.0,0.0,0.0,0.0
Préparation en poudre pour boisson cacaotée,377.0,6.6,78.0,2.5,7.8
Bio Kefir,42.0,3.4,3.8,1.5,0.0
"Mielle, Scalp & Hair Strengthening Oil, Rosemary Mint",0.0,0.0,0.0,0.0,0.0
8.7192E+12,0.0,0.0,0.0,0.0,0.0
Dino Fruit Bars. strawberry and banana,283.0,2.9,60.5,0.3,13.5
Confiture d’abricot,0.0,0.0,0.0,0.0,0.0
Lentil Crisps,454.0,8.5,68.0,17.0,3.4
Protein Drink,60.0,8.0,5.3,0.7,0.0
Savoiardi,446.0,3.3,79.0,12.0,4.4
8.71091E+12,0.0,0.0,0.0,0.0,0.0
tone,0.0,0.0,0.0,0.0,0.0
SRIRACHA CHILI SAUCE,0.0,2.0,16.0,0.5,3.0
OLD FASHIONED,375.0,12.5,67.5,7.5,10.0
Quick 1-Minute Oats,0.0,0.0,0.0,0.0,0.0
"Elegant collection a decadent 16 piece private reserve chocolate assortment, assortment",488.0,4.65,60.47,25.58,2.3
Oats & Honey Granola with Toasted Coconut,367.0,6.67,70.0,8.33,6.67
Total 0% Yougart,52.9,10.6,2.94,0.0,0.0
Shredded Wheat'n Bran,350.0,11.7,81.7,2.5,13.3
Pommes Kartoffelbällchen,164.0,2.5,27.0,5.5,0.0
Tomato soup,66.0,1.3,6.6,3.6,1.0
Cream Cheese Spread,222.0,6.1,3.0,20.5,0.0
Fromage Blanc saveur vanille,96.0,6.2,12.2,2.5,0.0
Betteraves rouges à l'échalote,60.0,1.3,7.1,2.4,2.5
ground chili peppers in olive oil,332.0,1.0,2.5,35.0,3.4
Original Stapelchips,502.0,4.1,60.9,25.9,4.0
Parma Ham slices,249.0,28.0,0.5,15.0,0.0
(Confiture) Fraises d'Aquitaine,194.0,0.5,48.0,0.5,0.0
Boisson à l'amande,54.0,1.7,4.1,3.4,0.5
Soupe Saveur Poule au Pot,24.0,0.8,4.2,0.5,0.5
Grany Chocolat 5 céréales,444.0,5.4,65.0,19.0,4.4
Sticks d'Alsace 200g,387.0,11.0,76.0,3.7,0.0
Activia bifidus nature 125 g x 12,62.0,3.4,4.4,3.4,0.0
Liebig légumes et kiri,51.0,0.8,5.8,2.5,1.0
PZ RAVIOLI BOLO 800GR,103.0,4.5,11.0,4.3,0.7
confiture abricots,241.0,1.1,58.0,0.1,1.1
jus de clémentines pressées,44.0,0.7,10.0,0.1,0.2
Juicy Citronnade - Eau minérale naturelle,40.0,0.5,4.9,0.3,0.0
comte,410.0,26.0,0.5,34.0,0.0
Special K - Céréales chocolat noir,395.0,6.98,65.1,9.3,9.77
Quaker Cruesli 3 chocolats,454.0,7.6,59.0,19.0,9.1
Biscuits son d'avoine,448.0,11.0,60.0,16.0,10.0
Les galettes BOULGOUR DE RIZ &LENTILLES LEGUMES & COLOMBO,226.0,6.0,26.0,9.3,6.9
Biscuit fondant choco lait,433.0,7.4,62.0,20.0,6.8
Pain 100% mie longue conservation,268.0,7.0,48.5,4.3,3.8
Amande cuisine,92.0,1.2,1.7,8.7,1.0
Galettes bretonnes,512.0,6.0,65.0,25.0,1.6
Crème légère semi-épaisse,197.0,2.6,6.2,18.0,0.0
Huile de Colza,828.0,0.0,0.0,92.0,0.0
CONFITURE EXTRA de fraises ALLEGEE 50% fruits,165.0,0.4,40.0,0.1,1.3
Biscottes aux 6 céréales x36,387.0,14.0,69.0,4.9,6.2
Emmental Français Râpé,364.0,27.0,1.4,28.0,0.5
Pain aux céréales et aux graines les créations 500g,286.0,10.7,46.533,5.332999999999998,4.867
Chocolat noir dégustation 72% de cacao Tablette de 100g,575.0,8.5,33.0,43.0,11.0
Chocolat noir à pâtisser Tablette de 200g,521.0,7.7,51.0,30.0,8.3
Tartine croustillante seigle paquet de 250g,343.0,11.0,61.0,2.4,17.0
Pain spécial Vollkornbrot au seigle 500g,218.0,5.5,41.0,1.5,9.1
Brioche Tressée Tranchée Nature,342.0,8.0,50.0,13.0,2.6
La noisette,183.0,2.7,25.0,7.4,3.0
Lesieur 475g mayonnaise,660.0,1.0,2.0,72.0,0.0
Nuggets de poulet panés,173.0,16.0,13.0,6.4,0.5
Ratatouille cuisinée Bio,44.0,1.2,4.0,2.2,1.7
"Crevettes à l'indienne, lentilles corail et légumes",93.0,8.1,7.6,2.8,3.1
4 graines grillées sans sel ajouté,634.0,22.2,4.6,55.9,12.8
Mon taboulé au poulet à la ciboulette,171.0,5.5,20.0,7.2,2.3
Pommes Abricots Bergeron,46.0,0.0,11.0,0.0,1.0
Tagliatelles au saumon à la crème ciboulette,156.0,6.5,16.0,7.1,1.0
Flocons d'avoine sans gluten,375.0,12.0,61.0,7.1,10.0
Purée de pommes de terre,97.0,2.3,12.0,4.0,1.2
CRÊPES DENTELLE CHOCOLAT AU LAIT 90g,486.0,6.1,69.0,20.0,0.0
Fleur de sel de Guérande,0.0,0.0,0.0,0.0,0.0
Chips lentilles,400.0,12.0,69.0,7.2,5.5
Chips les natures craquantes,540.0,6.1,50.0,34.0,4.9
4 Pains Kebab,257.0,7.5,51.0,1.9,2.9
Aubergines à la provençale,78.0,1.1,6.5,4.7,2.5
"Sablés au beurre, amandes et citron",484.0,8.0,60.0,23.0,2.5
100% Pur jus Orange Sans pulpe,44.0,0.7,9.4,0.5,0.0
Thé vert menthe,0.0,0.0,0.0,0.0,0.0
Stylesse Chocolat Noir,397.0,8.3,76.0,5.3,5.6
Cacahuètes Grillées et Salées,621.0,26.0,10.0,51.0,8.8
Chips nature Maxi Format,540.0,5.9,50.0,34.0,5.2
Yaourts à la Grecque,112.81070749999999,3.2,2.8,10.0,0.0
Croc' Tout Choc à la pâte à tartiner,456.0,7.5,67.0,16.0,7.0
Croc choc,446.0,7.9,66.0,15.0,4.8
Avoine Bio,43.0,0.5,7.2,1.2,0.8
280G MICHOKO NOIR,461.0,3.7,63.0,21.0,0.0
Petit Beurre Nature sans sucres,442.0,7.7,68.0,18.0,5.2
Thé vert gingembre citron,0.0,0.0,0.0,0.0,0.0
Kinder Pingui Schoko 4er-Packung,450.0,7.0,37.8,29.7,0.0
SOLEVITA Boisson aux fruits Tropical,36.0,0.0,8.9,0.1,0.0
Beerenmüsli,365.0,11.0,61.0,6.5,9.4
extra mature cheddar,416.0,25.4,0.1,34.9,0.0
Marmite,250.0,39.0,24.0,0.5,3.5
Batchelors Marrowfat Bigga Peas,86.0,5.6,11.8,0.6,5.0
Organic Butter,745.0,0.6,0.6,82.2,0.0
Nescafe Original,0.0,0.0,0.0,0.0,0.0
24 CRISPY NUGGETS*,188.0,9.35,16.9,8.31,4.42
"Veggie Straws - With Kale, Tomato & Spinach",540.0,2.9,60.5,31.3,2.3
Innocent smoothie fraise banane 75cl,51.0,0.5,12.0,0.5,1.2
Extra original,481.0,8.0,60.0,22.0,5.7
Fruit & Nut Bar Dark Chocolate,215.0,2.0,23.6,11.7,3.4
Belgian Chocolate Guylian Seashells,554.0,8.4,48.0,36.0,0.0
chocolat noir uganda,583.0,8.6,25.0,48.0,0.0
Zero Sugar,0.3,0.0,0.0,0.0,0.0
Niegazowany,0.0,0.0,0.0,0.0,0.0
zuzu Iaurt 3% 140 g,59.0,3.4,4.5,3.0,0.0
100% Sparkling Apple Juice,47.0,0.0,11.0,0.0,0.0
Tria Couscous Moyen,354.0,12.0,72.0,9.0,0.0
7up,19.0,0.0,5.0,0.0,0.0
Biscuit Fourré à la crème goût chocolat,471.0,6.46,58.2,23.1,4.06
Delicate Crisp Rosemary & Sea Salt,394.0,11.0,64.5,8.0,10.0
Chocolate Oat Drink,61.2,1.2,10.0,1.52,1.12
Creme Egg,441.0,3.1,72.0,15.0,1.1
Oreo Sjokoladetrukket 246 g,504.0,5.1,64.0,25.0,2.3
Lindor Assorted Chocolate Truffles Box,631.0,4.8,41.0,49.0,0.0
Acqua minerale,0.0,0.0,0.0,0.0,0.0
Dulcesol snack cacao,531.0,3.9,63.0,29.0,2.5
Mini taquitos jamón,234.0,33.7,1.0,10.6,0.0
Tortitas de arroz con chocolate con leche,466.0,7.1,70.0,17.0,2.4
Pipas fritas peladas,665.0,22.0,3.6,61.0,8.1
Salmorejo fresco,134.0,1.5,9.5,10.0,0.0
Knorr Soupe Liquide Potiron Pointe de Muscade 450ml,41.0,0.6,4.7,1.9,1.0
Wasabi peanuts,442.0,9.1,67.2,14.7,0.0
Demae Ramen Spicy,0.0,0.0,0.0,0.0,0.0
Horseradish Sauce,105.0,1.3,8.6,6.5,0.0
Knorr Soupe Liquide Mouliné de Légumes Variés 1L,26.0,0.8,4.0,0.5,1.0
KNORR Soupe Liquide Poule Vermicelles 1L,27.0,1.4,3.2,0.9,0.5
Pago ananas,46.0,0.5,11.0,0.5,0.0
Hi Goat - Goat's Milk Powder,504.0,11.0,60.0,26.0,0.0
Arroz cigala,353.0,6.0,78.6,1.0,0.0
Velouté de poireaux pommes de terre,34.0,1.0,3.8,1.4,1.1
6 plain Folded Flatbreads,233.0,7.56,41.6,3.33,10.0
Crème fluide à 30% de matières grasses.,302.0,2.3,3.3,31.0,0.0
Lays Classics Salted 20rs,554.0,7.0,51.7,35.5,0.0
Original Philadelphia XL,225.0,5.4,4.3,21.0,0.0
Novellini,461.0,6.7,72.5,15.6,0.0
Jus Pomme nature,44.0,0.0,11.0,0.0,0.5
Danette crème dessert noir extra,127.0,3.7,19.0,3.7,0.0
Part Baked Baguettes,295.0,8.9,59.8,1.3,4.2
Sage & onion stuffing mix,137.0,3.5,28.5,0.5,2.1
Jamón pavo finas lonchas,85.0,14.0,1.5,2.5,0.0
Tropical Fruits Granola,429.0,9.7,65.9,12.5,6.9
Ultimate black daal,130.0,6.8,13.0,4.9,3.9
Coconut & Chia Oat Biscuits imp,450.0,8.9,60.3,17.2,8.7
Pindakaas Stukjes Pinda,646.6666667000001,19.33333333,22.66666667,54.66666667,6.666666667
Nuggets de pollo,230.0,10.4,16.6,13.4,0.8
Filet de thon au naturel,91.0,21.1,0.0,0.6,0.0
Country Potatoes aux herbes,145.0,2.5,21.0,5.0,3.0
Piratki Filet z Kurczaka,104.0,22.0,1.7,1.0,0.0
Тунквана вафла с какаова глазура,482.0,3.7,63.0,23.0,0.0
Mighty malties,368.0,10.0,73.0,1.8,10.0
Superseed soft suite farmhouse,303.0,11.9,37.9,10.3,5.6
velouté de potiron et châtaigne,29.0,0.5,4.8,0.6,1.4
the pock ing the Servic 5:00pm Mondays to RELATION,0.0,0.0,0.0,0.0,0.0
Martinel Pate,319.0,11.0,1.0,30.0,0.0
Wholegrain Rice with Quinoa,154.0,3.8,26.9,2.9,2.5
Yogurt bifidus natural,158.0,6.0,9.1,10.3,0.0
creamed coconut,675.0,7.0,8.0,67.0,0.0
Tartines croustillantes au seigle et sésame,373.0,11.0,61.0,6.3,14.0
Tomato Purre,98.0,4.7,15.7,0.5,3.6
Sauce pesto verde bocal de 190g,342.0,4.8,4.3,34.0,2.1
CréXy,455.0,4.4,65.85,19.3,0.0
Qualita Oro,0.0,0.1,0.0,0.0,0.0
Lindahls Kvarg Stracciatella with Chocolate Pieces,60.0,10.0,4.13,0.4,0.0
Sucre de fleur de coco bio,382.0,1.4680000000000002,93.195,0.25,1.7
Carrefour Sensation Kefir Lait Demi-Écrémé Fermenté,45.0,3.6,3.9,1.6,0.5
Roasted red peppers in brine and vinegar,29.0,0.0,6.0,0.3,0.9
Halta,302.0,0.6,12.0,27.9,0.0
Pains au lait,362.0,9.4,56.0,12.0,0.0
Mustar de masa,97.0,4.0,9.0,5.0,0.0
Nescafé spécial filtre,0.0,0.0,0.0,0.0,0.0
Escalope Cordon Bleu de qualité supérieure,244.0,18.0,11.0,14.0,1.5
Thins Cheddar & Pepper,414.0,12.9,71.4,7.14,0.0
Reduced fat coconut milk,80.0,0.7,2.0,7.7,0.1
baxters vegetarian lentil and vegetable soup,42.0,2.0,7.3,0.2,1.2
Leader Chips,545.0,5.3,45.0,37.0,0.0
Amandes grillees,633.0,28.0,5.1,53.0,12.0
Ebly L'original,135.0,4.7,27.0,0.5,2.2
Véritable cassoulet de Castelnaudary,151.0,11.0,10.0,7.6,0.0
All Natural Nut Bar,518.0,16.0,37.0,32.0,9.0
Gianduja Noir Éclats de Noisettes,586.0,9.2,37.0,44.0,4.0
MINI FRUIT BARS,300.0,0.0,60.0,0.0,10.0
Jibi “Fraise pops”,66.0,2.9,10.0,1.5,0.0
85% cacao collection,542.0,11.0,22.0,43.0,0.0
Nachos Tex-Mex,514.0,5.4,57.0,28.0,5.4
Pane proteico,227.0,18.0,14.0,8.6,8.8
Special coconut rice,168.0,3.5,28.3,4.2,1.2
Organic Peruvian 70% cocoa dark chocolate,584.0,9.1,35.0,43.0,9.3
Budino Proteico Cioccolato XXL,76.0,10.0,5.2,1.5,0.3
Amlou à base d’Arachide,0.0,0.0,0.0,0.0,0.0
Alvalle Gazpacho bio 75 cl,36.0,0.9,3.9,1.5,1.2
"Saumon, duo de guinoa et orge, purée aux légumes verts, sauce vierge à la framboise",152.0,8.1,8.2,9.1,2.8
Pistachios Roasted & Salted,605.0,26.5,10.3,49.2,7.6
Chocolat 100% République Dominicaine,646.0,10.0,13.0,58.0,16.0
Garlic mayo,655.0,2.2,2.8,70.3,0.0
laïko,0.0,0.0,0.0,0.0,0.0
Salt And Vinegar Flavour Peanuts,615.0,29.0,7.4,50.0,8.4
shela,0.0,0.0,0.0,0.0,0.0
Sabroz Arroz Basmati,164.0,3.9,31.0,2.2,1.6
Nando's. Sweet Chilli Jam MEDIUM,137.0,0.6,32.0,0.3,0.0
merendina double choco 36g,409.0,4.4,54.0,20.0,0.0
NESTLE DESSERT Pâte à tartiner 590g,544.0,6.5,53.0,33.0,3.0
Almond Flour Crackers,500.0,10.0,56.7,30.0,6.67
Salted British Butter,744.0,0.6,0.6,82.2,0.0
Rye & Wheat Sourdough,221.0,5.9,44.8,1.0,4.9
Yeo kefir raspberry,79.0,4.2,11.3,1.9,0.0
Persian-Style Quinona &amp; Lentils,176.0,6.7,29.0,2.8,4.9
100 per cent plant alternative to dairy double cream,292.0,0.6,2.3,31.0,0.0
Pz sce tom cuis nat 425g f12,58.0,1.5,7.9,2.0,1.3
fat reduced cocoa powder,309.0,24.0,13.0,11.0,31.0
All Butter Shortbread Fingers,515.0,5.6,60.0,27.6,2.2
Red kidney beans in water,79.0,7.5,13.0,0.6,6.0
Dattes Deglet Nour,283.0,1.8,64.7,0.4,7.3
كوكا كولا 1 لتر,42.0,0.0,10.6,0.0,0.0
La madelein coeur chocolat,420.0,5.0999999046326,53.0,22.0,1.3
Strong Wholemeal Bread Flour,344.0,12.7,63.9,2.2,9.0
Tortilla Wraps Carrot,290.0,10.0,48.0,4.9,6.0
50G RICOLA CASSIS,237.0,0.0,97.0,0.0,0.0
Crema Pan di Stelle,533.0,7.3,53.1,31.2,0.0
NOIR 80% Cacao Equateur,577.0,11.0,27.0,44.0,14.0
Raspberry Coconut Yog,92.0,0.7,11.0,4.7,1.0
Guet Apens,513.0,5.1,59.0,28.0,3.6
le moelleux,113.0,6.8,11.0,4.6,0.0
Le croustillant chocolat noir & fruits rouges,434.0,10.0,62.0,14.0,10.0
Miel d’acacia,0.0,0.0,0.0,0.0,0.0
Amora Moutarde Fine & Forte Flacon Souple 460g,145.0,7.7,2.7,10.0,3.8
